date,key,item,category,role,price,ma7,ma30,chg_1d,chg_30d,month
2025-09-10,baechu,배추,채소류,국·김치,7033.0,,,,,9
2025-09-11,baechu,배추,채소류,국·김치,7021.0,,,-0.17062420019906543,,9
2025-09-12,baechu,배추,채소류,국·김치,7015.0,7023.0,,-0.08545791197834829,,9
2025-09-15,baechu,배추,채소류,국·김치,6336.0,6851.25,,-9.679258731290098,,9
2025-09-16,baechu,배추,채소류,국·김치,6206.0,6722.2,,-2.0517676767676796,,9
2025-09-17,baechu,배추,채소류,국·김치,6097.0,6618.0,,-1.7563648082500771,,9
2025-09-18,baechu,배추,채소류,국·김치,6375.0,6583.285714285715,,4.559619484992616,,9
2025-09-19,baechu,배추,채소류,국·김치,6320.0,6481.428571428572,,-0.8627450980392193,,9
2025-09-22,baechu,배추,채소류,국·김치,6129.0,6354.0,,-3.022151898734182,,9
2025-09-23,baechu,배추,채소류,국·김치,6064.0,6218.142857142857,6459.6,-1.0605318975362987,,9
2025-09-24,baechu,배추,채소류,국·김치,6139.0,6190.0,6430.454545454545,1.2368073878628039,,9
2025-09-25,baechu,배추,채소류,국·김치,6035.0,6165.571428571428,6397.5,-1.694086984850951,,9
2025-09-26,baechu,배추,채소류,국·김치,6074.0,6162.285714285715,6372.615384615385,0.6462303231151711,,9
2025-09-29,baechu,배추,채소류,국·김치,6104.0,6123.571428571428,6353.428571428572,0.4939084622983314,,9
2025-09-30,baechu,배추,채소류,국·김치,6094.0,6091.285714285715,6336.133333333333,-0.163826998689387,,9
2025-10-01,baechu,배추,채소류,국·김치,6208.0,6102.571428571428,6328.125,1.8706924844108963,,10
2025-10-02,baechu,배추,채소류,국·김치,6265.0,6131.285714285715,6324.411764705882,0.9181701030927858,,10
2025-10-03,baechu,배추,채소류,국·김치,6488.5,6181.214285714285,6333.527777777777,3.5674381484437356,,10
2025-10-06,baechu,배추,채소류,국·김치,6712.0,6277.928571428572,6353.4473684210525,3.4445557524851678,,10
2025-10-07,baechu,배추,채소류,국·김치,6935.5,6401.0,6382.55,3.329856972586409,,10
2025-10-10,baechu,배추,채소류,국·김치,7606.0,6615.571428571428,6440.809523809524,9.667651935693167,,10
2025-10-13,baechu,배추,채소류,국·김치,6791.0,6715.142857142857,6456.727272727273,-10.715224822508551,,10
2025-10-14,baechu,배추,채소류,국·김치,6556.0,6764.857142857143,6461.04347826087,-3.460462376675011,,10
2025-10-15,baechu,배추,채소류,국·김치,6422.0,6787.285714285715,6459.416666666667,-2.0439292251372754,,10
2025-10-16,baechu,배추,채소류,국·김치,5908.0,6704.357142857143,6437.36,-8.003737153534729,,10
2025-10-17,baechu,배추,채소류,국·김치,5783.0,6571.642857142857,6412.192307692308,-2.1157752200406277,,10
2025-10-20,baechu,배추,채소류,국·김치,5724.0,6398.571428571428,6386.7037037037035,-1.020231713643438,,10
2025-10-21,baechu,배추,채소류,국·김치,5661.0,6120.714285714285,6360.785714285715,-1.1006289308176154,,10
2025-10-22,baechu,배추,채소류,국·김치,5599.0,5950.428571428572,6334.517241379311,-1.0952128599187372,,10
2025-10-23,baechu,배추,채소류,국·김치,5581.0,5811.142857142857,6309.4,-0.32148597963922443,,10
2025-10-24,baechu,배추,채소류,국·김치,5575.0,5690.142857142857,6260.8,-0.10750761512273721,-20.730840324185984,10
2025-10-27,baechu,배추,채소류,국·김치,5432.0,5622.142857142857,6207.833333333333,-2.5650224215246653,-22.632103688933203,10
2025-10-28,baechu,배추,채소류,국·김치,5456.0,5575.428571428572,6155.866666666667,0.44182621502208974,-22.223806129722025,10
2025-10-29,baechu,배추,채소류,국·김치,5311.0,5516.428571428572,6121.7,-2.6576246334310882,-16.177398989898993,10
2025-10-30,baechu,배추,채소류,국·김치,4040.0,5284.857142857143,6049.5,-23.931463001318022,-34.90170802449243,10
2025-10-31,baechu,배추,채소류,국·김치,4015.0,5058.571428571428,5980.1,-0.6188118811881194,-34.14794161062817,10
2025-11-03,baechu,배추,채소류,국·김치,3986.0,4830.714285714285,5900.466666666666,-0.7222914072229192,-37.47450980392158,11
2025-11-04,baechu,배추,채소류,국·김치,3991.0,4604.428571428572,5822.833333333333,0.12543903662820544,-36.851265822784804,11
2025-11-05,baechu,배추,채소류,국·김치,3957.0,4393.714285714285,5750.433333333333,-0.8519168128288679,-35.43808125305923,11
2025-11-06,baechu,배추,채소류,국·김치,3438.0,4105.428571428572,5662.9,-13.115996967399546,-43.3047493403694,11
2025-11-07,baechu,배추,채소류,국·김치,3517.0,3849.1428571428573,5575.5,2.29784758580569,-42.71053917576152,11
2025-11-10,baechu,배추,채소류,국·김치,3550.0,3779.1428571428573,5492.666666666667,0.9382996872334459,-41.17647058823529,11
2025-11-11,baechu,배추,채소류,국·김치,3506.0,3706.4285714285716,5407.066666666667,-1.2394366197183149,-42.27856437273625,11
2025-11-12,baechu,배추,채소류,국·김치,3447.0,3629.4285714285716,5318.5,-1.682829435253852,-43.52883355176933,11
2025-11-13,baechu,배추,채소류,국·김치,3392.0,3543.8571428571427,5228.433333333333,-1.595590368436317,-44.338693797177555,11
2025-11-14,baechu,배추,채소류,국·김치,3369.0,3459.8571428571427,5133.8,-0.6780660377358472,-45.73131443298969,11
2025-11-17,baechu,배추,채소류,국·김치,3064.0,3406.4285714285716,5027.1,-9.053131493024635,-51.09337589784517,11
2025-11-18,baechu,배추,채소류,국·김치,3380.0,3386.8571428571427,4923.483333333334,10.313315926892951,-47.9078369422825,11
2025-11-19,baechu,배추,채소류,국·김치,3438.0,3370.8571428571427,4814.35,1.7159763313609577,-48.778307508939214,11
2025-11-20,baechu,배추,채소류,국·김치,3675.0,3395.0,4705.666666666667,6.893542757417093,-47.011751135462475,11
2025-11-21,baechu,배추,채소류,국·김치,3720.0,3434.0,4576.133333333333,1.2244897959183598,-51.09124375493032,11
2025-11-24,baechu,배추,채소류,국·김치,3788.0,3490.5714285714284,4476.033333333334,1.8279569892473146,-44.22029156236194,11
2025-11-25,baechu,배추,채소류,국·김치,3799.0,3552.0,4384.133333333333,0.29039070749736773,-42.053081147040885,11
2025-11-26,baechu,배추,채소류,국·김치,3848.0,3664.0,4298.333333333333,1.2898131087128117,-40.08097165991903,11
2025-11-27,baechu,배추,채소류,국·김치,4249.0,3788.1428571428573,4243.033333333334,10.420997920997932,-28.08056872037915,11
2025-11-28,baechu,배추,채소류,국·김치,4288.0,3909.5714285714284,4193.2,0.9178630265944898,-25.85163409994813,11
2025-12-01,baechu,배추,채소류,국·김치,4378.0,4010.0,4148.333333333333,2.0988805970149294,-23.515024458420687,12
2025-12-02,baechu,배추,채소류,국·김치,4602.0,4136.0,4113.033333333334,5.116491548652347,-18.706942236353996,12
2025-12-03,baechu,배추,채소류,국·김치,4611.0,4253.571428571428,4080.1,0.19556714471968828,-17.64600821575282,12
2025-12-04,baechu,배추,채소류,국·김치,4750.0,4389.428571428572,4052.4,3.014530470613752,-14.889804694499198,12
2025-12-05,baechu,배추,채소류,국·김치,4703.0,4511.571428571428,4023.3333333333335,-0.989473684210529,-15.641255605381165,12
2025-12-08,baechu,배추,채소류,국·김치,4656.0,4569.714285714285,3997.4666666666667,-0.9993621092919458,-14.28571428571429,12
2025-12-09,baechu,배추,채소류,국·김치,4643.0,4620.428571428572,3970.366666666667,-0.27920962199312616,-14.90102639296188,12
2025-12-10,baechu,배추,채소류,국·김치,4668.0,4661.857142857143,3948.9333333333334,0.538444970923968,-12.10694784409716,12
2025-12-11,baechu,배추,채소류,국·김치,4605.0,4662.285714285715,3967.766666666667,-1.349614395886889,13.985148514851486,12
2025-12-12,baechu,배추,채소류,국·김치,4842.0,4695.285714285715,3995.3333333333335,5.146579804560258,20.597758405977572,12
2025-12-15,baechu,배추,채소류,국·김치,4710.0,4689.571428571428,4019.4666666666667,-2.7261462205700138,18.16357250376317,12
2025-12-16,baechu,배추,채소류,국·김치,4694.0,4688.285714285715,4042.9,-0.3397027600849256,17.61463292407919,12
2025-12-17,baechu,배추,채소류,국·김치,4644.0,4686.571428571428,4065.8,-1.0651896037494724,17.36163760424565,12
2025-12-18,baechu,배추,채소류,국·김치,4964.0,4732.428571428572,4116.666666666667,6.890611541774327,44.38627108784176,12
2025-12-19,baechu,배추,채소류,국·김치,4939.0,4771.142857142857,4164.066666666667,-0.5036261079774396,40.432186522604496,12
2025-12-22,baechu,배추,채소류,국·김치,4946.0,4819.857142857143,4210.6,0.14172909495848707,39.323943661971825,12
2025-12-23,baechu,배추,채소류,국·김치,4916.0,4830.428571428572,4257.6,-0.6065507480792598,40.21677124928693,12
2025-12-24,baechu,배추,채소류,국·김치,4866.0,4852.714285714285,4304.9,-1.0170870626525663,41.1662315056571,12
2025-12-25,baechu,배추,채소류,국·김치,4818.5,4870.5,4352.45,-0.9761611179613605,42.05483490566038,12
2025-12-26,baechu,배추,채소류,국·김치,4771.0,4888.642857142857,4399.183333333333,-0.9857839576631777,41.61472246957554,12
2025-12-29,baechu,배추,채소류,국·김치,4769.0,4860.785714285715,4456.016666666666,-0.04191993292810281,55.64621409921671,12
2025-12-30,baechu,배추,채소류,국·김치,4792.0,4839.785714285715,4503.083333333333,0.4822814007129361,41.77514792899408,12
2025-12-31,baechu,배추,채소류,국·김치,4808.0,4820.071428571428,4548.75,0.33388981636059967,39.84874927283304,12
2026-01-01,baechu,배추,채소류,국·김치,4872.5,4813.857142857143,4588.666666666667,1.3415141430948463,32.58503401360544,1
2026-01-02,baechu,배추,채소류,국·김치,4937.0,4824.0,4629.233333333334,1.32375577219086,32.715053763440864,1
2026-01-05,baechu,배추,채소류,국·김치,5011.0,4851.5,4670.0,1.498885963135499,32.28616684266103,1
2026-01-06,baechu,배추,채소류,국·김치,4965.0,4879.214285714285,4708.866666666667,-0.9179804430253458,30.692287444064227,1
2026-01-07,baechu,배추,채소류,국·김치,4966.0,4907.357142857143,4746.133333333333,0.020140986908367964,29.054054054054056,1
2026-01-08,baechu,배추,채소류,국·김치,4927.0,4926.642857142857,4768.733333333334,-0.7853403141361293,15.956695693104251,1
2026-01-09,baechu,배추,채소류,국·김치,4917.0,4942.214285714285,4789.7,-0.20296326364928063,14.668843283582088,1
2026-01-12,baechu,배추,채소류,국·김치,4899.0,4946.0,4807.066666666667,-0.36607687614399476,11.900411146642309,1
2026-01-13,baechu,배추,채소류,국·김치,4870.0,4936.428571428572,4816.0,-0.5919575423555812,5.823554976097345,1
2026-01-14,baechu,배추,채소류,국·김치,4878.0,4917.428571428572,4824.9,0.1642710472279152,5.790500975927126,1
2026-01-15,baechu,배추,채소류,국·김치,4878.0,4905.0,4829.166666666667,0.0,2.694736842105261,1
2026-01-16,baechu,배추,채소류,국·김치,4876.0,4892.142857142857,4834.933333333333,-0.041000410004099486,3.678503083138418,1
2026-01-19,baechu,배추,채소류,국·김치,4861.0,4882.714285714285,4841.766666666666,-0.3076292042657913,4.402920962199319,1
2026-01-20,baechu,배추,채소류,국·김치,4844.0,4872.285714285715,4848.466666666666,-0.34972227936638234,4.329097566228723,1
2026-01-21,baechu,배추,채소류,국·김치,4844.0,4864.428571428572,4854.333333333333,0.0,3.7703513281919454,1
2026-01-22,baechu,배추,채소류,국·김치,4805.0,4855.142857142857,4861.0,-0.8051197357555773,4.343105320304019,1
2026-01-23,baechu,배추,채소류,국·김치,4823.0,4847.285714285715,4860.366666666667,0.3746097814776306,-0.3923998347790114,1
2026-01-26,baechu,배추,채소류,국·김치,4821.0,4839.142857142857,4864.066666666667,-0.0414679659962669,2.3566878980891826,1
2026-01-27,baechu,배추,채소류,국·김치,4824.0,4831.714285714285,4868.4,0.062227753578092404,2.7694929697486215,1
2026-01-28,baechu,배추,채소류,국·김치,4812.0,4824.714285714285,4874.0,-0.24875621890547706,3.6175710594315236,1
2026-01-29,baechu,배추,채소류,국·김치,4918.0,4835.285714285715,4872.466666666666,2.202826267664171,-0.9266720386784888,1
2026-01-30,baechu,배추,채소류,국·김치,4912.0,4845.0,4871.566666666667,-0.12200081333875179,-0.5466693662684707,1
2026-02-02,baechu,배추,채소류,국·김치,4635.0,4820.714285714285,4861.2,-5.639250814332253,-6.287909421754955,2
2026-02-03,baechu,배추,채소류,국·김치,4637.0,4794.142857142857,4851.9,0.04314994606255951,-5.675345809601307,2
2026-02-04,baechu,배추,채소류,국·김치,4639.0,4768.142857142857,4844.333333333333,0.04313133491482546,-4.665022605836411,2
2026-02-05,baechu,배추,채소류,국·김치,4641.0,4742.0,4838.416666666667,0.04311273981461028,-3.683718999688701,2
2026-02-06,baechu,배추,채소류,국·김치,4634.0,4716.571428571428,4833.85,-0.15082956259426794,-2.8715154055753533,2
2026-02-09,baechu,배추,채소류,국·김치,4739.0,4691.0,4832.85,2.26586102719033,-0.6290626965820945,2
2026-02-10,baechu,배추,채소류,국·김치,4770.0,4670.714285714285,4832.116666666667,0.6541464443975631,-0.45909849749582454,2
2026-02-11,baechu,배추,채소류,국·김치,4776.0,4690.857142857143,4831.05,0.12578616352201255,-0.6655574043261225,2
2026-02-12,baechu,배추,채소류,국·김치,4896.0,4727.857142857143,4831.833333333333,2.5125628140703515,0.48229861467419255,2
2026-02-13,baechu,배추,채소류,국·김치,4900.0,4765.142857142857,4830.6,0.08169934640522847,-0.7494429815677495,2
2026-02-16,baechu,배추,채소류,국·김치,4913.5,4804.071428571428,4827.35,0.2755102040816304,-1.945719417281977,2
2026-02-17,baechu,배추,채소류,국·김치,4927.0,4845.928571428572,4826.083333333333,0.27475323089447556,-0.7653575025176274,2
2026-02-18,baechu,배추,채소류,국·김치,4940.5,4874.714285714285,4825.233333333334,0.2740004059265333,-0.5134917438582409,2
2026-02-19,baechu,배추,채소류,국·김치,4954.0,4901.0,4826.133333333333,0.27325169517256054,0.5480008118530444,2
2026-02-20,baechu,배추,채소류,국·김치,4924.0,4922.142857142857,4826.366666666667,-0.6055712555510739,0.1423632296115418,2
2026-02-23,baechu,배추,채소류,국·김치,5013.0,4938.857142857143,4830.166666666667,1.8074735987002377,2.32700551132885,2
2026-02-24,baechu,배추,채소류,국·김치,5110.0,4968.857142857143,4838.166666666667,1.9349690803909914,4.928131416837789,2
2026-02-25,baechu,배추,채소류,국·김치,5119.0,4998.214285714285,4846.2,0.17612524461838586,4.940549405494066,2
2026-02-26,baechu,배추,채소류,국·김치,5170.0,5032.928571428572,4855.933333333333,0.9962883375659315,5.986059860598614,2
2026-02-27,baechu,배추,채소류,국·김치,5198.0,5069.714285714285,4866.666666666667,0.5415860735009659,6.60377358490567,2
2026-03-02,baechu,배추,채소류,국·김치,5197.0,5104.428571428572,4877.866666666667,-0.019238168526358734,6.912157992182677,3
2026-03-03,baechu,배추,채소류,국·김치,5196.0,5143.285714285715,4889.6,-0.019241870309794074,7.2667217175887755,3
2026-03-04,baechu,배추,채소류,국·김치,5192.0,5168.857142857143,4901.2,-0.07698229407235857,7.184145334434344,3
2026-03-05,baechu,배추,채소류,국·김치,5011.0,5154.714285714285,4908.066666666667,-3.486132511556239,4.287200832466187,3
2026-03-06,baechu,배추,채소류,국·김치,5007.0,5138.714285714285,4914.2,-0.07982438635002476,3.8150528716566434,3
2026-03-09,baechu,배추,채소류,국·김치,4998.0,5114.142857142857,4920.1,-0.17974835230677444,3.6714374611076517,3
2026-03-10,baechu,배추,채소류,국·김치,4966.0,5081.0,4924.833333333333,-0.6402561024409725,2.9436152570480933,3
2026-03-11,baechu,배추,채소류,국·김치,4956.0,5046.571428571428,4929.633333333333,-0.2013693113169568,2.9925187032418865,3
2026-03-12,baechu,배추,채소류,국·김치,4829.0,4994.142857142857,4926.666666666667,-2.562550443906375,-1.809678731191544,3
2026-03-13,baechu,배추,채소류,국·김치,4780.0,4935.285714285715,4922.266666666666,-1.0147028370263045,-2.687296416938112,3
2026-03-16,baechu,배추,채소류,국·김치,4787.0,4903.285714285715,4927.333333333333,0.14644351464434546,3.279395900755122,3
2026-03-17,baechu,배추,채소류,국·김치,4783.0,4871.285714285715,4932.2,-0.08355964069354238,3.148587448781548,3
2026-03-18,baechu,배추,채소류,국·김치,4844.0,4849.285714285715,4939.033333333334,1.2753501986201066,4.419055830998064,3
2026-03-19,baechu,배추,채소류,국·김치,4767.0,4820.857142857143,4943.233333333334,-1.5895953757225412,2.714932126696823,3
2026-03-20,baechu,배추,채소류,국·김치,4747.0,4791.0,4947.0,-0.4195510803440272,2.438498057833405,3
2026-03-23,baechu,배추,채소류,국·김치,4756.0,4780.571428571428,4947.566666666667,0.18959342742785878,0.3587254695083253,3
2026-03-24,baechu,배추,채소류,국·김치,4753.0,4776.714285714285,4947.0,-0.06307821698906535,-0.35639412997903186,3
2026-03-25,baechu,배추,채소류,국·김치,4737.0,4769.571428571428,4945.7,-0.3366294971596906,-0.8165829145728609,3
2026-03-26,baechu,배추,채소류,국·김치,4595.0,4742.714285714285,4935.666666666667,-2.997677855182601,-6.147875816993464,3
2026-03-27,baechu,배추,채소류,국·김치,4593.0,4706.857142857143,4925.433333333333,-0.043525571273117514,-6.265306122448977,3
2026-03-30,baechu,배추,채소류,국·김치,4601.0,4683.142857142857,4915.016666666666,0.17417809710429388,-6.36002849292765,3
2026-03-31,baechu,배추,채소류,국·김치,4592.0,4661.0,4903.85,-0.19560965007606734,-6.7992693322508675,3
2026-04-01,baechu,배추,채소류,국·김치,4560.0,4633.0,4891.166666666667,-0.6968641114982632,-7.701649630604191,4
2026-04-02,baechu,배추,채소류,국·김치,4578.0,4608.0,4878.633333333333,0.39473684210526994,-7.589826402906741,4
2026-04-03,baechu,배추,채소류,국·김치,4573.0,4584.571428571428,4866.933333333333,-0.1092179991262543,-7.128350934199834,4
2026-04-06,baechu,배추,채소류,국·김치,4549.0,4578.0,4851.466666666666,-0.5248195932648136,-9.255934570117697,4
2026-04-07,baechu,배추,채소류,국·김치,4518.0,4567.285714285715,4831.733333333334,-0.6814684546054051,-11.585127201565559,4
2026-04-08,baechu,배추,채소류,국·김치,4497.0,4552.428571428572,4811.0,-0.4648074369189903,-12.150810705215864,4
2026-04-09,baechu,배추,채소류,국·김치,4482.0,4536.714285714285,4788.066666666667,-0.33355570380253496,-13.307543520309473,4
2026-04-10,baechu,배추,채소류,국·김치,4598.0,4542.142857142857,4768.066666666667,2.5881302989736676,-11.542901115813775,4
2026-04-13,baechu,배추,채소류,국·김치,4647.0,4552.0,4749.733333333334,1.0656807307525051,-10.583028670386764,4
2026-04-14,baechu,배추,채소류,국·김치,4642.0,4561.857142857143,4731.266666666666,-0.10759629868732912,-10.662047729022328,4
2026-04-15,baechu,배추,채소류,국·김치,4628.0,4573.142857142857,4712.466666666666,-0.30159414045669575,-10.862865947611711,4
2026-04-16,baechu,배추,채소류,국·김치,4379.0,4553.285714285715,4691.4,-5.380293863439933,-12.612253043304733,4
2026-04-17,baechu,배추,채소류,국·김치,4374.0,4535.714285714285,4670.3,-0.11418131993605751,-12.642300778909533,4
2026-04-20,baechu,배추,채소류,국·김치,4328.0,4513.714285714285,4647.966666666666,-1.0516689529035173,-13.405362144857946,4
2026-04-21,baechu,배추,채소류,국·김치,4276.0,4467.714285714285,4624.966666666666,-1.201478743068396,-13.894482480869918,4
2026-04-22,baechu,배추,채소류,국·김치,4200.0,4403.857142857143,4599.766666666666,-1.7773620205799867,-15.254237288135597,4
2026-04-23,baechu,배추,채소류,국·김치,4144.0,4332.714285714285,4576.933333333333,-1.3333333333333308,-14.185131497204395,4
2026-04-24,baechu,배추,채소류,국·김치,4194.0,4270.714285714285,4557.4,1.2065637065637125,-12.259414225941423,4
2026-04-27,baechu,배추,채소류,국·김치,4251.0,4252.428571428572,4539.533333333334,1.3590844062947083,-11.196991852935035,4
2026-04-28,baechu,배추,채소류,국·김치,4211.0,4229.142857142857,4520.466666666666,-0.9409550693954327,-11.95902153460171,4
2026-04-29,baechu,배추,채소류,국·김치,4187.0,4209.0,4498.566666666667,-0.5699358822132461,-13.563170933113133,4
2026-04-30,baechu,배추,채소류,국·김치,3797.0,4140.571428571428,4466.233333333334,-9.314545020300935,-20.348227396685548,4
2026-05-01,baechu,배추,채소류,국·김치,3681.0,4066.4285714285716,4430.7,-3.0550434553594963,-22.456288182009686,5
2026-05-04,baechu,배추,채소류,국·김치,3565.0,3983.714285714286,4391.0,-3.1513175767454493,-25.042052144659376,5
2026-05-05,baechu,배추,채소류,국·김치,3574.0,3895.1428571428573,4351.7,0.25245441795231915,-24.805386071954562,5
2026-05-06,baechu,배추,채소류,국·김치,3583.0,3799.714285714286,4313.233333333334,0.25181869054280437,-24.36141017521638,5
2026-05-07,baechu,배추,채소류,국·김치,3421.0,3686.8571428571427,4274.1,-4.521350823332404,-25.549510337323177,5
2026-05-08,baechu,배추,채소류,국·김치,3369.0,3570.0,4233.3,-1.5200233849751554,-26.64924885695624,5
2026-05-11,baechu,배추,채소류,국·김치,3433.0,3518.0,4194.366666666667,1.8996734936182813,-25.385785698761143,5
2026-05-12,baechu,배추,채소류,국·김치,3376.0,3474.4285714285716,4153.833333333333,-1.6603553743081867,-26.480836236933804,5
2026-05-13,baechu,배추,채소류,국·김치,3362.0,3445.4285714285716,4113.9,-0.414691943127965,-26.2719298245614,5
2026-05-14,baechu,배추,채소류,국·김치,3275.0,3402.714285714286,4070.4666666666667,-2.587745389649021,-28.462210572302315,5
2026-05-15,baechu,배추,채소류,국·김치,3254.0,3355.714285714286,4026.5,-0.6412213740457973,-28.84321014651213,5
2026-05-18,baechu,배추,채소류,국·김치,3317.0,3340.8571428571427,3985.4333333333334,1.9360786724031964,-27.08287535722137,5
2026-05-19,baechu,배추,채소류,국·김치,3032.0,3292.714285714286,3935.9,-8.592101296352128,-32.89065958388667,5
2026-05-20,baechu,배추,채소류,국·김치,3099.0,3245.0,3889.3,2.2097625329815296,-31.087391594396262,5
2026-05-21,baechu,배추,채소류,국·김치,3312.0,3235.8571428571427,3850.3,6.873184898354312,-26.104417670682732,5
2026-05-22,baechu,배추,채소류,국·김치,3303.0,3227.4285714285716,3807.133333333333,-0.27173913043477826,-28.16441931274467,5
2026-05-25,baechu,배추,채소류,국·김치,3328.5,3235.0714285714284,3763.1833333333334,0.7720254314259822,-28.373143963847646,5
2026-05-26,baechu,배추,채소류,국·김치,3354.0,3249.3571428571427,3720.25,0.7661108607480926,-27.746660922016375,5
2026-05-27,baechu,배추,채소류,국·김치,3333.0,3251.6428571428573,3677.0833333333335,-0.6261180679785316,-27.98184961106309,5
2026-05-28,baechu,배추,채소류,국·김치,3631.0,3337.214285714286,3652.15,8.940894089408946,-17.081525462434342,5
2026-05-29,baechu,배추,채소류,국·김치,3619.0,3411.5,3626.983333333333,-0.3304874690168047,-17.261088248742574,5
2026-06-01,baechu,배추,채소류,국·김치,3643.0,3458.785714285714,3604.15,0.6631666206134312,-15.827171903881698,6
2026-06-02,baechu,배추,채소류,국·김치,3654.0,3508.9285714285716,3583.4166666666665,0.30194894317869814,-14.546304957904589,6
2026-06-03,baechu,배추,채소류,국·김치,3600.5,3547.785714285714,3563.4333333333334,-1.4641488779419842,-14.273809523809522,6
2026-06-04,baechu,배추,채소류,국·김치,3547.0,3575.3571428571427,3543.5333333333333,-1.4859047354534138,-14.40637065637066,6
2026-06-05,baechu,배추,채소류,국·김치,3575.0,3609.9285714285716,3522.9,0.7893994925288972,-14.759179780639009,6
2026-06-08,baechu,배추,채소류,국·김치,3555.0,3599.0714285714284,3499.7,-0.5594405594405605,-16.372618207480592,6
2026-06-09,baechu,배추,채소류,국·김치,3565.0,3591.3571428571427,3478.1666666666665,0.2812939521800173,-15.340774162906678,6
2026-06-10,baechu,배추,채소류,국·김치,3582.0,3582.6428571428573,3458.0,0.4768583450210473,-14.44948650585145,6
2026-06-11,baechu,배추,채소류,국·김치,3635.0,3579.9285714285716,3452.6,1.4796203238414352,-4.266526204898602,6
2026-06-12,baechu,배추,채소류,국·김치,3656.0,3587.8571428571427,3451.766666666667,0.5777166437413994,-0.6791632708503137,6
2026-06-15,baechu,배추,채소류,국·김치,3664.0,3604.5714285714284,3455.0666666666666,0.2188183807439792,2.7769985974754663,6
2026-06-16,baechu,배추,채소류,국·김치,3670.0,3618.1428571428573,3458.266666666667,0.16375545851528006,2.6860660324566243,6
2026-06-17,baechu,배추,채소류,국·김치,3675.0,3635.285714285714,3461.3333333333335,0.13623978201635634,2.5676807144850766,6
2026-06-18,baechu,배추,채소류,국·김치,3783.0,3666.4285714285716,3473.4,2.9387755102040725,10.581701256942422,6
2026-06-19,baechu,배추,채소류,국·김치,3759.0,3691.714285714286,3486.4,-0.6344171292624878,11.576135351736427,6
2026-06-22,baechu,배추,채소류,국·김치,3741.0,3706.8571428571427,3496.6666666666665,-0.47885075818037137,8.971744829595107,6
2026-06-23,baechu,배추,채소류,국·김치,3755.0,3721.0,3509.3,0.37423148890671776,11.226303317535535,6
2026-06-24,baechu,배추,채소류,국·김치,3766.0,3735.5714285714284,3522.766666666667,0.2929427430093279,12.016656751933375,6
2026-06-25,baechu,배추,채소류,국·김치,3819.0,3756.8571428571427,3540.9,1.4073287307488025,16.610687022900763,6
2026-06-26,baechu,배추,채소류,국·김치,3813.0,3776.5714285714284,3559.5333333333333,-0.15710919088767206,17.17885679164106,6
2026-06-29,baechu,배추,채소류,국·김치,3818.0,3781.5714285714284,3576.233333333333,0.1311303435614919,15.104009647271631,6
2026-06-30,baechu,배추,채소류,국·김치,3834.0,3792.285714285714,3602.9666666666667,0.41906757464640343,26.451187335092353,6
2026-07-01,baechu,배추,채소류,국·김치,3822.0,3803.8571428571427,3627.0666666666666,-0.3129890453834161,23.33010648596321,7
2026-07-02,baechu,배추,채소류,국·김치,3608.0,3782.8571428571427,3636.9333333333334,-5.599162742019881,8.937198067632846,7
2026-07-03,baechu,배추,채소류,국·김치,3610.0,3760.5714285714284,3647.1666666666665,0.05543237250553723,9.29458068422646,7
2026-07-06,baechu,배추,채소류,국·김치,3608.0,3730.4285714285716,3656.483333333333,-0.055401662049858746,8.397175905062348,7
2026-07-07,baechu,배추,채소류,국·김치,3606.0,3700.8571428571427,3664.883333333333,-0.05543237250554833,7.513416815742402,7
2026-07-08,baechu,배추,채소류,국·김치,3566.0,3664.8571428571427,3672.65,-1.1092623405435376,6.9906990699069915,7
2026-07-09,baechu,배추,채소류,국·김치,3464.0,3612.0,3667.0833333333335,-2.8603477285473966,-4.5992839438171345,7
2026-07-10,baechu,배추,채소류,국·김치,3479.0,3563.0,3662.4166666666665,0.43302540415703916,-3.868471953578334,7
2026-07-13,baechu,배추,채소류,국·김치,3513.0,3549.4285714285716,3658.0833333333335,0.977292325380863,-3.5684875102937164,7
2026-07-14,baechu,배추,채소류,국·김치,3498.0,3533.4285714285716,3652.883333333333,-0.4269854824935915,-4.269293924466333,7
2026-07-15,baechu,배추,채소류,국·김치,3513.0,3519.8571428571427,3649.9666666666667,0.42881646655230643,-2.4302180252742667,7
2026-07-16,baechu,배추,채소류,국·김치,3531.0,3509.1428571428573,3649.4333333333334,0.5123825789923098,-0.4510854243022222,7
2026-07-17,baechu,배추,채소류,국·김치,3511.0,3501.285714285714,3647.3,-0.5664117813650504,-1.7902097902097958,7
2026-07-20,baechu,배추,채소류,국·김치,3491.0,3505.1428571428573,3645.1666666666665,-0.5696382796923971,-1.8002812939521773,7
2026-07-21,baechu,배추,채소류,국·김치,3519.0,3510.8571428571427,3643.633333333333,0.8020624462904635,-1.2903225806451646,7
2026-07-22,baechu,배추,채소류,국·김치,3546.0,3515.5714285714284,3642.4333333333334,0.7672634271099765,-1.005025125628145,7
2026-07-23,baechu,배추,채소류,국·김치,3792.0,3557.5714285714284,3647.6666666666665,6.937394247038919,4.319119669876215,7
2026-07-24,baechu,배추,채소류,국·김치,3777.0,3595.285714285714,3651.7,-0.39556962025316666,3.3096280087527408,7
2026-07-27,baechu,배추,채소류,국·김치,3798.0,3633.4285714285716,3656.1666666666665,0.5559968228753043,3.657205240174677,7
2026-07-28,baechu,배추,채소류,국·김치,3867.0,3684.285714285714,3662.733333333333,1.8167456556082096,5.367847411444138,7
2026-07-29,baechu,배추,채소류,국·김치,3934.0,3747.5714285714284,3671.366666666667,1.7326092578225927,7.047619047619058,7
2026-07-30,baechu,배추,채소류,국·김치,4018.0,3818.8571428571427,3679.2,2.1352313167259718,6.212001057361882,7
2026-07-31,baechu,배추,채소류,국·김치,4111.0,3899.5714285714284,3690.9333333333334,2.3145843703334945,9.364192604416077,7
2026-08-03,baechu,배추,채소류,국·김치,4130.0,3947.8571428571427,3703.9,0.46217465336901853,10.398289227479275,8
2026-08-04,baechu,배추,채소류,국·김치,4125.0,3997.5714285714284,3716.233333333333,-0.1210653753026647,9.853528628495333,8
2026-08-05,baechu,배추,채소류,국·김치,4169.0,4050.5714285714284,3729.6666666666665,1.0666666666666602,10.701009028146569,8
2026-08-06,baechu,배추,채소류,국·김치,4348.0,4119.285714285715,3747.3,4.293595586471577,13.851793663262635,8
2026-08-07,baechu,배추,채소류,국·김치,4358.0,4179.857142857143,3765.4666666666667,0.22999080036798514,14.293207448203503,8
2026-08-10,baechu,배추,채소류,국·김치,4390.0,4233.0,3784.5333333333333,0.7342817806333279,14.981665793609222,8
2026-08-11,baechu,배추,채소류,국·김치,4492.0,4287.428571428572,3806.4666666666667,2.323462414578592,17.16223265519041,8
2026-08-12,baechu,배추,채소류,국·김치,4512.0,4342.0,3829.4666666666667,0.44523597506678225,18.053375196232334,8
2026-08-13,baechu,배추,채소류,국·김치,4904.0,4453.285714285715,3872.6666666666665,8.687943262411357,35.92017738359201,8
2026-08-14,baechu,배추,채소류,국·김치,4937.0,4563.0,3916.9,0.6729200652528577,36.75900277008311,8
2026-08-17,baechu,배추,채소류,국·김치,4929.0,4646.0,3960.9333333333334,-0.16204172574437736,36.61308203991132,8
2026-08-18,baechu,배추,채소류,국·김치,4921.0,4726.428571428572,4004.766666666667,-0.1623047271251732,36.46699944536882,8
2026-08-19,baechu,배추,채소류,국·김치,4985.0,4811.428571428572,4052.0666666666666,1.3005486689697143,39.792484576556376,8
2026-08-20,baechu,배추,채소류,국·김치,5659.0,4978.142857142857,4125.233333333334,13.520561685055155,63.36605080831408,8
2026-08-21,baechu,배추,채소류,국·김치,5684.0,5145.571428571428,4198.733333333334,0.44177416504682654,63.38028169014085,8
2026-08-24,baechu,배추,채소류,국·김치,5646.0,5251.571428571428,4269.833333333333,-0.6685432793807178,60.71733561058923,8
2026-08-25,baechu,배추,채소류,국·김치,5636.0,5351.428571428572,4341.1,-0.17711654268508514,61.12064036592339,8
2026-08-26,baechu,배추,채소류,국·김치,5625.0,5450.857142857143,4411.5,-0.19517388218595055,60.11955593509821,8
2026-08-27,baechu,배추,채소류,국·김치,5118.0,5479.0,4464.4,-9.013333333333328,44.944774851316915,8
2026-08-28,baechu,배추,채소류,국·김치,5291.0,5522.714285714285,4523.733333333334,3.380226651035567,50.69780689262318,8
2026-08-31,baechu,배추,채소류,국·김치,5278.0,5468.285714285715,4583.3,-0.24570024570024218,51.18877112575193,8
2026-09-01,baechu,배추,채소류,국·김치,5361.0,5422.142857142857,4644.7,1.57256536566881,52.34441602728048,9
2026-09-02,baechu,배추,채소류,국·김치,5423.0,5390.285714285715,4707.266666666666,1.1565006528632793,52.932882120699375,9
2026-09-03,baechu,배추,채소류,국·김치,6125.0,5460.142857142857,4785.033333333334,12.944864466162631,61.52426160337552,9
2026-09-04,baechu,배추,채소류,국·김치,6105.0,5528.714285714285,4862.633333333333,-0.3265306122449019,61.63621922160445,9
2026-09-07,baechu,배추,채소류,국·김치,6117.0,5671.428571428572,4939.933333333333,0.19656019656020263,61.05845181674565,9
2026-09-08,baechu,배추,채소류,국·김치,6155.0,5794.857142857143,5016.2,0.6212195520679975,59.167313162658395,9
2026-09-09,baechu,배추,채소류,국·김치,6141.0,5918.142857142857,5089.766666666666,-0.22745735174655168,56.100660904931374,9
2025-09-10,daepa,대파,채소류,양념,2932.0,,,,,9
2025-09-11,daepa,대파,채소류,양념,3022.0,,,3.069577080491137,,9
2025-09-12,daepa,대파,채소류,양념,2965.0,2973.0,,-1.886168100595631,,9
2025-09-15,daepa,대파,채소류,양념,3084.0,3000.75,,4.013490725126467,,9
2025-09-16,daepa,대파,채소류,양념,3082.0,3017.0,,-0.06485084306095956,,9
2025-09-17,daepa,대파,채소류,양념,3141.0,3037.6666666666665,,1.9143413367942896,,9
2025-09-18,daepa,대파,채소류,양념,3149.0,3053.5714285714284,,0.2546959567016893,,9
2025-09-19,daepa,대파,채소류,양념,3151.0,3084.8571428571427,,0.0635122261035237,,9
2025-09-22,daepa,대파,채소류,양념,3091.0,3094.714285714286,,-1.9041574103459191,,9
2025-09-23,daepa,대파,채소류,양념,3138.0,3119.4285714285716,3075.5,1.5205435134260759,,9
2025-09-24,daepa,대파,채소류,양념,3119.0,3124.4285714285716,3079.4545454545455,-0.6054811982154185,,9
2025-09-25,daepa,대파,채소류,양념,3148.0,3133.8571428571427,3085.1666666666665,0.929785187560106,,9
2025-09-26,daepa,대파,채소류,양념,3155.0,3135.8571428571427,3090.5384615384614,0.22236340533672294,,9
2025-09-29,daepa,대파,채소류,양념,3184.0,3140.8571428571427,3097.214285714286,0.9191759112519904,,9
2025-09-30,daepa,대파,채소류,양념,3180.0,3145.0,3102.733333333333,-0.12562814070351536,,9
2025-10-01,daepa,대파,채소류,양념,3140.0,3152.0,3105.0625,-1.2578616352201255,,10
2025-10-02,daepa,대파,채소류,양념,3094.0,3145.714285714286,3104.4117647058824,-1.4649681528662417,,10
2025-10-03,daepa,대파,채소류,양념,3107.6666666666665,3144.095238095238,3104.5925925925926,0.44171514759749897,,10
2025-10-06,daepa,대파,채소류,양념,3121.3333333333335,3140.285714285714,3105.4736842105262,0.43977260538454743,,10
2025-10-07,daepa,대파,채소류,양념,3135.0,3137.4285714285716,3106.95,0.43784707390004396,,10
2025-10-10,daepa,대파,채소류,양념,3176.0,3136.285714285714,3110.2380952380954,1.3078149920255244,,10
2025-10-13,daepa,대파,채소류,양념,3243.0,3145.285714285714,3116.2727272727275,2.1095717884130893,,10
2025-10-14,daepa,대파,채소류,양념,3282.0,3165.5714285714284,3123.478260869565,1.2025901942645634,,10
2025-10-15,daepa,대파,채소류,양념,3337.0,3200.285714285714,3132.375,1.675807434491161,,10
2025-10-16,daepa,대파,채소류,양념,3460.0,3250.6190476190473,3145.48,3.685945459994011,,10
2025-10-17,daepa,대파,채소류,양념,3364.0,3285.285714285714,3153.8846153846152,-2.774566473988438,,10
2025-10-20,daepa,대파,채소류,양념,3471.0,3333.285714285714,3165.6296296296296,3.1807372175981063,,10
2025-10-21,daepa,대파,채소류,양념,3489.0,3378.0,3177.1785714285716,0.5185825410544576,,10
2025-10-22,daepa,대파,채소류,양념,3449.0,3407.4285714285716,3186.551724137931,-1.1464603038119803,,10
2025-10-23,daepa,대파,채소류,양념,3458.0,3432.5714285714284,3195.6,0.2609452015076785,,10
2025-10-24,daepa,대파,채소류,양념,3322.0,3430.4285714285716,3208.6,-3.9329091960670914,13.301500682128232,10
2025-10-27,daepa,대파,채소류,양념,3408.0,3423.0,3221.4666666666667,2.588801926550266,12.772998014559889,10
2025-10-28,daepa,대파,채소류,양념,3422.0,3431.285714285714,3236.7,0.4107981220657253,15.41315345699832,10
2025-10-29,daepa,대파,채소류,양념,3435.0,3426.1428571428573,3248.4,0.3798947983635337,11.381322957198448,10
2025-10-30,daepa,대파,채소류,양념,2572.0,3295.1428571428573,3231.4,-25.123726346433774,-16.547696301103176,10
2025-10-31,daepa,대파,채소류,양념,2497.0,3159.1428571428573,3209.9333333333334,-2.9160186625194373,-20.503024514485833,10
2025-11-03,daepa,대파,채소류,양념,2845.0,3071.5714285714284,3199.8,13.936724068882667,-9.65385836773579,11
2025-11-04,daepa,대파,채소류,양념,2878.0,3008.1428571428573,3190.7,1.1599297012302223,-8.663916217073941,11
2025-11-05,daepa,대파,채소류,양념,2909.0,2936.8571428571427,3184.633333333333,1.0771369006254305,-5.888062115820125,11
2025-11-06,daepa,대파,채소류,양념,2912.0,2864.0,3177.1,0.1031282227569541,-7.202039515615044,11
2025-11-07,daepa,대파,채소류,양념,2914.0,2789.5714285714284,3170.266666666667,0.06868131868131844,-6.572619429304261,11
2025-11-10,daepa,대파,채소류,양념,2904.0,2837.0,3162.133333333333,-0.34317089910775866,-7.750952986022874,11
2025-11-11,daepa,대파,채소류,양념,2919.0,2897.285714285714,3154.266666666667,0.5165289256198413,-7.480190174326462,11
2025-11-12,daepa,대파,채소류,양념,2916.0,2907.4285714285716,3145.3333333333335,-0.10277492291880241,-8.417085427135673,11
2025-11-13,daepa,대파,채소류,양념,2956.0,2918.5714285714284,3137.866666666667,1.3717421124828544,-7.044025157232703,11
2025-11-14,daepa,대파,채소류,양념,2973.0,2927.714285714286,3132.3,0.5751014884979755,-5.318471337579622,11
2025-11-17,daepa,대파,채소류,양념,2986.0,2938.285714285714,3128.7,0.43726875210226,-3.4906270200387834,11
2025-11-18,daepa,대파,채소류,양념,3018.0,2953.1428571428573,3125.7111111111108,1.0716677829872845,-2.8853373377668134,11
2025-11-19,daepa,대파,채소류,양념,3020.0,2969.714285714286,3122.3333333333335,0.0662690523525411,-3.2464758650149528,11
2025-11-20,daepa,대파,채소류,양념,3252.0,3017.285714285714,3126.233333333333,7.682119205298021,3.732057416267942,11
2025-11-21,daepa,대파,채소류,양념,3253.0,3065.4285714285716,3128.8,0.030750307503080165,2.4244332493702725,11
2025-11-24,daepa,대파,채소류,양념,3398.0,3128.5714285714284,3133.9666666666667,4.457423916384884,4.7795251310514875,11
2025-11-25,daepa,대파,채소류,양념,3388.0,3187.8571428571427,3137.5,-0.2942907592701549,3.229737964655688,11
2025-11-26,daepa,대파,채소류,양념,3384.0,3244.714285714286,3139.0666666666666,-0.11806375442738881,1.4084507042253502,11
2025-11-27,daepa,대파,채소류,양념,3229.0,3274.8571428571427,3131.366666666667,-4.580378250591021,-6.676300578034677,11
2025-11-28,daepa,대파,채소류,양념,3253.0,3308.1428571428573,3127.6666666666665,0.7432641684732122,-3.299643281807374,11
2025-12-01,daepa,대파,채소류,양념,3254.0,3308.4285714285716,3120.4333333333334,0.030740854595756595,-6.251800633823102,12
2025-12-02,daepa,대파,채소류,양념,3353.0,3322.714285714286,3115.9,3.0424093423478737,-3.8979650329607374,12
2025-12-03,daepa,대파,채소류,양념,3364.0,3317.8571428571427,3113.0666666666666,0.32806441992245805,-2.464482458683681,12
2025-12-04,daepa,대파,채소류,양념,3329.0,3309.4285714285716,3108.766666666667,-1.0404280618311557,-3.7304800462695242,12
2025-12-05,daepa,대파,채소류,양념,3283.0,3295.0,3107.4666666666667,-1.3817963352358076,-1.1739915713425697,12
2025-12-08,daepa,대파,채소류,양념,3237.0,3296.1428571428573,3101.766666666667,-1.401157477916537,-5.0176056338028125,12
2025-12-09,daepa,대파,채소류,양념,3352.0,3310.285714285714,3099.4333333333334,3.552672227371012,-2.045587375803626,12
2025-12-10,daepa,대파,채소류,양념,3420.0,3334.0,3098.9333333333334,2.028639618138417,-0.4366812227074246,12
2025-12-11,daepa,대파,채소류,양념,3568.0,3364.714285714286,3132.133333333333,4.327485380116958,38.724727838258154,12
2025-12-12,daepa,대파,채소류,양념,3631.0,3402.8571428571427,3169.9333333333334,1.7656950672645833,45.41449739687624,12
2025-12-15,daepa,대파,채소류,양념,3788.0,3468.4285714285716,3201.366666666667,4.323877719636471,33.145869947275926,12
2025-12-16,daepa,대파,채소류,양념,3806.0,3543.1428571428573,3232.3,0.47518479408659164,32.244614315496875,12
2025-12-17,daepa,대파,채소류,양념,3783.0,3621.1428571428573,3261.4333333333334,-0.6043089858118744,30.044688896528026,12
2025-12-18,daepa,대파,채소류,양념,3819.0,3687.8571428571427,3291.6666666666665,0.9516256938937317,31.14697802197801,12
2025-12-19,daepa,대파,채소류,양념,3768.0,3737.5714285714284,3320.133333333333,-1.335428122545168,29.30679478380234,12
2025-12-22,daepa,대파,채소류,양념,3778.0,3767.5714285714284,3349.266666666667,0.2653927813163426,30.09641873278237,12
2025-12-23,daepa,대파,채소류,양념,3781.0,3789.0,3378.0,0.0794070937003788,29.530661185337447,12
2025-12-24,daepa,대파,채소류,양념,3793.0,3789.714285714286,3407.233333333333,0.3173763554615183,30.07544581618655,12
2025-12-25,daepa,대파,채소류,양념,3644.5,3766.6428571428573,3430.1833333333334,-3.915106775639332,23.291610284167795,12
2025-12-26,daepa,대파,채소류,양념,3496.0,3725.6428571428573,3447.616666666667,-4.074633008643158,17.59165825765221,12
2025-12-29,daepa,대파,채소류,양념,3480.0,3677.214285714286,3464.0833333333335,-0.4576659038901587,16.54387139986604,12
2025-12-30,daepa,대파,채소류,양념,3484.0,3636.6428571428573,3479.616666666667,0.11494252873562871,15.440689198144476,12
2025-12-31,daepa,대파,채소류,양념,3506.0,3597.785714285714,3495.8166666666666,0.6314580941446657,16.09271523178808,12
2026-01-01,daepa,대파,채소류,양념,3537.5,3563.0,3505.3333333333335,0.8984597832287555,8.779212792127922,1
2026-01-02,daepa,대파,채소류,양념,3569.0,3531.0,3515.866666666667,0.8904593639575964,9.71411005225946,1
2026-01-05,daepa,대파,채소류,양념,3547.0,3517.0714285714284,3520.8333333333335,-0.6164191650322226,4.384932313125378,1
2026-01-06,daepa,대파,채소류,양념,3548.0,3524.5,3526.1666666666665,0.028192839018892357,4.722550177095641,1
2026-01-07,daepa,대파,채소류,양념,3545.0,3533.785714285714,3531.5333333333333,-0.08455467869221689,4.757683215130015,1
2026-01-08,daepa,대파,채소류,양념,3246.0,3499.785714285714,3532.1,-8.434414668547252,0.5264787860018494,1
2026-01-09,daepa,대파,채소류,양념,3238.0,3461.5,3531.6,-0.24645717806530687,-0.4611128189363711,1
2026-01-12,daepa,대파,채소류,양념,3225.0,3416.8571428571427,3530.633333333333,-0.4014823965410752,-0.8912108174554345,1
2026-01-13,daepa,대파,채소류,양념,3210.0,3365.5714285714284,3525.866666666667,-0.46511627906976605,-4.264837458991943,1
2026-01-14,daepa,대파,채소류,양념,3233.0,3320.714285714286,3521.5,0.7165109034267925,-3.8941736028537455,1
2026-01-15,daepa,대파,채소류,양념,3204.0,3271.5714285714284,3517.3333333333335,-0.8969996906897593,-3.7548813457494723,1
2026-01-16,daepa,대파,채소류,양념,3146.0,3214.5714285714284,3512.766666666667,-1.8102372034956349,-4.1730124885775215,1
2026-01-19,daepa,대파,채소류,양념,3135.0,3198.714285714286,3509.366666666667,-0.34965034965035446,-3.151065801668207,1
2026-01-20,daepa,대파,채소류,양념,3133.0,3183.714285714286,3502.0666666666666,-0.06379585326953263,-6.5334128878281605,1
2026-01-21,daepa,대파,채소류,양념,3117.0,3168.285714285714,3491.9666666666667,-0.5106926268751977,-8.859649122807022,1
2026-01-22,daepa,대파,채소류,양념,3133.0,3157.285714285714,3477.4666666666667,0.513314084055172,-12.19170403587444,1
2026-01-23,daepa,대파,채소류,양념,3119.0,3141.0,3460.4,-0.44685604851579797,-14.100798678050118,1
2026-01-26,daepa,대파,채소류,양념,3119.0,3128.8571428571427,3438.1,0.0,-17.661034846884903,1
2026-01-27,daepa,대파,채소류,양념,3104.0,3122.8571428571427,3414.7,-0.4809233728759188,-18.4445612191277,1
2026-01-28,daepa,대파,채소류,양념,3087.0,3116.0,3391.5,-0.5476804123711321,-18.398096748612215,1
2026-01-29,daepa,대파,채소류,양념,2929.0,3086.8571428571427,3361.8333333333335,-5.118237771298995,-23.304529981670598,1
2026-01-30,daepa,대파,채소류,양념,2894.0,3055.0,3332.7,-1.1949470809149876,-23.195329087048833,1
2026-02-02,daepa,대파,채소류,양념,2905.0,3022.4285714285716,3303.6,0.38009675190049386,-23.10746426680783,2
2026-02-03,daepa,대파,채소류,양념,2929.0,2995.285714285714,3275.2,0.8261617900172213,-22.53372123776779,2
2026-02-04,daepa,대파,채소류,양념,2909.0,2965.285714285714,3245.733333333333,-0.6828269033799961,-23.306090166095437,2
2026-02-05,daepa,대파,채소류,양념,2942.0,2942.1428571428573,3222.3166666666666,1.1344104503265617,-19.275620798463432,2
2026-02-06,daepa,대파,채소류,양념,2948.0,2922.285714285714,3204.05,0.20394289598912874,-15.675057208237986,2
2026-02-09,daepa,대파,채소류,양념,2975.0,2928.8571428571427,3187.2166666666667,0.915875169606517,-14.511494252873558,2
2026-02-10,daepa,대파,채소류,양념,3004.0,2944.5714285714284,3171.2166666666667,0.9747899159663787,-13.777267508610791,2
2026-02-11,daepa,대파,채소류,양념,2999.0,2958.0,3154.3166666666666,-0.1664447403462055,-14.460924130062747,2
2026-02-12,daepa,대파,채소류,양념,3384.0,3023.0,3149.2,12.837612537512499,-4.339222614840987,2
2026-02-13,daepa,대파,채소류,양념,3363.0,3087.8571428571427,3142.3333333333335,-0.6205673758865271,-5.771924908938075,2
2026-02-16,daepa,대파,채소류,양념,3361.5,3147.785714285714,3136.15,-0.0446030330062408,-5.229771638003944,2
2026-02-17,daepa,대파,채소류,양념,3360.0,3206.6428571428573,3129.883333333333,-0.044622936189198104,-5.29875986471251,2
2026-02-18,daepa,대파,채소류,양념,3358.5,3261.4285714285716,3123.6666666666665,-0.044642857142862535,-5.260930888575455,2
2026-02-19,daepa,대파,채소류,양념,3357.0,3311.8571428571427,3127.366666666667,-0.044662795891026175,3.419593345656202,2
2026-02-20,daepa,대파,채소류,양념,3289.0,3353.285714285714,3129.0666666666666,-2.025618111409,1.5750463248919155,2
2026-02-23,daepa,대파,채소류,양념,3356.0,3349.285714285714,3133.4333333333334,2.0370933414411763,4.062015503875971,2
2026-02-24,daepa,대파,채소류,양념,3366.0,3349.714285714286,3138.633333333333,0.29797377830751426,4.859813084112141,2
2026-02-25,daepa,대파,채소류,양념,3395.0,3354.5,3144.0333333333333,0.8615567439096861,5.010825858335921,2
2026-02-26,daepa,대파,채소류,양념,3065.0,3312.3571428571427,3139.4,-9.720176730486008,-4.338327091136085,2
2026-02-27,daepa,대파,채소류,양념,3041.0,3267.0,3135.9,-0.7830342577487714,-3.3375715193897038,2
2026-03-02,daepa,대파,채소류,양념,3147.5,3237.0714285714284,3136.3166666666666,3.502137454784604,0.3987240829345984,3
2026-03-03,daepa,대파,채소류,양념,3254.0,3232.0714285714284,3140.35,3.3836378077839457,3.8621129907437046,3
2026-03-04,daepa,대파,채소류,양념,3209.0,3211.0714285714284,3143.4166666666665,-1.3829133374308578,2.951555983317289,3
2026-03-05,daepa,대파,채소류,양념,3264.0,3196.5,3147.7833333333333,1.7139295730757231,4.181295882540703,3
2026-03-06,daepa,대파,채소류,양념,3272.0,3178.9285714285716,3152.883333333333,0.2450980392156854,4.905418403334405,3
2026-03-09,daepa,대파,채소류,양념,3272.0,3208.5,3157.983333333333,0.0,4.905418403334405,3
2026-03-10,daepa,대파,채소류,양념,3256.0,3239.214285714286,3163.05,-0.4889975550122272,4.89690721649485,3
2026-03-11,daepa,대파,채소류,양념,3278.0,3257.8571428571427,3169.4166666666665,0.6756756756756799,6.187236799481699,3
2026-03-12,daepa,대파,채소류,양념,3342.0,3270.4285714285716,3183.1833333333334,1.9524100061012906,14.100375554796862,3
2026-03-13,daepa,대파,채소류,양념,3316.0,3285.714285714286,3197.25,-0.7779772591262724,14.581893572909465,3
2026-03-16,daepa,대파,채소류,양념,3329.0,3295.0,3211.383333333333,0.3920386007237653,14.59552495697074,3
2026-03-17,daepa,대파,채소류,양념,3265.0,3294.0,3222.5833333333335,-1.9224992490237347,11.471491976783877,3
2026-03-18,daepa,대파,채소류,양념,3281.0,3295.285714285714,3234.983333333333,0.490045941807038,12.787899621863176,3
2026-03-19,daepa,대파,채소류,양념,3159.0,3281.4285714285716,3242.2166666666667,-3.718378543127099,7.375934738273293,3
2026-03-20,daepa,대파,채소류,양념,3155.0,3263.8571428571427,3249.116666666667,-0.1266223488445739,7.021709633649942,3
2026-03-23,daepa,대파,채소류,양념,3123.0,3232.5714285714284,3254.05,-1.0142630744849446,4.974789915966382,3
2026-03-24,daepa,대파,채소류,양념,3103.0,3202.1428571428573,3257.35,-0.6404098623118748,3.2956058588548665,3
2026-03-25,daepa,대파,채소류,양념,3087.0,3167.5714285714284,3260.2833333333333,-0.5156300354495658,2.934311437145709,3
2026-03-26,daepa,대파,채소류,양념,2784.0,3098.8571428571427,3240.2833333333333,-9.815354713313894,-17.730496453900713,3
2026-03-27,daepa,대파,채소류,양념,2723.0,3019.1428571428573,3218.95,-2.1910919540229834,-19.030627415997625,3
2026-03-30,daepa,대파,채소류,양념,2753.0,2961.1428571428573,3198.6666666666665,1.1017260374586835,-18.102037780752646,3
2026-03-31,daepa,대파,채소류,양념,2744.0,2902.4285714285716,3178.133333333333,-0.326916091536511,-18.333333333333336,3
2026-04-01,daepa,대파,채소류,양념,2637.0,2833.0,3154.0833333333335,-3.8994169096209896,-21.482804823581958,4
2026-04-02,daepa,대파,채소류,양념,2694.0,2774.5714285714284,3131.983333333333,2.1615472127417545,-19.74977658623771,4
2026-04-03,daepa,대파,채소류,양념,2732.0,2723.8571428571427,3113.4166666666665,1.410541945063093,-16.935238674369113,4
2026-04-06,daepa,대파,채소류,양념,2739.0,2717.4285714285716,3092.85,0.25622254758419505,-18.3849821215733,4
2026-04-07,daepa,대파,채소류,양념,2732.0,2718.714285714286,3071.7166666666667,-0.2555677254472477,-18.835412953060015,4
2026-04-08,daepa,대파,채소류,양념,2726.0,2714.8571428571427,3049.4166666666665,-0.21961932650073068,-19.70544918998527,4
2026-04-09,daepa,대파,채소류,양념,2694.0,2707.714285714286,3037.05,-1.1738811445341168,-12.104404567699834,4
2026-04-10,daepa,대파,채소류,양념,2669.0,2712.285714285714,3024.65,-0.9279881217520436,-12.232818151923707,4
2026-04-13,daepa,대파,채소류,양념,2690.0,2711.714285714286,3009.4,0.7868115399025877,-14.535345512311359,4
2026-04-14,daepa,대파,채소류,양념,2699.0,2707.0,2990.9,0.33457249070631967,-17.05593116164721,4
2026-04-15,daepa,대파,채소류,양념,2674.0,2697.714285714286,2973.0666666666666,-0.9262689885142672,-16.671860392645687,4
2026-04-16,daepa,대파,채소류,양념,2496.0,2664.0,2947.4666666666667,-6.65669409124906,-23.529411764705888,4
2026-04-17,daepa,대파,채소류,양념,2511.0,2633.285714285714,2922.1,0.6009615384615419,-23.257946210268955,4
2026-04-20,daepa,대파,채소류,양념,2591.0,2618.5714285714284,2899.4,3.185981680605332,-20.81295843520783,4
2026-04-21,daepa,대파,채소류,양념,2586.0,2606.714285714286,2877.0666666666666,-0.1929756850636788,-20.577395577395574,4
2026-04-22,daepa,대파,채소류,양념,2566.0,2589.0,2853.3333333333335,-0.7733952049497339,-21.72056131787675,4
2026-04-23,daepa,대파,채소류,양념,2372.0,2542.285714285714,2821.0,-7.560405300077944,-29.02453620586475,4
2026-04-24,daepa,대파,채소류,양념,2303.0,2489.285714285714,2787.233333333333,-2.908937605396289,-30.548854041013275,4
2026-04-27,daepa,대파,채소류,양념,2327.0,2465.1428571428573,2753.8333333333335,1.042118975249684,-30.099128867527792,4
2026-04-28,daepa,대파,채소류,양념,2330.0,2439.285714285714,2722.6666666666665,0.12892135797164528,-28.637059724349157,4
2026-04-29,daepa,대파,채소류,양념,2358.0,2406.0,2691.9,1.2017167381974225,-28.131667174641873,4
2026-04-30,daepa,대파,채소류,양념,2434.0,2384.285714285714,2667.733333333333,3.2230703986429132,-22.95030072807851,4
2026-05-01,daepa,대파,채소류,양념,2409.5,2361.9285714285716,2642.883333333333,-1.0065735414954813,-23.629160063391442,5
2026-05-04,daepa,대파,채소류,양념,2385.0,2363.785714285714,2618.2833333333333,-1.0168084664868182,-23.63112391930836,5
2026-05-05,daepa,대파,채소류,양념,2385.5,2375.5714285714284,2594.366666666667,0.020964360587005793,-23.12278440219143,5
2026-05-06,daepa,대파,채소류,양념,2386.0,2384.0,2571.0,0.020959966464051405,-22.708130871396182,5
2026-05-07,daepa,대파,채소류,양념,2611.0,2424.1428571428573,2565.233333333333,9.430008382229671,-6.214080459770111,5
2026-05-08,daepa,대파,채소류,양념,2669.0,2468.5714285714284,2563.4333333333334,2.2213711221754195,-1.9831068674256325,5
2026-05-11,daepa,대파,채소류,양념,2567.0,2487.5714285714284,2557.233333333333,-3.821656050955413,-6.756265891754454,5
2026-05-12,daepa,대파,채소류,양념,2573.0,2510.9285714285716,2551.5333333333333,0.23373587845734178,-6.2317784256559765,5
2026-05-13,daepa,대파,채소류,양념,2600.0,2541.6428571428573,2550.3,1.0493587252234704,-1.403109594235874,5
2026-05-14,daepa,대파,채소류,양념,2629.0,2576.4285714285716,2548.133333333333,1.115384615384607,-2.4127691165553133,5
2026-05-15,daepa,대파,채소류,양념,2655.0,2614.8571428571427,2545.5666666666666,0.9889691898059993,-2.8184480234260567,5
2026-05-18,daepa,대파,채소류,양념,2633.0,2618.0,2542.0333333333333,-0.8286252354049006,-3.8700255567725494,5
2026-05-19,daepa,대파,채소류,양념,2619.0,2610.8571428571427,2538.266666666667,-0.5317128750474742,-4.1361639824304515,5
2026-05-20,daepa,대파,채소류,양념,2632.0,2620.1428571428573,2535.133333333333,0.49637266132112057,-3.4482758620689613,5
2026-05-21,daepa,대파,채소류,양념,2572.0,2620.0,2531.0666666666666,-2.2796352583586588,-4.528582034149964,5
2026-05-22,daepa,대파,채소류,양념,2591.0,2618.714285714286,2528.4666666666667,0.7387247278382691,-2.9224428624953114,5
2026-05-25,daepa,대파,채소류,양념,2650.0,2621.714285714286,2527.133333333333,2.2771130837514475,-1.486988847583648,5
2026-05-26,daepa,대파,채소류,양념,2709.0,2629.4285714285716,2527.4666666666667,2.226415094339629,0.3705075954057113,5
2026-05-27,daepa,대파,채소류,양념,2827.0,2657.1428571428573,2532.5666666666666,4.355850867478783,5.721765145848923,5
2026-05-28,daepa,대파,채소류,양념,2947.0,2704.0,2547.6,4.2447824548991875,18.068910256410263,5
2026-05-29,daepa,대파,채소류,양념,3039.0,2762.1428571428573,2565.2,3.1218187987784196,21.027479091995225,5
2026-06-01,daepa,대파,채소류,양념,2965.0,2818.285714285714,2577.6666666666665,-2.4350115169463615,14.434581242763421,6
2026-06-02,daepa,대파,채소류,양념,3023.0,2880.0,2592.233333333333,1.9561551433389557,16.89868522815159,6
2026-06-03,daepa,대파,채소류,양념,2918.0,2918.285714285714,2603.9666666666667,-3.4733708236850847,13.717848791893994,6
2026-06-04,daepa,대파,채소류,양념,2813.0,2933.1428571428573,2618.6666666666665,-3.598355037697054,18.591905564924115,6
2026-06-05,daepa,대파,채소류,양념,2914.0,2945.5714285714284,2639.0333333333333,3.590472804834688,26.530612244897966,6
2026-06-08,daepa,대파,채소류,양념,3001.0,2953.285714285714,2661.5,2.985586822237485,28.964331757627846,6
2026-06-09,daepa,대파,채소류,양념,2949.0,2940.4285714285716,2682.133333333333,-1.7327557480839695,26.566523605150216,6
2026-06-10,daepa,대파,채소류,양념,2939.0,2936.714285714286,2701.5,-0.3390979993218024,24.639525021204413,6
2026-06-11,daepa,대파,채소류,양념,2758.0,2898.8571428571427,2712.3,-6.158557332425996,13.311421528348388,6
2026-06-12,daepa,대파,채소류,양념,2736.0,2872.8571428571427,2723.1833333333334,-0.797679477882518,13.550529155426428,6
2026-06-15,daepa,대파,채소류,양념,2732.0,2861.285714285714,2734.75,-0.14619883040936088,14.549266247379444,6
2026-06-16,daepa,대파,채소류,양념,2731.0,2835.1428571428573,2746.266666666667,-0.03660322108345326,14.483336826661075,6
2026-06-17,daepa,대파,채소류,양념,2730.0,2796.4285714285716,2757.733333333333,-0.03661662394727205,14.41743503772004,6
2026-06-18,daepa,대파,채소류,양념,2637.0,2751.8571428571427,2758.6,-3.4065934065934056,0.9957870547682823,6
2026-06-19,daepa,대파,채소류,양념,2648.0,2710.285714285714,2757.9,0.4171406901782415,-0.7868115399025877,6
2026-06-22,daepa,대파,채소류,양념,2657.0,2695.8571428571427,2760.9,0.3398791540785595,3.506038176860149,6
2026-06-23,daepa,대파,채소류,양념,2653.0,2684.0,2763.5666666666666,-0.15054572826496138,3.109211037699189,6
2026-06-24,daepa,대파,채소류,양념,2700.0,2679.4285714285716,2766.9,1.7715793441387184,3.8461538461538547,6
2026-06-25,daepa,대파,채소류,양념,2858.0,2697.5714285714284,2774.5333333333333,5.851851851851841,8.710536325599083,6
2026-06-26,daepa,대파,채소류,양념,2867.0,2717.1428571428573,2781.6,0.31490552834150254,7.984934086628992,6
2026-06-29,daepa,대파,채소류,양념,2887.0,2752.8571428571427,2790.0666666666666,0.6975933031042825,9.646790733004185,6
2026-06-30,daepa,대파,채소류,양념,2900.0,2788.8571428571427,2799.4333333333334,0.4502944232767536,10.729285987017946,6
2026-07-01,daepa,대파,채소류,양념,2970.0,2833.5714285714284,2810.7,2.4137931034482696,12.841945288753799,7
2026-07-02,daepa,대파,채소류,양념,2979.0,2880.1428571428573,2824.266666666667,0.3030303030302939,15.824261275272168,7
2026-07-03,daepa,대파,채소류,양념,2971.0,2918.8571428571427,2836.9333333333334,-0.2685464921114433,14.666152064839832,7
2026-07-06,daepa,대파,채소류,양념,3066.0,2948.5714285714284,2850.8,3.1975765735442696,15.69811320754717,7
2026-07-07,daepa,대파,채소류,양념,2928.0,2957.285714285714,2858.1,-4.500978473581219,8.084163898117392,7
2026-07-08,daepa,대파,채소류,양념,2867.0,2954.4285714285716,2859.4333333333334,-2.083333333333337,1.4149274849663884,7
2026-07-09,daepa,대파,채소류,양념,2913.0,2956.285714285714,2858.3,1.6044645971398763,-1.1537156430268092,7
2026-07-10,daepa,대파,채소류,양념,2570.0,2899.1428571428573,2842.6666666666665,-11.774802608994161,-15.432708127673578,7
2026-07-13,daepa,대파,채소류,양념,2893.0,2886.8571428571427,2840.266666666667,12.568093385214008,-2.4283305227655982,7
2026-07-14,daepa,대파,채소류,양념,2910.0,2878.1428571428573,2836.5,0.5876253024541978,-3.738008600727749,7
2026-07-15,daepa,대파,채소류,양념,2881.0,2851.714285714286,2835.266666666667,-0.996563573883158,-1.2679917751884817,7
2026-07-16,daepa,대파,채소류,양념,2793.0,2832.4285714285716,2834.6,-3.054494967025334,-0.7109847138286551,7
2026-07-17,daepa,대파,채소류,양념,2762.0,2817.4285714285716,2829.5333333333333,-1.1099176512710307,-5.216197666437883,7
2026-07-20,daepa,대파,채소류,양념,2731.0,2791.4285714285716,2820.5333333333333,-1.122375090514116,-8.997000999666781,7
2026-07-21,daepa,대파,채소류,양념,2747.0,2816.714285714286,2813.8,0.5858659831563529,-6.849779586300442,7
2026-07-22,daepa,대파,채소류,양념,2779.0,2800.4285714285716,2808.4666666666667,1.1649071714597836,-5.444028581150051,7
2026-07-23,daepa,대파,채소류,양념,2797.0,2784.285714285714,2809.766666666667,0.64771500539762,1.4140681653372011,7
2026-07-24,daepa,대파,채소류,양념,2807.0,2773.714285714286,2812.133333333333,0.3575259206292536,2.595029239766089,7
2026-07-27,daepa,대파,채소류,양념,2790.0,2773.285714285714,2814.0666666666666,-0.6056287851799125,2.1229868228404003,7
2026-07-28,daepa,대파,채소류,양념,2799.0,2778.5714285714284,2816.3333333333335,0.3225806451612856,2.4899304284144996,7
2026-07-29,daepa,대파,채소류,양념,2796.0,2787.8571428571427,2818.5333333333333,-0.1071811361200381,2.417582417582409,7
2026-07-30,daepa,대파,채소류,양념,2752.0,2788.5714285714284,2822.366666666667,-1.573676680972813,4.361016306408794,7
2026-07-31,daepa,대파,채소류,양념,2773.0,2787.714285714286,2826.5333333333333,0.7630813953488413,4.720543806646527,7
2026-08-03,daepa,대파,채소류,양념,2960.0,2811.0,2836.633333333333,6.743598990263244,11.403838916070752,8
2026-08-04,daepa,대파,채소류,양념,2975.0,2835.0,2847.366666666667,0.5067567567567544,12.137203166226907,8
2026-08-05,daepa,대파,채소류,양념,3009.0,2866.285714285714,2857.6666666666665,1.1428571428571344,11.444444444444436,8
2026-08-06,daepa,대파,채소류,양념,3113.0,2911.1428571428573,2866.1666666666665,3.456297773346617,8.922323303009104,8
2026-08-07,daepa,대파,채소류,양념,3129.0,2958.714285714286,2874.9,0.5139736588499755,9.138472270666199,8
2026-08-10,daepa,대파,채소류,양념,3097.0,3008.0,2881.9,-1.022690955576866,7.27398683754763,8
2026-08-11,daepa,대파,채소류,양념,3092.0,3053.5714285714284,2888.3,-0.16144656118824985,6.620689655172418,8
2026-08-12,daepa,대파,채소류,양념,3125.0,3077.1428571428573,2893.4666666666667,1.0672703751616996,5.218855218855212,8
2026-08-13,daepa,대파,채소류,양념,3119.0,3097.714285714286,2898.133333333333,-0.19200000000000328,4.699563611950319,8
2026-08-14,daepa,대파,채소류,양념,3088.0,3109.0,2902.0333333333333,-0.9939083039435692,3.9380679905755667,8
2026-08-17,daepa,대파,채소류,양념,3090.5,3105.785714285714,2902.85,0.08095854922278711,0.7990867579908745,8
2026-08-18,daepa,대파,채소류,양념,3093.0,3100.6428571428573,2908.35,0.08089305937550861,5.635245901639352,8
2026-08-19,daepa,대파,채소류,양념,3119.0,3103.785714285714,2916.75,0.8406078241189885,8.789675619114057,8
2026-08-20,daepa,대파,채소류,양념,3056.0,3098.6428571428573,2921.516666666667,-2.01987816607887,4.909028492962575,8
2026-08-21,daepa,대파,채소류,양념,3050.0,3087.9285714285716,2937.516666666667,-0.19633507853402676,18.67704280155642,8
2026-08-24,daepa,대파,채소류,양념,3046.0,3077.5,2942.616666666667,-0.1311475409836116,5.288627722087802,8
2026-08-25,daepa,대파,채소류,양념,3054.0,3072.6428571428573,2947.4166666666665,0.26263952724885353,4.948453608247427,8
2026-08-26,daepa,대파,채소류,양념,3044.0,3066.0,2952.85,-0.3274394237066103,5.657757723012846,8
2026-08-27,daepa,대파,채소류,양념,3011.0,3054.285714285714,2960.116666666667,-1.0840998685939573,7.805227354099542,8
2026-08-28,daepa,대파,채소류,양념,2990.0,3035.8571428571427,2967.7166666666667,-0.6974427100631009,8.254887762490949,8
2026-08-31,daepa,대파,채소류,양념,2994.0,3027.0,2976.483333333333,0.13377926421405117,9.630172098132551,8
2026-09-01,daepa,대파,채소류,양념,3007.0,3020.8571428571427,2985.15,0.4342017368069495,9.464870768110668,9
2026-09-02,daepa,대파,채소류,양념,3002.0,3014.5714285714284,2992.5833333333335,-0.16627868307282911,8.024469233537236,9
2026-09-03,daepa,대파,채소류,양념,2648.0,2956.5714285714284,2987.616666666667,-11.792138574283806,-5.327136217375761,9
2026-09-04,daepa,대파,채소류,양념,2655.0,2901.0,2982.55,0.26435045317221295,-5.415033843961526,9
2026-09-07,daepa,대파,채소류,양념,2642.0,2848.285714285714,2977.616666666667,-0.48964218455743724,-5.3046594982078865,9
2026-09-08,daepa,대파,채소류,양념,2650.0,2799.714285714286,2972.65,0.3028009084027339,-5.323329760628792,9
2026-09-09,daepa,대파,채소류,양념,2649.0,2750.4285714285716,2967.75,-0.037735849056608206,-5.257510729613735,9
2026-09-10,daepa,대파,채소류,양념,2644.0,2698.5714285714284,2964.15,-0.18875047187617566,-3.9244186046511587,9
2025-09-10,gamja,감자,식량작물,면·밥,422.0,,,,,9
2025-09-11,gamja,감자,식량작물,면·밥,337.0,,,-20.14218009478673,,9
2025-09-12,gamja,감자,식량작물,면·밥,326.0,361.6666666666667,,-3.264094955489616,,9
2025-09-15,gamja,감자,식량작물,면·밥,363.0,362.0,,11.349693251533743,,9
2025-09-16,gamja,감자,식량작물,면·밥,371.0,363.8,,2.203856749311295,,9
2025-09-17,gamja,감자,식량작물,면·밥,368.0,364.5,,-0.8086253369272267,,9
2025-09-18,gamja,감자,식량작물,면·밥,372.0,365.57142857142856,,1.0869565217391353,,9
2025-09-19,gamja,감자,식량작물,면·밥,365.0,357.42857142857144,,-1.8817204301075252,,9
2025-09-22,gamja,감자,식량작물,면·밥,360.0,360.7142857142857,,-1.3698630136986356,,9
2025-09-23,gamja,감자,식량작물,면·밥,372.0,367.2857142857143,365.6,3.3333333333333437,,9
2025-09-24,gamja,감자,식량작물,면·밥,373.0,368.7142857142857,366.27272727272725,0.26881720430107503,,9
2025-09-25,gamja,감자,식량작물,면·밥,371.0,368.7142857142857,366.6666666666667,-0.536193029490617,,9
2025-09-26,gamja,감자,식량작물,면·밥,361.0,367.7142857142857,366.2307692307692,-2.695417789757415,,9
2025-09-29,gamja,감자,식량작물,면·밥,378.0,368.57142857142856,367.07142857142856,4.709141274238227,,9
2025-09-30,gamja,감자,식량작물,면·밥,373.0,369.7142857142857,367.46666666666664,-1.3227513227513255,,9
2025-10-01,gamja,감자,식량작물,면·밥,372.0,371.42857142857144,367.75,-0.2680965147453085,,10
2025-10-02,gamja,감자,식량작물,면·밥,373.0,371.57142857142856,368.05882352941177,0.26881720430107503,,10
2025-10-03,gamja,감자,식량작물,면·밥,375.0,371.85714285714283,368.44444444444446,0.536193029490617,,10
2025-10-06,gamja,감자,식량작물,면·밥,377.0,372.7142857142857,368.89473684210526,0.5333333333333412,,10
2025-10-07,gamja,감자,식량작물,면·밥,379.0,375.2857142857143,369.4,0.5305039787798504,,10
2025-10-10,gamja,감자,식량작물,면·밥,385.0,376.2857142857143,370.14285714285717,1.58311345646438,,10
2025-10-13,gamja,감자,식량작물,면·밥,396.0,379.57142857142856,371.3181818181818,2.857142857142847,,10
2025-10-14,gamja,감자,식량작물,면·밥,404.0,384.14285714285717,372.7391304347826,2.020202020202011,,10
2025-10-15,gamja,감자,식량작물,면·밥,402.0,388.2857142857143,373.9583333333333,-0.4950495049504955,,10
2025-10-16,gamja,감자,식량작물,면·밥,389.0,390.2857142857143,374.56,-3.233830845771146,,10
2025-10-17,gamja,감자,식량작물,면·밥,364.0,388.42857142857144,374.15384615384613,-6.426735218508995,,10
2025-10-20,gamja,감자,식량작물,면·밥,365.0,386.42857142857144,373.81481481481484,0.27472527472527375,,10
2025-10-21,gamja,감자,식량작물,면·밥,362.0,383.14285714285717,373.39285714285717,-0.8219178082191747,,10
2025-10-22,gamja,감자,식량작물,면·밥,363.0,378.42857142857144,373.0344827586207,0.2762430939226457,,10
2025-10-23,gamja,감자,식량작물,면·밥,354.0,371.2857142857143,372.4,-2.4793388429752095,,10
2025-10-24,gamja,감자,식량작물,면·밥,355.0,364.57142857142856,370.1666666666667,0.28248587570620654,-15.876777251184837,10
2025-10-27,gamja,감자,식량작물,면·밥,355.0,359.7142857142857,370.76666666666665,0.0,5.341246290801194,10
2025-10-28,gamja,감자,식량작물,면·밥,356.0,358.57142857142856,371.76666666666665,0.28169014084507005,9.202453987730053,10
2025-10-29,gamja,감자,식량작물,면·밥,359.0,357.7142857142857,371.6333333333333,0.8426966292134797,-1.1019283746556474,10
2025-10-30,gamja,감자,식량작물,면·밥,359.0,357.2857142857143,371.23333333333335,0.0,-3.2345013477088957,10
2025-10-31,gamja,감자,식량작물,면·밥,364.0,357.42857142857144,371.1,1.392757660167132,-1.0869565217391353,10
2025-11-03,gamja,감자,식량작물,면·밥,363.0,358.7142857142857,370.8,-0.27472527472527375,-2.4193548387096753,11
2025-11-04,gamja,감자,식량작물,면·밥,369.0,360.7142857142857,370.93333333333334,1.6528925619834656,1.0958904109588996,11
2025-11-05,gamja,감자,식량작물,면·밥,366.0,362.2857142857143,371.1333333333333,-0.8130081300813052,1.6666666666666607,11
2025-11-06,gamja,감자,식량작물,면·밥,358.0,362.57142857142856,370.6666666666667,-2.1857923497267784,-3.7634408602150504,11
2025-11-07,gamja,감자,식량작물,면·밥,359.0,362.57142857142856,370.2,0.27932960893854997,-3.753351206434319,11
2025-11-10,gamja,감자,식량작물,면·밥,357.0,362.2857142857143,369.73333333333335,-0.5571030640668551,-3.7735849056603765,11
2025-11-11,gamja,감자,식량작물,면·밥,359.0,361.57142857142856,369.6666666666667,0.5602240896358524,-0.5540166204986097,11
2025-11-12,gamja,감자,식량작물,면·밥,359.0,361.0,369.03333333333336,0.0,-5.026455026455023,11
2025-11-13,gamja,감자,식량작물,면·밥,379.0,362.42857142857144,369.23333333333335,5.571030640668528,1.608579088471851,11
2025-11-14,gamja,감자,식량작물,면·밥,383.0,364.85714285714283,369.6,1.055408970976246,2.9569892473118253,11
2025-11-17,gamja,감자,식량작물,면·밥,387.0,369.0,370.06666666666666,1.0443864229765065,3.753351206434319,11
2025-11-18,gamja,감자,식량작물,면·밥,387.0,373.0,370.46666666666664,0.0,3.200000000000003,11
2025-11-19,gamja,감자,식량작물,면·밥,388.0,377.42857142857144,370.8333333333333,0.25839793281654533,2.917771883289122,11
2025-11-20,gamja,감자,식량작물,면·밥,393.0,382.2857142857143,371.3,1.2886597938144284,3.693931398416894,11
2025-11-21,gamja,감자,식량작물,면·밥,393.0,387.14285714285717,371.56666666666666,0.0,2.0779220779220786,11
2025-11-24,gamja,감자,식량작물,면·밥,394.0,389.2857142857143,371.5,0.2544529262086481,-0.5050505050505083,11
2025-11-25,gamja,감자,식량작물,면·밥,395.0,391.0,371.2,0.2538071065989911,-2.2277227722772297,11
2025-11-26,gamja,감자,식량작물,면·밥,395.0,392.14285714285717,370.96666666666664,0.0,-1.741293532338306,11
2025-11-27,gamja,감자,식량작물,면·밥,394.0,393.14285714285717,371.1333333333333,-0.25316455696202667,1.285347043701801,11
2025-11-28,gamja,감자,식량작물,면·밥,394.0,394.0,372.1333333333333,0.0,8.241758241758234,11
2025-12-01,gamja,감자,식량작물,면·밥,392.0,393.85714285714283,373.03333333333336,-0.5076142131979711,7.397260273972606,12
2025-12-02,gamja,감자,식량작물,면·밥,395.0,394.14285714285717,374.1333333333333,0.7653061224489832,9.116022099447507,12
2025-12-03,gamja,감자,식량작물,면·밥,395.0,394.2857142857143,375.2,0.0,8.81542699724518,12
2025-12-04,gamja,감자,식량작물,면·밥,407.0,396.0,376.96666666666664,3.037974683544298,14.971751412429368,12
2025-12-05,gamja,감자,식량작물,면·밥,406.0,397.57142857142856,378.6666666666667,-0.24570024570024218,14.366197183098596,12
2025-12-08,gamja,감자,식량작물,면·밥,405.0,399.14285714285717,380.3333333333333,-0.24630541871921707,14.084507042253524,12
2025-12-09,gamja,감자,식량작물,면·밥,406.0,400.85714285714283,382.0,0.24691358024691024,14.04494382022472,12
2025-12-10,gamja,감자,식량작물,면·밥,411.0,403.57142857142856,383.73333333333335,1.2315270935960632,14.484679665738165,12
2025-12-11,gamja,감자,식량작물,면·밥,415.0,406.42857142857144,385.6,0.9732360097323589,15.598885793871876,12
2025-12-12,gamja,감자,식량작물,면·밥,414.0,409.14285714285717,387.26666666666665,-0.24096385542168308,13.736263736263732,12
2025-12-15,gamja,감자,식량작물,면·밥,413.0,410.0,388.93333333333334,-0.24154589371980784,13.774104683195599,12
2025-12-16,gamja,감자,식량작물,면·밥,414.0,411.14285714285717,390.43333333333334,0.2421307506053294,12.195121951219523,12
2025-12-17,gamja,감자,식량작물,면·밥,414.0,412.42857142857144,392.03333333333336,0.0,13.114754098360649,12
2025-12-18,gamja,감자,식량작물,면·밥,387.0,409.7142857142857,393.0,-6.521739130434778,8.100558659217882,12
2025-12-19,gamja,감자,식량작물,면·밥,382.0,405.57142857142856,393.76666666666665,-1.2919896640826822,6.406685236768794,12
2025-12-22,gamja,감자,식량작물,면·밥,382.0,400.85714285714283,394.6,0.0,7.002801120448177,12
2025-12-23,gamja,감자,식량작물,면·밥,384.0,396.57142857142856,395.43333333333334,0.5235602094240788,6.9637883008356605,12
2025-12-24,gamja,감자,식량작물,면·밥,384.0,392.42857142857144,396.26666666666665,0.0,6.9637883008356605,12
2025-12-25,gamja,감자,식량작물,면·밥,386.5,388.5,396.51666666666665,0.6510416666666741,1.978891820580464,12
2025-12-26,gamja,감자,식량작물,면·밥,389.0,384.92857142857144,396.71666666666664,0.6468305304010435,1.5665796344647598,12
2025-12-29,gamja,감자,식량작물,면·밥,389.0,385.2142857142857,396.78333333333336,0.0,0.5167958656330685,12
2025-12-30,gamja,감자,식량작물,면·밥,389.0,386.2142857142857,396.85,0.0,0.5167958656330685,12
2025-12-31,gamja,감자,식량작물,면·밥,397.0,388.35714285714283,397.15,2.0565552699228773,2.319587628865971,12
2026-01-01,gamja,감자,식량작물,면·밥,386.0,388.64285714285717,396.9166666666667,-2.7707808564231717,-1.781170483460559,1
2026-01-02,gamja,감자,식량작물,면·밥,375.0,387.35714285714283,396.31666666666666,-2.849740932642486,-4.580152671755721,1
2026-01-05,gamja,감자,식량작물,면·밥,376.0,385.85714285714283,395.71666666666664,0.2666666666666595,-4.5685279187817285,1
2026-01-06,gamja,감자,식량작물,면·밥,376.0,384.0,395.0833333333333,0.0,-4.810126582278484,1
2026-01-07,gamja,감자,식량작물,면·밥,377.0,382.2857142857143,394.48333333333335,0.26595744680850686,-4.556962025316458,1
2026-01-08,gamja,감자,식량작물,면·밥,372.0,379.85714285714283,393.75,-1.326259946949604,-5.58375634517766,1
2026-01-09,gamja,감자,식량작물,면·밥,375.0,376.7142857142857,393.1166666666667,0.8064516129032251,-4.822335025380708,1
2026-01-12,gamja,감자,식량작물,면·밥,378.0,375.57142857142856,392.65,0.8000000000000007,-3.57142857142857,1
2026-01-13,gamja,감자,식량작물,면·밥,378.0,376.0,392.0833333333333,0.0,-4.303797468354431,1
2026-01-14,gamja,감자,식량작물,면·밥,380.0,376.57142857142856,391.5833333333333,0.5291005291005346,-3.797468354430378,1
2026-01-15,gamja,감자,식량작물,면·밥,372.0,376.0,390.4166666666667,-2.1052631578947323,-8.5995085995086,1
2026-01-16,gamja,감자,식량작물,면·밥,374.0,375.57142857142856,389.35,0.5376344086021501,-7.881773399014779,1
2026-01-19,gamja,감자,식량작물,면·밥,372.0,375.57142857142856,388.25,-0.5347593582887722,-8.148148148148149,1
2026-01-20,gamja,감자,식량작물,면·밥,362.0,373.7142857142857,386.78333333333336,-2.6881720430107503,-10.837438423645319,1
2026-01-21,gamja,감자,식량작물,면·밥,365.0,371.85714285714283,385.25,0.8287292817679592,-11.192214111922139,1
2026-01-22,gamja,감자,식량작물,면·밥,379.0,372.0,384.05,3.835616438356171,-8.674698795180724,1
2026-01-23,gamja,감자,식량작물,면·밥,385.0,372.7142857142857,383.0833333333333,1.58311345646438,-7.0048309178743935,1
2026-01-26,gamja,감자,식량작물,면·밥,383.0,374.2857142857143,382.0833333333333,-0.5194805194805197,-7.263922518159804,1
2026-01-27,gamja,감자,식량작물,면·밥,383.0,375.57142857142856,381.05,0.0,-7.487922705314009,1
2026-01-28,gamja,감자,식량작물,면·밥,385.0,377.42857142857144,380.0833333333333,0.5221932114882533,-7.0048309178743935,1
2026-01-29,gamja,감자,식량작물,면·밥,393.0,381.85714285714283,380.28333333333336,2.0779220779220786,1.5503875968992276,1
2026-01-30,gamja,감자,식량작물,면·밥,390.0,385.42857142857144,380.55,-0.7633587786259555,2.0942408376963373,1
2026-02-02,gamja,감자,식량작물,면·밥,386.0,386.42857142857144,380.68333333333334,-1.025641025641022,1.0471204188481575,2
2026-02-03,gamja,감자,식량작물,면·밥,389.0,387.0,380.85,0.7772020725388629,1.302083333333326,2
2026-02-04,gamja,감자,식량작물,면·밥,395.0,388.7142857142857,381.21666666666664,1.5424164524421524,2.864583333333326,2
2026-02-05,gamja,감자,식량작물,면·밥,389.0,389.57142857142856,381.3,-1.518987341772149,0.6468305304010435,2
2026-02-06,gamja,감자,식량작물,면·밥,517.0,408.42857142857144,385.56666666666666,32.90488431876606,32.90488431876606,2
2026-02-09,gamja,감자,식량작물,면·밥,518.0,426.2857142857143,389.8666666666667,0.19342359767891004,33.16195372750643,2
2026-02-10,gamja,감자,식량작물,면·밥,520.0,444.85714285714283,394.23333333333335,0.38610038610038533,33.676092544987156,2
2026-02-11,gamja,감자,식량작물,면·밥,543.0,467.2857142857143,399.1,4.42307692307693,36.77581863979849,2
2026-02-12,gamja,감자,식량작물,면·밥,502.0,483.42857142857144,402.96666666666664,-7.550644567219155,30.051813471502587,2
2026-02-13,gamja,감자,식량작물,면·밥,518.0,501.0,407.73333333333335,3.1872509960159334,38.13333333333333,2
2026-02-16,gamja,감자,식량작물,면·밥,517.5,519.3571428571429,412.45,-0.09652509652510188,37.63297872340425,2
2026-02-17,gamja,감자,식량작물,면·밥,517.0,519.3571428571429,417.15,-0.09661835748792091,37.5,2
2026-02-18,gamja,감자,식량작물,면·밥,516.5,519.1428571428571,421.8,-0.09671179883945502,37.0026525198939,2
2026-02-19,gamja,감자,식량작물,면·밥,516.0,518.5714285714286,426.6,-0.09680542110358514,38.70967741935485,2
2026-02-20,gamja,감자,식량작물,면·밥,518.0,515.0,431.3666666666667,0.3875968992248069,38.13333333333333,2
2026-02-23,gamja,감자,식량작물,면·밥,512.0,516.4285714285714,435.8333333333333,-1.158301158301156,35.44973544973544,2
2026-02-24,gamja,감자,식량작물,면·밥,510.0,515.2857142857143,440.23333333333335,-0.390625,34.92063492063493,2
2026-02-25,gamja,감자,식량작물,면·밥,516.0,515.0714285714286,444.76666666666665,1.17647058823529,35.78947368421053,2
2026-02-26,gamja,감자,식량작물,면·밥,526.0,516.3571428571429,449.9,1.9379844961240345,41.3978494623656,2
2026-02-27,gamja,감자,식량작물,면·밥,531.0,518.4285714285714,455.1333333333333,0.9505703422053147,41.97860962566844,2
2026-03-02,gamja,감자,식량작물,면·밥,527.0,520.0,460.3,-0.7532956685499026,41.66666666666667,3
2026-03-03,gamja,감자,식량작물,면·밥,523.0,520.7142857142857,465.6666666666667,-0.7590132827324458,44.475138121546955,3
2026-03-04,gamja,감자,식량작물,면·밥,526.0,522.7142857142857,471.03333333333336,0.5736137667303964,44.1095890410959,3
2026-03-05,gamja,감자,식량작물,면·밥,552.0,528.7142857142857,476.8,4.94296577946769,45.646437994722966,3
2026-03-06,gamja,감자,식량작물,면·밥,556.0,534.4285714285714,482.5,0.7246376811594235,44.41558441558442,3
2026-03-09,gamja,감자,식량작물,면·밥,561.0,539.4285714285714,488.43333333333334,0.8992805755395628,46.47519582245432,3
2026-03-10,gamja,감자,식량작물,면·밥,561.0,543.7142857142857,494.3666666666667,0.0,46.47519582245432,3
2026-03-11,gamja,감자,식량작물,면·밥,558.0,548.1428571428571,500.1333333333333,-0.5347593582887722,44.935064935064936,3
2026-03-12,gamja,감자,식량작물,면·밥,558.0,553.1428571428571,505.6333333333333,0.0,41.984732824427475,3
2026-03-13,gamja,감자,식량작물,면·밥,559.0,557.8571428571429,511.26666666666665,0.17921146953405742,43.333333333333336,3
2026-03-16,gamja,감자,식량작물,면·밥,576.0,561.2857142857143,517.6,3.0411449016100267,49.22279792746114,3
2026-03-17,gamja,감자,식량작물,면·밥,576.0,564.1428571428571,523.8333333333334,0.0,48.0719794344473,3
2026-03-18,gamja,감자,식량작물,면·밥,572.0,565.7142857142857,529.7333333333333,-0.694444444444442,44.81012658227848,3
2026-03-19,gamja,감자,식량작물,면·밥,555.0,564.8571428571429,535.2666666666667,-2.9720279720279685,42.673521850899746,3
2026-03-20,gamja,감자,식량작물,면·밥,553.0,564.1428571428571,536.4666666666667,-0.3603603603603567,6.963249516441006,3
2026-03-23,gamja,감자,식량작물,면·밥,565.0,565.1428571428571,538.0333333333333,2.169981916817365,9.073359073359066,3
2026-03-24,gamja,감자,식량작물,면·밥,565.0,566.0,539.5333333333333,0.0,8.653846153846146,3
2026-03-25,gamja,감자,식량작물,면·밥,565.0,564.4285714285714,540.2666666666667,0.0,4.051565377532218,3
2026-03-26,gamja,감자,식량작물,면·밥,559.0,562.0,542.1666666666666,-1.0619469026548645,11.354581673306763,3
2026-03-27,gamja,감자,식량작물,면·밥,559.0,560.1428571428571,543.5333333333333,0.0,7.91505791505791,3
2026-03-30,gamja,감자,식량작물,면·밥,568.0,562.0,545.2166666666667,1.610017889087656,9.758454106280201,3
2026-03-31,gamja,감자,식량작물,면·밥,573.0,564.8571428571429,547.0833333333334,0.8802816901408494,10.831721470019339,3
2026-04-01,gamja,감자,식량작물,면·밥,593.0,568.8571428571429,549.6333333333333,3.4904013961605695,14.811229428848005,4
2026-04-02,gamja,감자,식량작물,면·밥,575.0,570.2857142857143,551.6,-3.0354131534570006,11.43410852713178,4
2026-04-03,gamja,감자,식량작물,면·밥,571.0,571.1428571428571,553.3666666666667,-0.6956521739130417,10.231660231660221,4
2026-04-06,gamja,감자,식량작물,면·밥,565.0,572.0,555.1333333333333,-1.0507880910682998,10.3515625,4
2026-04-07,gamja,감자,식량작물,면·밥,585.0,575.7142857142857,557.6333333333333,3.539823008849563,14.705882352941169,4
2026-04-08,gamja,감자,식량작물,면·밥,582.0,577.7142857142857,559.8333333333334,-0.512820512820511,12.790697674418606,4
2026-04-09,gamja,감자,식량작물,면·밥,573.0,577.7142857142857,561.4,-1.546391752577314,8.935361216730042,4
2026-04-10,gamja,감자,식량작물,면·밥,569.0,574.2857142857143,562.6666666666666,-0.6980802792321161,7.1563088512241135,4
2026-04-13,gamja,감자,식량작물,면·밥,569.0,573.4285714285714,564.0666666666667,0.0,7.969639468690692,4
2026-04-14,gamja,감자,식량작물,면·밥,578.0,574.4285714285714,565.9,1.5817223198594021,10.516252390057357,4
2026-04-15,gamja,감자,식량작물,면·밥,582.0,576.8571428571429,567.7666666666667,0.6920415224913601,10.646387832699622,4
2026-04-16,gamja,감자,식량작물,면·밥,588.0,577.2857142857143,568.9666666666667,1.0309278350515427,6.521739130434789,4
2026-04-17,gamja,감자,식량작물,면·밥,555.0,573.4285714285714,568.9333333333333,-5.612244897959185,-0.17985611510791255,4
2026-04-20,gamja,감자,식량작물,면·밥,596.0,576.7142857142857,570.1,7.3873873873873785,6.238859180035661,4
2026-04-21,gamja,감자,식량작물,면·밥,605.0,581.8571428571429,571.5666666666667,1.5100671140939603,7.843137254901955,4
2026-04-22,gamja,감자,식량작물,면·밥,596.0,585.7142857142857,572.8333333333334,-1.4876033057851235,6.810035842293916,4
2026-04-23,gamja,감자,식량작물,면·밥,590.0,587.4285714285714,573.9,-1.0067114093959773,5.7347670250896154,4
2026-04-24,gamja,감자,식량작물,면·밥,588.0,588.2857142857143,574.8666666666667,-0.3389830508474523,5.187835420393561,4
2026-04-27,gamja,감자,식량작물,면·밥,588.0,588.2857142857143,575.2666666666667,0.0,2.083333333333326,4
2026-04-28,gamja,감자,식량작물,면·밥,589.0,593.1428571428571,575.7,0.1700680272108901,2.256944444444442,4
2026-04-29,gamja,감자,식량작물,면·밥,592.0,592.5714285714286,576.3666666666667,0.5093378607809784,3.4965034965035002,4
2026-04-30,gamja,감자,식량작물,면·밥,577.0,588.5714285714286,577.1,-2.533783783783783,3.963963963963968,4
2026-05-01,gamja,감자,식량작물,면·밥,573.0,585.2857142857143,577.7666666666667,-0.6932409012131768,3.616636528028927,5
2026-05-04,gamja,감자,식량작물,면·밥,569.0,582.2857142857143,577.9,-0.6980802792321161,0.707964601769917,5
2026-05-05,gamja,감자,식량작물,면·밥,569.0,579.5714285714286,578.0333333333333,0.0,0.707964601769917,5
2026-05-06,gamja,감자,식량작물,면·밥,569.0,576.8571428571429,578.1666666666666,0.0,0.707964601769917,5
2026-05-07,gamja,감자,식량작물,면·밥,584.0,576.1428571428571,579.0,2.6362038664323295,4.472271914132375,5
2026-05-08,gamja,감자,식량작물,면·밥,584.0,575.0,579.8333333333334,0.0,4.472271914132375,5
2026-05-11,gamja,감자,식량작물,면·밥,584.0,576.0,580.3666666666667,0.0,2.8169014084507005,5
2026-05-12,gamja,감자,식량작물,면·밥,612.0,581.5714285714286,581.6666666666666,4.794520547945202,6.806282722513091,5
2026-05-13,gamja,감자,식량작물,면·밥,608.0,587.1428571428571,582.1666666666666,-0.6535947712418277,2.5295109612141653,5
2026-05-14,gamja,감자,식량작물,면·밥,597.0,591.1428571428571,582.9,-1.8092105263157854,3.826086956521735,5
2026-05-15,gamja,감자,식량작물,면·밥,576.0,592.1428571428571,583.0666666666667,-3.5175879396984966,0.8756567425569184,5
2026-05-18,gamja,감자,식량작물,면·밥,550.0,587.2857142857143,582.5666666666667,-4.513888888888884,-2.6548672566371723,5
2026-05-19,gamja,감자,식량작물,면·밥,541.0,581.1428571428571,581.1,-1.6363636363636358,-7.521367521367517,5
2026-05-20,gamja,감자,식량작물,면·밥,535.0,574.1428571428571,579.5333333333333,-1.1090573012939031,-8.075601374570452,5
2026-05-21,gamja,감자,식량작물,면·밥,519.0,560.8571428571429,577.7333333333333,-2.990654205607479,-9.424083769633507,5
2026-05-22,gamja,감자,식량작물,면·밥,500.0,545.4285714285714,575.4333333333333,-3.6608863198458574,-12.126537785588754,5
2026-05-25,gamja,감자,식량작물,면·밥,499.0,531.4285714285714,573.1,-0.20000000000000018,-12.302284710017574,5
2026-05-26,gamja,감자,식량작물,면·밥,498.0,520.2857142857143,570.4333333333333,-0.2004008016032066,-13.84083044982699,5
2026-05-27,gamja,감자,식량작물,면·밥,492.0,512.0,567.4333333333333,-1.2048192771084376,-15.463917525773196,5
2026-05-28,gamja,감자,식량작물,면·밥,481.0,503.42857142857144,563.8666666666667,-2.2357723577235755,-18.19727891156463,5
2026-05-29,gamja,감자,식량작물,면·밥,481.0,495.7142857142857,561.4,0.0,-13.33333333333333,5
2026-06-01,gamja,감자,식량작물,면·밥,498.0,492.7142857142857,558.1333333333333,3.534303534303529,-16.442953020134233,6
2026-06-02,gamja,감자,식량작물,면·밥,496.0,492.14285714285717,554.5,-0.40160642570281624,-18.016528925619834,6
2026-06-03,gamja,감자,식량작물,면·밥,462.5,486.92857142857144,550.05,-6.7540322580645125,-22.399328859060407,6
2026-06-04,gamja,감자,식량작물,면·밥,429.0,477.07142857142856,544.6833333333333,-7.243243243243247,-27.288135593220343,6
2026-06-05,gamja,감자,식량작물,면·밥,420.0,466.7857142857143,539.0833333333334,-2.0979020979020935,-28.57142857142857,6
2026-06-08,gamja,감자,식량작물,면·밥,427.0,459.07142857142856,533.7166666666667,1.6666666666666607,-27.380952380952383,6
2026-06-09,gamja,감자,식량작물,면·밥,420.0,450.35714285714283,528.0833333333334,-1.6393442622950838,-28.692699490662143,6
2026-06-10,gamja,감자,식량작물,면·밥,416.0,438.64285714285717,522.2166666666667,-0.952380952380949,-29.729729729729726,6
2026-06-11,gamja,감자,식량작물,면·밥,416.0,427.2142857142857,516.85,0.0,-27.902946273830153,6
2026-06-12,gamja,감자,식량작물,면·밥,411.0,419.85714285714283,511.45,-1.2019230769230727,-28.272251308900522,6
2026-06-15,gamja,감자,식량작물,면·밥,409.0,417.0,506.1166666666667,-0.48661800486617945,-28.119507908611595,6
2026-06-16,gamja,감자,식량작물,면·밥,403.0,414.57142857142856,500.5833333333333,-1.4669926650366705,-29.173989455184536,6
2026-06-17,gamja,감자,식량작물,면·밥,368.0,406.14285714285717,493.8833333333333,-8.684863523573206,-35.32513181019332,6
2026-06-18,gamja,감자,식량작물,면·밥,350.0,396.14285714285717,486.0833333333333,-4.891304347826086,-40.06849315068494,6
2026-06-19,gamja,감자,식량작물,면·밥,338.0,385.0,477.8833333333333,-3.4285714285714253,-42.12328767123288,6
2026-06-22,gamja,감자,식량작물,면·밥,320.0,371.2857142857143,469.0833333333333,-5.3254437869822535,-45.205479452054796,6
2026-06-23,gamja,감자,식량작물,면·밥,321.0,358.42857142857144,459.3833333333333,0.31250000000000444,-47.549019607843135,6
2026-06-24,gamja,감자,식량작물,면·밥,316.0,345.14285714285717,449.65,-1.5576323987538943,-48.026315789473685,6
2026-06-25,gamja,감자,식량작물,면·밥,313.0,332.2857142857143,440.18333333333334,-0.9493670886076,-47.571189279731996,6
2026-06-26,gamja,감자,식량작물,면·밥,311.0,324.14285714285717,431.35,-0.6389776357827448,-46.00694444444444,6
2026-06-29,gamja,감자,식량작물,면·밥,308.0,318.14285714285717,423.28333333333336,-0.9646302250803873,-43.99999999999999,6
2026-06-30,gamja,감자,식량작물,면·밥,320.0,315.57142857142856,415.9166666666667,3.8961038961038863,-40.85027726432532,6
2026-07-01,gamja,감자,식량작물,면·밥,317.0,315.14285714285717,408.65,-0.9375000000000022,-40.74766355140187,7
2026-07-02,gamja,감자,식량작물,면·밥,294.0,311.2857142857143,401.15,-7.2555205047318605,-43.35260115606936,7
2026-07-03,gamja,감자,식량작물,면·밥,293.0,308.0,394.25,-0.3401360544217691,-41.400000000000006,7
2026-07-06,gamja,감자,식량작물,면·밥,312.0,307.85714285714283,388.01666666666665,6.484641638225264,-37.474949899799604,7
2026-07-07,gamja,감자,식량작물,면·밥,307.0,307.2857142857143,381.65,-1.602564102564108,-38.35341365461847,7
2026-07-08,gamja,감자,식량작물,면·밥,300.0,306.14285714285717,375.25,-2.28013029315961,-39.02439024390244,7
2026-07-09,gamja,감자,식량작물,면·밥,313.0,305.14285714285717,369.65,4.333333333333322,-34.92723492723493,7
2026-07-10,gamja,감자,식량작물,면·밥,312.0,304.42857142857144,364.01666666666665,-0.31948881789137795,-35.13513513513513,7
2026-07-13,gamja,감자,식량작물,면·밥,315.0,307.42857142857144,357.9166666666667,0.9615384615384581,-36.74698795180723,7
2026-07-14,gamja,감자,식량작물,면·밥,314.0,310.42857142857144,351.85,-0.31746031746031633,-36.693548387096776,7
2026-07-15,gamja,감자,식량작물,면·밥,311.0,310.2857142857143,346.8,-0.9554140127388533,-32.75675675675676,7
2026-07-16,gamja,감자,식량작물,면·밥,321.0,312.2857142857143,343.2,3.2154340836012762,-25.174825174825177,7
2026-07-17,gamja,감자,식량작물,면·밥,315.5,314.5,339.71666666666664,-1.7133956386292781,-24.88095238095238,7
2026-07-20,gamja,감자,식량작물,면·밥,310.0,314.07142857142856,335.81666666666666,-1.7432646592709933,-27.400468384074937,7
2026-07-21,gamja,감자,식량작물,면·밥,312.0,314.07142857142856,332.21666666666664,0.6451612903225712,-25.71428571428571,7
2026-07-22,gamja,감자,식량작물,면·밥,313.0,313.7857142857143,328.78333333333336,0.3205128205128194,-24.759615384615387,7
2026-07-23,gamja,감자,식량작물,면·밥,308.0,312.92857142857144,325.18333333333334,-1.5974440894568676,-25.96153846153846,7
2026-07-24,gamja,감자,식량작물,면·밥,308.0,312.5,321.75,0.0,-25.060827250608277,7
2026-07-27,gamja,감자,식량작물,면·밥,310.0,310.92857142857144,318.45,0.6493506493506551,-24.20537897310513,7
2026-07-28,gamja,감자,식량작물,면·밥,311.0,310.2857142857143,315.3833333333333,0.3225806451612856,-22.828784119106704,7
2026-07-29,gamja,감자,식량작물,면·밥,303.0,309.2857142857143,313.21666666666664,-2.5723472668810254,-17.663043478260864,7
2026-07-30,gamja,감자,식량작물,면·밥,320.0,310.42857142857144,312.21666666666664,5.610561056105601,-8.571428571428575,7
2026-07-31,gamja,감자,식량작물,면·밥,322.0,311.7142857142857,311.68333333333334,0.6250000000000089,-4.7337278106508895,7
2026-08-03,gamja,감자,식량작물,면·밥,332.0,315.14285714285717,312.0833333333333,3.105590062111796,3.750000000000009,8
2026-08-04,gamja,감자,식량작물,면·밥,333.0,318.7142857142857,312.48333333333335,0.3012048192771122,3.738317757009346,8
2026-08-05,gamja,감자,식량작물,면·밥,334.0,322.14285714285717,313.0833333333333,0.30030030030030463,5.696202531645578,8
2026-08-06,gamja,감자,식량작물,면·밥,286.0,318.57142857142856,312.18333333333334,-14.371257485029943,-8.626198083067093,8
2026-08-07,gamja,감자,식량작물,면·밥,282.0,315.57142857142856,311.21666666666664,-1.3986013986013957,-9.324758842443725,8
2026-08-10,gamja,감자,식량작물,면·밥,282.0,310.14285714285717,310.35,0.0,-8.441558441558438,8
2026-08-11,gamja,감자,식량작물,면·밥,283.0,304.57142857142856,309.1166666666667,0.35460992907800915,-11.562499999999998,8
2026-08-12,gamja,감자,식량작물,면·밥,282.0,297.42857142857144,307.95,-0.35335689045936647,-11.041009463722396,8
2026-08-13,gamja,감자,식량작물,면·밥,280.0,289.85714285714283,307.48333333333335,-0.7092198581560294,-4.761904761904767,8
2026-08-14,gamja,감자,식량작물,면·밥,262.0,279.57142857142856,306.45,-6.428571428571428,-10.580204778156999,8
2026-08-17,gamja,감자,식량작물,면·밥,262.5,276.2142857142857,304.8,0.1908396946564972,-15.865384615384615,8
2026-08-18,gamja,감자,식량작물,면·밥,263.0,273.5,303.3333333333333,0.19047619047618536,-14.332247557003253,8
2026-08-19,gamja,감자,식량작물,면·밥,267.0,271.35714285714283,302.23333333333335,1.520912547528508,-10.999999999999998,8
2026-08-20,gamja,감자,식량작물,면·밥,312.0,275.5,302.2,16.85393258426966,-0.31948881789137795,8
2026-08-21,gamja,감자,식량작물,면·밥,316.0,280.35714285714283,302.3333333333333,1.2820512820512775,1.2820512820512775,8
2026-08-24,gamja,감자,식량작물,면·밥,320.0,286.07142857142856,302.5,1.2658227848101333,1.5873015873015817,8
2026-08-25,gamja,감자,식량작물,면·밥,331.0,295.92857142857144,303.06666666666666,3.4375000000000044,5.414012738853513,8
2026-08-26,gamja,감자,식량작물,면·밥,334.0,306.14285714285717,303.8333333333333,0.9063444108761365,7.395498392282951,8
2026-08-27,gamja,감자,식량작물,면·밥,335.0,316.42857142857144,304.3,0.29940119760478723,4.361370716510904,8
2026-08-28,gamja,감자,식량작물,면·밥,339.0,326.7142857142857,305.0833333333333,1.1940298507462588,7.448494453248822,8
2026-08-31,gamja,감자,식량작물,면·밥,340.0,330.7142857142857,306.0833333333333,0.2949852507374562,9.677419354838701,8
2026-09-01,gamja,감자,식량작물,면·밥,340.0,334.14285714285717,307.01666666666665,0.0,8.974358974358964,9
2026-09-02,gamja,감자,식량작물,면·밥,341.0,337.14285714285717,307.95,0.2941176470588225,8.94568690095847,9
2026-09-03,gamja,감자,식량작물,면·밥,318.0,335.2857142857143,308.28333333333336,-6.7448680351906205,3.2467532467532534,9
2026-09-04,gamja,감자,식량작물,면·밥,319.0,333.14285714285717,308.65,0.3144654088050425,3.571428571428581,9
2026-09-07,gamja,감자,식량작물,면·밥,319.0,330.85714285714283,308.95,0.0,2.9032258064516148,9
2026-09-08,gamja,감자,식량작물,면·밥,320.0,328.14285714285717,309.25,0.31347962382444194,2.893890675241151,9
2026-09-09,gamja,감자,식량작물,면·밥,320.0,325.2857142857143,309.81666666666666,0.0,5.610561056105601,9
2025-09-10,goguma,고구마,식량작물,간식,5627.0,,,,,9
2025-09-11,goguma,고구마,식량작물,간식,5333.0,,,-5.224808956815352,,9
2025-09-12,goguma,고구마,식량작물,간식,5293.0,5417.666666666667,,-0.7500468779298664,,9
2025-09-15,goguma,고구마,식량작물,간식,5462.0,5428.75,,3.1928962781031522,,9
2025-09-16,goguma,고구마,식량작물,간식,5481.0,5439.2,,0.3478579274990956,,9
2025-09-17,goguma,고구마,식량작물,간식,5620.0,5469.333333333333,,2.5360335705163273,,9
2025-09-18,goguma,고구마,식량작물,간식,5310.0,5446.571428571428,,-5.516014234875444,,9
2025-09-19,goguma,고구마,식량작물,간식,5243.0,5391.714285714285,,-1.2617702448210921,,9
2025-09-22,goguma,고구마,식량작물,간식,5198.0,5372.428571428572,,-0.8582872401296959,,9
2025-09-23,goguma,고구마,식량작물,간식,5238.0,5364.571428571428,5380.5,0.7695267410542606,,9
2025-09-24,goguma,고구마,식량작물,간식,5240.0,5332.857142857143,5367.727272727273,0.0381825124093238,,9
2025-09-25,goguma,고구마,식량작물,간식,5282.0,5304.428571428572,5360.583333333333,0.8015267175572438,,9
2025-09-26,goguma,고구마,식량작물,간식,5310.0,5260.142857142857,5356.692307692308,0.5301022340022721,,9
2025-09-29,goguma,고구마,식량작물,간식,5398.0,5272.714285714285,5359.642857142857,1.6572504708098013,,9
2025-09-30,goguma,고구마,식량작물,간식,5059.0,5246.428571428572,5339.6,-6.280103742126708,,9
2025-10-01,goguma,고구마,식량작물,간식,4980.0,5215.285714285715,5317.125,-1.5615734334848752,,10
2025-10-02,goguma,고구마,식량작물,간식,4921.0,5170.0,5293.823529411765,-1.1847389558232946,,10
2025-10-03,goguma,고구마,식량작물,간식,4932.166666666667,5126.023809523809,5273.731481481482,0.22691864797128591,,10
2025-10-06,goguma,고구마,식량작물,간식,4943.333333333333,5077.642857142857,5256.3421052631575,0.2264048930490148,,10
2025-10-07,goguma,고구마,식량작물,간식,4954.5,5026.857142857143,5241.25,0.22589345920431825,,10
2025-10-10,goguma,고구마,식량작물,간식,4988.0,4968.285714285715,5229.190476190476,0.6761529922292953,,10
2025-10-13,goguma,고구마,식량작물,간식,5202.0,4988.714285714285,5227.954545454545,4.290296712109054,,10
2025-10-14,goguma,고구마,식량작물,간식,5222.0,5023.285714285715,5227.695652173913,0.3844675124951902,,10
2025-10-15,goguma,고구마,식량작물,간식,5380.0,5088.857142857143,5234.041666666667,3.025660666411345,,10
2025-10-16,goguma,고구마,식량작물,간식,5272.0,5137.4047619047615,5235.56,-2.007434944237918,,10
2025-10-17,goguma,고구마,식량작물,간식,5299.0,5188.214285714285,5238.0,0.5121396054628136,,10
2025-10-20,goguma,고구마,식량작물,간식,5301.0,5237.714285714285,5240.333333333333,0.037742970371779094,,10
2025-10-21,goguma,고구마,식량작물,간식,5290.0,5280.857142857143,5242.107142857143,-0.20750801735521796,,10
2025-10-22,goguma,고구마,식량작물,간식,5290.0,5293.428571428572,5243.758620689655,0.0,,10
2025-10-23,goguma,고구마,식량작물,간식,5582.0,5344.857142857143,5255.033333333334,5.5198487712665445,,10
2025-10-24,goguma,고구마,식량작물,간식,5481.0,5359.285714285715,5250.166666666667,-1.809387316374056,-2.5946330193708955,10
2025-10-27,goguma,고구마,식량작물,간식,5461.0,5386.285714285715,5254.433333333333,-0.36489691662104917,2.40015000937559,10
2025-10-28,goguma,고구마,식량작물,간식,5374.0,5397.0,5257.133333333333,-1.5931148141366092,1.5303230682032876,10
2025-10-29,goguma,고구마,식량작물,간식,5404.0,5411.714285714285,5255.2,0.5582433941198284,-1.0618820944708895,10
2025-10-30,goguma,고구마,식량작물,간식,4060.0,5236.0,5207.833333333333,-24.870466321243523,-25.92592592592593,10
2025-10-31,goguma,고구마,식량작물,간식,4053.0,5059.285714285715,5155.6,-0.17241379310344307,-27.88256227758007,10
2025-11-03,goguma,고구마,식량작물,간식,4212.0,4863.571428571428,5119.0,3.9230199851961522,-20.67796610169491,11
2025-11-04,goguma,고구마,식량작물,간식,4163.0,4675.285714285715,5083.0,-1.163342830009495,-20.598893763112724,11
2025-11-05,goguma,고구마,식량작물,간식,4228.0,4499.142857142857,5050.666666666667,1.561374009128036,-18.661023470565606,11
2025-11-06,goguma,고구마,식량작물,간식,4457.0,4368.142857142857,5024.633333333333,5.416272469252603,-14.910271095838102,11
2025-11-07,goguma,고구마,식량작물,간식,4389.0,4223.142857142857,4996.266666666666,-1.5256899259591616,-16.24045801526718,11
2025-11-10,goguma,고구마,식량작물,간식,4518.0,4288.571428571428,4970.8,2.9391660970608413,-14.464218099204851,11
2025-11-11,goguma,고구마,식량작물,간식,4585.0,4364.571428571428,4946.633333333333,1.482957060646295,-13.653483992467041,11
2025-11-12,goguma,고구마,식량작물,간식,4598.0,4419.714285714285,4919.966666666666,0.28353326063250694,-14.82030381622823,11
2025-11-13,goguma,고구마,식량작물,간식,4812.0,4512.428571428572,4911.733333333334,4.654197477163979,-4.882387823680567,11
2025-11-14,goguma,고구마,식량작물,간식,4752.0,4587.285714285715,4904.133333333333,-1.2468827930174564,-4.578313253012045,11
2025-11-17,goguma,고구마,식량작물,간식,4773.0,4632.428571428572,4899.2,0.4419191919191823,-3.007518796992481,11
2025-11-18,goguma,고구마,식량작물,간식,4818.0,4693.714285714285,4895.394444444445,0.9428032683846732,-2.3147365931132424,11
2025-11-19,goguma,고구마,식량작물,간식,4771.0,4729.857142857143,4889.65,-0.9755085097550853,-3.4861766689143536,11
2025-11-20,goguma,고구마,식량작물,간식,4853.0,4768.142857142857,4886.266666666666,1.7187172500523928,-2.048642648097687,11
2025-11-21,goguma,고구마,식량작물,간식,4866.0,4806.428571428572,4882.2,0.2678755409025291,-2.44587008821171,11
2025-11-24,goguma,고구마,식량작물,간식,4874.0,4815.285714285715,4871.266666666666,0.16440608302508153,-6.305267204921183,11
2025-11-25,goguma,고구마,식량작물,간식,4911.0,4838.0,4860.9,0.7591300779647092,-5.95557257755649,11
2025-11-26,goguma,고구마,식량작물,간식,4911.0,4857.714285714285,4845.266666666666,0.0,-8.717472118959114,11
2025-11-27,goguma,고구마,식량작물,간식,4312.0,4785.428571428572,4813.266666666666,-12.19710853186724,-18.20940819423369,11
2025-11-28,goguma,고구마,식량작물,간식,4333.0,4722.857142857143,4781.066666666667,0.48701298701299134,-18.229854689564075,11
2025-12-01,goguma,고구마,식량작물,간식,4397.0,4657.714285714285,4750.933333333333,1.477036695130396,-17.053386153555937,12
2025-12-02,goguma,고구마,식량작물,간식,4585.0,4617.571428571428,4727.433333333333,4.275642483511488,-13.327032136105865,12
2025-12-03,goguma,고구마,식량작물,간식,4714.0,4594.714285714285,4708.233333333334,2.813522355507092,-10.888468809073725,12
2025-12-04,goguma,고구마,식량작물,간식,4457.0,4529.857142857143,4670.733333333334,-5.451845566397962,-20.154066642780364,12
2025-12-05,goguma,고구마,식량작물,간식,4604.0,4486.0,4641.5,3.2981826340587883,-16.000729793833244,12
2025-12-08,goguma,고구마,식량작물,간식,4751.0,4548.714285714285,4617.833333333333,3.1928757602085245,-13.001281816517118,12
2025-12-09,goguma,고구마,식량작물,간식,4799.0,4615.285714285715,4598.666666666667,1.0103136181856431,-10.699665053963525,12
2025-12-10,goguma,고구마,식량작물,간식,4734.0,4663.428571428572,4576.333333333333,-1.3544488435090596,-12.398223538119913,12
2025-12-11,goguma,고구마,식량작물,간식,4684.0,4677.571428571428,4597.133333333333,-1.056189269117025,15.369458128078817,12
2025-12-12,goguma,고구마,식량작물,간식,4687.0,4673.714285714285,4618.266666666666,0.06404782237403595,15.642733777448804,12
2025-12-15,goguma,고구마,식량작물,간식,4827.0,4726.571428571428,4638.766666666666,2.98698527842971,14.6011396011396,12
2025-12-16,goguma,고구마,식량작물,간식,4787.0,4752.714285714285,4659.566666666667,-0.8286720530350067,14.989190487629124,12
2025-12-17,goguma,고구마,식량작물,간식,4809.0,4761.0,4678.933333333333,0.45957802381448865,13.741721854304645,12
2025-12-18,goguma,고구마,식량작물,간식,4543.0,4724.428571428572,4681.8,-5.5312954876273634,1.929549024007171,12
2025-12-19,goguma,고구마,식량작물,간식,4518.0,4693.571428571428,4686.1,-0.5502971604666507,2.9391660970608413,12
2025-12-22,goguma,고구마,식량작물,간식,4574.0,4677.857142857143,4687.966666666666,1.2394864984506482,1.2394864984506482,12
2025-12-23,goguma,고구마,식량작물,간식,4639.0,4671.0,4689.766666666666,1.4210756449497097,1.1777535441657605,12
2025-12-24,goguma,고구마,식량작물,간식,4912.0,4683.142857142857,4700.233333333334,5.884888984694969,6.82905611135276,12
2025-12-25,goguma,고구마,식량작물,간식,4954.5,4707.071428571428,4704.983333333334,0.8652280130293066,2.9613466334164507,12
2025-12-26,goguma,고구마,식량작물,간식,4997.0,4733.928571428572,4713.15,0.8578060349177408,5.155723905723897,12
2025-12-29,goguma,고구마,식량작물,간식,4997.0,4798.785714285715,4720.616666666667,0.0,4.693065158181442,12
2025-12-30,goguma,고구마,식량작물,간식,5043.0,4873.785714285715,4728.116666666667,0.9205523313988495,4.669987546699872,12
2025-12-31,goguma,고구마,식량작물,간식,4856.0,4914.071428571428,4730.95,-3.708110251834229,1.7815971494445693,12
2026-01-01,goguma,고구마,식량작물,간식,4601.5,4908.714285714285,4722.566666666667,-5.240939044481053,-5.18236142592211,1
2026-01-02,goguma,고구마,식량작물,간식,4347.0,4828.0,4705.266666666666,-5.530805172226449,-10.665844636251542,1
2026-01-05,goguma,고구마,식량작물,간식,4627.0,4781.214285714285,4697.033333333334,6.441223832528187,-5.067706196142796,1
2026-01-06,goguma,고구마,식량작물,간식,4747.0,4745.5,4691.566666666667,2.5934730927166694,-3.3394420688250825,1
2026-01-07,goguma,고구마,식량작물,간식,4938.0,4737.071428571428,4692.466666666666,4.023593848746576,0.5497861942577842,1
2026-01-08,goguma,고구마,식량작물,간식,4575.0,4670.214285714285,4701.233333333334,-7.351154313487241,6.099257884972165,1
2026-01-09,goguma,고구마,식량작물,간식,4584.0,4631.357142857143,4709.6,0.19672131147541183,5.792753288714514,1
2026-01-12,goguma,고구마,식량작물,간식,4616.0,4633.428571428572,4716.9,0.698080279232105,4.980668637707519,1
2026-01-13,goguma,고구마,식량작물,간식,4613.0,4671.428571428572,4717.833333333333,-0.06499133448873984,0.6106870229007688,1
2026-01-14,goguma,고구마,식량작물,간식,4590.0,4666.142857142857,4713.7,-0.49859093865163295,-2.6304624522698328,1
2026-01-15,goguma,고구마,식량작물,간식,4809.0,4675.0,4725.433333333333,4.771241830065365,7.897689028494503,1
2026-01-16,goguma,고구마,식량작물,간식,4598.0,4626.428571428572,4725.233333333334,-4.387606571012681,-0.13032145960034658,1
2026-01-19,goguma,고구마,식량작물,간식,4738.0,4649.714285714285,4724.8,3.0448020878642845,-0.2736266049252811,1
2026-01-20,goguma,고구마,식량작물,간식,4854.0,4688.285714285715,4726.633333333333,2.448290417897847,1.146072098353823,1
2026-01-21,goguma,고구마,식량작물,간식,4949.0,4735.857142857143,4733.8,1.957148743304482,4.541613857203219,1
2026-01-22,goguma,고구마,식량작물,간식,5022.0,4794.285714285715,4745.066666666667,1.4750454637300514,7.216054654141768,1
2026-01-23,goguma,고구마,식량작물,간식,5003.0,4853.285714285715,4755.6,-0.3783353245718879,6.742052485598471,1
2026-01-26,goguma,고구마,식량작물,간식,5118.0,4897.428571428572,4765.3,2.2986208275034947,6.028589185829714,1
2026-01-27,goguma,고구마,식량작물,간식,5159.0,4977.571428571428,4777.7,0.8010941774130531,7.771046584499697,1
2026-01-28,goguma,고구마,식량작물,간식,5243.0,5049.714285714285,4792.166666666667,1.6282225237449044,9.024745269286761,1
2026-01-29,goguma,고구마,식량작물,간식,4887.0,5054.428571428572,4803.633333333333,-6.7900057219149375,7.572088928021126,1
2026-01-30,goguma,고구마,식량작물,간식,4874.0,5043.714285714285,4815.5,-0.266011868221816,7.8795927401505095,1
2026-02-02,goguma,고구마,식량작물,간식,4832.0,5016.571428571428,4824.1,-0.8617152236356174,5.640577175338879,2
2026-02-03,goguma,고구마,식량작물,간식,4857.0,4995.714285714285,4831.366666666667,0.5173841059602724,4.699288639793053,2
2026-02-04,goguma,고구마,식량작물,간식,4778.0,4947.142857142857,4826.9,-1.6265184270125577,-2.7280130293159566,2
2026-02-05,goguma,고구마,식량작물,간식,4664.0,4876.428571428572,4817.216666666666,-2.385935537881956,-5.863356544555454,2
2026-02-06,goguma,고구마,식량작물,간식,4683.0,4796.428571428572,4806.75,0.40737564322470554,-6.2837702621572955,2
2026-02-09,goguma,고구마,식량작물,간식,4810.0,4785.428571428572,4800.516666666666,2.7119367926542903,-3.7422453472083284,2
2026-02-10,goguma,고구마,식량작물,간식,4840.0,4780.571428571428,4793.75,0.6237006237006293,-4.025381717231802,2
2026-02-11,goguma,고구마,식량작물,간식,4998.0,4804.285714285715,4798.483333333334,3.2644628099173456,2.9242174629324547,2
2026-02-12,goguma,고구마,식량작물,간식,5290.0,4866.142857142857,4821.433333333333,5.842336934773917,14.962512224274693,2
2026-02-13,goguma,고구마,식량작물,간식,5277.0,4937.428571428572,4852.433333333333,-0.24574669187145126,21.394064872325735,2
2026-02-16,goguma,고구마,식량작물,간식,5313.75,5030.25,4875.325,0.6964184195565659,14.842230386859745,2
2026-02-17,goguma,고구마,식량작물,간식,5350.5,5125.607142857143,4895.441666666667,0.6916019760056402,12.713292605856342,2
2026-02-18,goguma,고구마,식량작물,간식,5387.25,5208.071428571428,4910.416666666667,0.6868516961031634,9.097812879708389,2
2026-02-19,goguma,고구마,식량작물,간식,5424.0,5291.5,4938.716666666666,0.6821662258109429,18.557377049180324,2
2026-02-20,goguma,고구마,식량작물,간식,5397.0,5348.5,4965.816666666667,-0.4977876106194712,17.735602094240832,2
2026-02-23,goguma,고구마,식량작물,간식,5517.0,5380.928571428572,4995.85,2.2234574763757564,19.51906412478337,2
2026-02-24,goguma,고구마,식량작물,간식,5532.0,5417.357142857143,5026.483333333334,0.2718868950516651,19.921959679167568,2
2026-02-25,goguma,고구마,식량작물,간식,5545.0,5450.392857142857,5058.316666666667,0.2349963846710157,20.80610021786493,2
2026-02-26,goguma,고구마,식량작물,간식,5207.0,5429.892857142857,5071.583333333333,-6.095581605049594,8.276148887502611,2
2026-02-27,goguma,고구마,식량작물,간식,5174.0,5399.428571428572,5090.783333333334,-0.6337622431342393,12.527185732927371,2
2026-03-02,goguma,고구마,식량작물,간식,5137.5,5358.5,5104.1,-0.7054503285659042,8.431827775432676,3
2026-03-03,goguma,고구마,식량작물,간식,5101.0,5316.214285714285,5112.333333333333,-0.7104622871046185,5.088586732591671,3
2026-03-04,goguma,고구마,식량작물,간식,5110.0,5258.071428571428,5117.7,0.17643599294256962,3.2531824611032434,3
2026-03-05,goguma,고구마,식량작물,간식,4992.0,5180.928571428572,5116.7,-2.3091976516634083,-0.5973715651135025,3
2026-03-06,goguma,고구마,식량작물,간식,4988.0,5101.357142857143,5116.2,-0.08012820512820484,-0.2998201079352336,3
2026-03-09,goguma,고구마,식량작물,간식,5028.0,5075.785714285715,5113.2,0.8019246190858142,-1.7584994138335253,3
2026-03-10,goguma,고구마,식량작물,간식,5156.0,5073.214285714285,5113.1,2.545743834526659,-0.05815080441946563,3
2026-03-11,goguma,고구마,식량작물,간식,5097.0,5067.428571428572,5108.233333333334,-1.1442979053529867,-2.7846652679763495,3
2026-03-12,goguma,고구마,식량작물,간식,5331.0,5100.285714285715,5123.033333333334,4.590935844614474,9.085328422344997,3
2026-03-13,goguma,고구마,식량작물,간식,5322.0,5130.571428571428,5137.966666666666,-0.16882386043893804,9.19162905211326,3
2026-03-16,goguma,고구마,식량작물,간식,5284.0,5172.285714285715,5153.033333333334,-0.7140172867343142,9.35430463576159,3
2026-03-17,goguma,고구마,식량작물,간식,5378.0,5228.0,5170.4,1.778955336866006,10.726786081943596,3
2026-03-18,goguma,고구마,식량작물,간식,5388.0,5279.428571428572,5190.733333333334,0.18594272963927683,12.766848053578904,3
2026-03-19,goguma,고구마,식량작물,간식,5549.0,5335.571428571428,5220.233333333334,2.9881217520415726,18.975128644939975,3
2026-03-20,goguma,고구마,식량작물,간식,5539.0,5398.714285714285,5248.766666666666,-0.18021265092809102,18.27888105915012,3
2026-03-23,goguma,고구마,식량작물,간식,5605.0,5437.857142857143,5275.266666666666,1.1915508214479065,16.52806652806653,3
2026-03-24,goguma,고구마,식량작물,간식,5618.0,5480.142857142857,5301.2,0.23193577163247436,16.07438016528926,3
2026-03-25,goguma,고구마,식량작물,간식,5697.0,5539.142857142857,5324.5,1.4061943752224915,13.985594237695075,3
2026-03-26,goguma,고구마,식량작물,간식,4965.0,5480.142857142857,5313.666666666667,-12.84886782517114,-6.143667296786393,3
2026-03-27,goguma,고구마,식량작물,간식,4865.0,5405.428571428572,5299.933333333333,-2.0140986908358527,-7.807466363464089,3
2026-03-30,goguma,고구마,식량작물,간식,4878.0,5309.571428571428,5285.408333333334,0.2672147995889107,-8.200423429781223,3
2026-03-31,goguma,고구마,식량작물,간식,4878.0,5215.142857142857,5269.658333333334,0.0,-8.830950378469304,3
2026-04-01,goguma,고구마,식량작물,간식,5240.0,5163.0,5264.75,7.421074210742118,-2.7333054898139086,4
2026-04-02,goguma,고구마,식량작물,간식,5226.0,5107.0,5258.15,-0.26717557251908497,-3.6504424778761035,4
2026-04-03,goguma,고구마,식량작물,간식,4696.0,4964.0,5234.783333333334,-10.141599693838499,-12.988697424495088,4
2026-04-06,goguma,고구마,식량작물,간식,5051.0,4976.285714285715,5219.25,7.559625212947196,-8.44661953960486,4
2026-04-07,goguma,고구마,식량작물,간식,5093.0,5008.857142857143,5204.616666666667,0.8315185111859025,-7.93564714389009,4
2026-04-08,goguma,고구마,식량작물,간식,5205.0,5055.571428571428,5193.283333333334,2.199096799528766,-6.131650135256983,4
2026-04-09,goguma,고구마,식량작물,간식,5430.0,5134.428571428572,5200.716666666666,4.3227665706051965,4.282696370270789,4
2026-04-10,goguma,고구마,식량작물,간식,5366.0,5152.428571428572,5207.116666666667,-1.178637200736643,3.710862002319293,4
2026-04-13,goguma,고구마,식량작물,간식,5538.0,5197.0,5220.466666666666,3.2053671263510886,7.795620437956208,4
2026-04-14,goguma,고구마,식량작물,간식,5792.0,5353.571428571428,5243.5,4.586493318887674,13.54636345814546,4
2026-04-15,goguma,고구마,식량작물,간식,5799.0,5460.428571428572,5266.466666666666,0.12085635359115887,13.483365949119364,4
2026-04-16,goguma,고구마,식량작물,간식,5265.0,5485.0,5275.566666666667,-9.20848422141749,5.46875,4
2026-04-17,goguma,고구마,식량작물,간식,5215.0,5486.428571428572,5283.133333333333,-0.9496676163342821,4.550922213311948,4
2026-04-20,goguma,고구마,식량작물,간식,5354.0,5475.571428571428,5294.0,2.6653883029722047,6.4836913285600595,4
2026-04-21,goguma,고구마,식량작물,간식,5371.0,5476.285714285715,5301.166666666667,0.3175196115054124,4.169899146625289,4
2026-04-22,goguma,고구마,식량작물,간식,5412.0,5458.285714285715,5311.666666666667,0.7633587786259444,6.180105944673331,4
2026-04-23,goguma,고구마,식량작물,간식,5613.0,5432.714285714285,5321.066666666667,3.713968957871394,5.289814293753525,4
2026-04-24,goguma,고구마,식량작물,간식,5623.0,5407.571428571428,5331.1,0.17815784785319977,5.655768508079673,4
2026-04-27,goguma,고구마,식량작물,간식,5683.0,5467.285714285715,5344.4,1.0670460608216192,7.55109765329296,4
2026-04-28,goguma,고구마,식량작물,간식,5625.0,5525.857142857143,5352.633333333333,-1.0205877177547062,4.592785422090007,4
2026-04-29,goguma,고구마,식량작물,간식,5659.0,5569.428571428572,5361.666666666667,0.6044444444444519,5.029695619896057,4
2026-04-30,goguma,고구마,식량작물,간식,5241.0,5550.857142857143,5351.4,-7.386464039582963,-5.550549648585335,4
2026-05-01,goguma,고구마,식량작물,간식,5224.0,5524.0,5340.9,-0.3243655790879596,-5.686947102365048,5
2026-05-04,goguma,고구마,식량작물,간식,5207.0,5466.0,5327.633333333333,-0.32542113323124067,-7.100802854594113,5
2026-05-05,goguma,고구마,식량작물,간식,5197.5,5405.214285714285,5313.616666666667,-0.18244670635683136,-7.484870060519755,5
2026-05-06,goguma,고구마,식량작물,간식,5188.0,5334.5,5296.65,-0.18278018278018449,-8.934526944005617,5
2026-05-07,goguma,고구마,식량작물,간식,5452.0,5309.785714285715,5312.883333333333,5.088666152659993,9.808660624370603,5
2026-05-08,goguma,고구마,식량작물,간식,5497.0,5286.642857142857,5333.95,0.8253851797505485,12.9907502569373,5
2026-05-11,goguma,고구마,식량작물,간식,5566.0,5333.071428571428,5356.883333333333,1.2552301255230214,14.104141041410422,5
2026-05-12,goguma,고구마,식량작물,간식,5809.0,5416.642857142857,5387.916666666667,4.365792310456351,19.085690856908567,5
2026-05-13,goguma,고구마,식량작물,간식,5813.0,5503.214285714285,5407.016666666666,0.06885866758479242,10.93511450381679,5
2026-05-14,goguma,고구마,식량작물,간식,5500.0,5546.428571428572,5416.15,-5.3844830552210565,5.2430156907768755,5
2026-05-15,goguma,고구마,식량작물,간식,5677.0,5616.285714285715,5448.85,3.218181818181809,20.890119250425897,5
2026-05-18,goguma,고구마,식량작물,간식,5659.0,5645.857142857143,5469.116666666667,-0.3170688744054906,12.037220352405464,5
2026-05-19,goguma,고구마,식량작물,간식,5728.0,5678.857142857143,5490.283333333334,1.2192966955292484,12.468093461613972,5
2026-05-20,goguma,고구마,식량작물,간식,5729.0,5702.142857142857,5507.75,0.017458100558664924,10.067243035542738,5
2026-05-21,goguma,고구마,식량작물,간식,5488.0,5656.285714285715,5509.683333333333,-4.206667830336885,1.0681399631675914,5
2026-05-22,goguma,고구마,식량작물,간식,5398.0,5597.0,5510.75,-1.639941690962099,0.5963473723443968,5
2026-05-25,goguma,고구마,식량작물,간식,5466.5,5592.214285714285,5508.366666666667,1.2689885142645352,-1.2910798122065748,5
2026-05-26,goguma,고구마,식량작물,간식,5535.0,5571.928571428572,5499.8,1.2530869843592862,-4.437154696132595,5
2026-05-27,goguma,고구마,식량작물,간식,5560.0,5557.785714285715,5491.833333333333,0.4516711833784992,-4.121400241420936,5
2026-05-28,goguma,고구마,식량작물,간식,5644.0,5545.785714285715,5504.466666666666,1.5107913669064832,7.198480531813867,5
2026-05-29,goguma,고구마,식량작물,간식,5661.0,5536.071428571428,5519.333333333333,0.3012048192771122,8.55225311601151,5
2026-06-01,goguma,고구마,식량작물,간식,5695.0,5565.642857142857,5530.7,0.6006006006006093,6.369069854314535,6
2026-06-02,goguma,고구마,식량작물,간식,5638.0,5599.928571428572,5539.6,-1.000877963125546,4.971141314466587,6
2026-06-03,goguma,고구마,식량작물,간식,5644.0,5625.285714285715,5547.333333333333,0.10642071656616903,4.286770140428686,6
2026-06-04,goguma,고구마,식량작물,간식,5650.0,5641.714285714285,5548.566666666667,0.1063075832742788,0.6591840370568258,6
2026-06-05,goguma,고구마,식량작물,간식,5709.0,5663.0,5551.433333333333,1.0442477876106304,1.5294326871776676,6
2026-06-08,goguma,고구마,식량작물,간식,5815.0,5687.428571428572,5555.833333333333,1.8567174636538786,2.3227168748900295,6
2026-06-09,goguma,고구마,식량작물,간식,5935.0,5726.571428571428,5566.166666666667,2.0636285468615734,5.511111111111111,6
2026-06-10,goguma,고구마,식량작물,간식,5874.0,5752.142857142857,5573.333333333333,-1.0278011794439768,3.7992578194027127,6
2026-06-11,goguma,고구마,식량작물,간식,5323.0,5707.142857142857,5576.066666666667,-9.380320054477354,1.5645869108948718,6
2026-06-12,goguma,고구마,식량작물,간식,5247.0,5650.428571428572,5576.833333333333,-1.4277662972008276,0.44027565084225895,6
2026-06-15,goguma,고구마,식량작물,간식,5270.0,5596.142857142857,5578.933333333333,0.4383457213645858,1.2099097368926337,6
2026-06-16,goguma,고구마,식량작물,간식,5347.0,5544.428571428572,5583.916666666667,1.4611005692599655,2.876382876382877,6
2026-06-17,goguma,고구마,식량작물,간식,5347.0,5477.571428571428,5589.216666666666,0.0,3.064764841942935,6
2026-06-18,goguma,고구마,식량작물,간식,5453.0,5408.714285714285,5589.25,1.9824200486253885,0.018341892883344535,6
2026-06-19,goguma,고구마,식량작물,간식,5367.0,5336.285714285715,5584.916666666667,-1.5771135154960536,-2.364926323449157,6
2026-06-22,goguma,고구마,식량작물,간식,5572.0,5371.857142857143,5585.116666666667,3.81963853176821,0.10779734099892746,6
2026-06-23,goguma,고구마,식량작물,간식,5578.0,5419.142857142857,5577.416666666667,0.10768126346016871,-3.9765880530211795,6
2026-06-24,goguma,고구마,식량작물,간식,5607.0,5467.285714285715,5570.55,0.5198996055933991,-3.5437811801135366,6
2026-06-25,goguma,고구마,식량작물,간식,5600.0,5503.428571428572,5573.883333333333,-0.12484394506866447,1.8181818181818077,6
2026-06-26,goguma,고구마,식량작물,간식,5609.0,5540.857142857143,5571.616666666667,0.1607142857142918,-1.197815747754094,6
2026-06-29,goguma,고구마,식량작물,간식,5616.0,5564.142857142857,5570.183333333333,0.12479942948833145,-0.7598515638805425,6
2026-06-30,goguma,고구마,식량작물,간식,5683.0,5609.285714285715,5568.683333333333,1.1930199430199462,-0.7856145251396662,6
2026-07-01,goguma,고구마,식량작물,간식,5648.0,5620.142857142857,5565.983333333334,-0.6158718986450817,-1.4138593122709042,7
2026-07-02,goguma,고구마,식량작물,간식,5340.0,5586.142857142857,5561.05,-5.453257790368271,-2.696793002915454,7
2026-07-03,goguma,고구마,식량작물,간식,5287.0,5540.428571428572,5557.35,-0.9925093632958792,-2.0563171545016634,7
2026-07-06,goguma,고구마,식량작물,간식,5226.0,5487.0,5549.333333333333,-1.1537734064686944,-4.399524375743158,7
2026-07-07,goguma,고구마,식량작물,간식,5276.0,5439.428571428572,5540.7,0.9567546880979716,-4.67931345980126,7
2026-07-08,goguma,고구마,식량작물,간식,5247.0,5386.714285714285,5530.266666666666,-0.5496588324488294,-5.629496402877699,7
2026-07-09,goguma,고구마,식량작물,간식,5167.0,5313.0,5514.366666666667,-1.5246807699637932,-8.451452870304744,7
2026-07-10,goguma,고구마,식량작물,간식,5147.0,5241.428571428572,5497.233333333334,-0.3870718018192387,-9.079667903197318,7
2026-07-13,goguma,고구마,식량작물,간식,5125.0,5210.714285714285,5478.233333333334,-0.4274334563823534,-10.008779631255482,7
2026-07-14,goguma,고구마,식량작물,간식,5151.0,5191.285714285715,5462.0,0.5073170731707322,-8.637814827953171,7
2026-07-15,goguma,고구마,식량작물,간식,5214.0,5189.571428571428,5447.666666666667,1.2230634828188647,-7.61871013465627,7
2026-07-16,goguma,고구마,식량작물,간식,4827.0,5125.428571428572,5420.233333333334,-7.4223245109321105,-14.566371681415923,7
2026-07-17,goguma,고구마,식량작물,간식,4734.5,5052.214285714285,5387.75,-1.916304122643464,-17.069539323874583,7
2026-07-20,goguma,고구마,식량작물,간식,4642.0,4977.214285714285,5348.65,-1.95374379554335,-20.171969045571803,7
2026-07-21,goguma,고구마,식량작물,간식,4646.0,4905.642857142857,5305.683333333333,0.08616975441619878,-21.718618365627627,7
2026-07-22,goguma,고구마,식량작물,간식,4597.0,4830.214285714285,5263.116666666667,-1.0546706844597464,-21.739870616275113,7
2026-07-23,goguma,고구마,식량작물,간식,4718.0,4768.357142857143,5242.95,2.632151403088967,-11.365771181664474,7
2026-07-24,goguma,고구마,식량작물,간식,4718.0,4697.5,5225.316666666667,0.0,-10.081951591385552,7
2026-07-27,goguma,고구마,식량작물,간식,4791.0,4692.357142857143,5209.35,1.5472657905892362,-9.089184060721067,7
2026-07-28,goguma,고구마,식량작물,간식,5141.0,4750.428571428572,5202.483333333334,7.305364224587763,-3.852627641668227,7
2026-07-29,goguma,고구마,식량작물,간식,5109.0,4817.142857142857,5194.55,-0.6224469947481048,-4.45109407144193,7
2026-07-30,goguma,고구마,식량작물,간식,4385.0,4779.857142857143,5158.95,-14.171070659620277,-19.58554923895104,7
2026-07-31,goguma,고구마,식량작물,간식,4354.0,4745.142857142857,5125.183333333333,-0.7069555302166464,-18.87460406185951,7
2026-08-03,goguma,고구마,식량작물,간식,4803.0,4757.285714285715,5099.55,10.312356453835548,-13.801148600143575,8
2026-08-04,goguma,고구마,식량작물,간식,4902.0,4783.571428571428,5077.016666666666,2.061211742660829,-12.119039082108285,8
2026-08-05,goguma,고구마,식량작물,간식,4853.0,4792.428571428572,5051.883333333333,-0.9995920032639716,-13.447476368824685,8
2026-08-06,goguma,고구마,식량작물,간식,5011.0,4773.857142857143,5032.25,3.255718112507733,-10.517857142857146,8
2026-08-07,goguma,고구마,식량작물,간식,5005.0,4759.0,5012.116666666667,-0.11973657952504269,-10.768407915849531,8
2026-08-10,goguma,고구마,식량작물,간식,4992.0,4845.714285714285,4991.316666666667,-0.2597402597402598,-11.111111111111116,8
2026-08-11,goguma,고구마,식량작물,간식,5077.0,4949.0,4971.116666666667,1.7027243589743613,-10.663382016540556,8
2026-08-12,goguma,고구마,식량작물,간식,5088.0,4989.714285714285,4952.45,0.21666338388812711,-9.915014164305946,8
2026-08-13,goguma,고구마,식량작물,간식,5067.0,5013.285714285715,4943.35,-0.4127358490566002,-5.112359550561796,8
2026-08-14,goguma,고구마,식량작물,간식,4866.0,5015.142857142857,4929.316666666667,-3.9668442865600895,-7.962927936447894,8
2026-08-17,goguma,고구마,식량작물,간식,4889.5,4997.785714285715,4918.1,0.48294286888614923,-6.438959050899351,8
2026-08-18,goguma,고구마,식량작물,간식,4913.0,4984.642857142857,4906.0,0.4806217404642599,-6.880212282031839,8
2026-08-19,goguma,고구마,식량작물,간식,4912.0,4973.214285714285,4894.833333333333,-0.020354162426217126,-6.384600724223366,8
2026-08-20,goguma,고구마,식량작물,간식,5338.0,5010.5,4900.533333333334,8.672638436482094,3.3094639055544883,8
2026-08-21,goguma,고구마,식량작물,간식,5356.0,5048.785714285715,4907.5,0.33720494567253123,4.060617835632407,8
2026-08-24,goguma,고구마,식량작물,간식,5400.0,5096.357142857143,4916.666666666667,0.821508588498876,5.36585365853659,8
2026-08-25,goguma,고구마,식량작물,간식,5410.0,5174.071428571428,4925.3,0.18518518518517713,5.028149873810905,8
2026-08-26,goguma,고구마,식량작물,간식,5444.0,5253.285714285715,4932.966666666666,0.628465804066547,4.411200613732258,8
2026-08-27,goguma,고구마,식량작물,간식,5406.0,5323.714285714285,4952.266666666666,-0.6980161645848693,11.995027967681793,8
2026-08-28,goguma,고구마,식량작물,간식,5420.0,5396.285714285715,4975.116666666667,0.2589715131335657,14.478825641567216,8
2026-08-31,goguma,고구마,식량작물,간식,5436.0,5410.285714285715,5001.583333333333,0.2952029520295163,17.10469625161568,8
2026-09-01,goguma,고구마,식량작물,간식,5483.0,5428.428571428572,5029.483333333334,0.8646063281824823,18.015497201894103,9
2026-09-02,goguma,고구마,식량작물,간식,5495.0,5442.0,5059.416666666667,0.21885828925769513,19.53447900804872,9
2026-09-03,goguma,고구마,식량작물,간식,4440.0,5303.428571428572,5050.15,-19.199272065514105,-5.892327257312424,9
2026-09-04,goguma,고구마,식량작물,간식,4394.0,5153.428571428572,5039.35,-1.0360360360360366,-6.86731665960153,9
2026-09-07,goguma,고구마,식량작물,간식,4388.0,5008.0,5025.916666666667,-0.1365498406918575,-8.41160509288249,9
2026-09-08,goguma,고구마,식량작물,간식,4407.0,4863.285714285715,5001.45,0.4329990884229806,-14.277377942034619,9
2026-09-09,goguma,고구마,식량작물,간식,4414.0,4717.285714285715,4978.283333333334,0.15883821193556358,-13.603444901154827,9
2026-09-10,goguma,고구마,식량작물,간식,4915.0,4636.142857142857,4995.95,11.350249207068419,12.08665906499431,9
2025-09-10,hobak,애호박,채소류,볶음,1581.0,,,,,9
2025-09-11,hobak,애호박,채소류,볶음,1461.0,,,-7.590132827324481,,9
2025-09-12,hobak,애호박,채소류,볶음,1437.0,1493.0,,-1.642710472279263,,9
2025-09-15,hobak,애호박,채소류,볶음,1517.0,1499.0,,5.567153792623514,,9
2025-09-16,hobak,애호박,채소류,볶음,1518.0,1502.8,,0.06591957811470373,,9
2025-09-17,hobak,애호박,채소류,볶음,1534.0,1508.0,,1.0540184453228019,,9
2025-09-18,hobak,애호박,채소류,볶음,1668.0,1530.857142857143,,8.735332464146017,,9
2025-09-19,hobak,애호박,채소류,볶음,1661.0,1542.2857142857142,,-0.4196642685851293,,9
2025-09-22,hobak,애호박,채소류,볶음,1644.0,1568.4285714285713,,-1.0234798314268545,,9
2025-09-23,hobak,애호박,채소류,볶음,1673.0,1602.142857142857,1569.4,1.7639902676398922,,9
2025-09-24,hobak,애호박,채소류,볶음,1716.0,1630.5714285714287,1582.7272727272727,2.570233114166176,,9
2025-09-25,hobak,애호박,채소류,볶음,1802.0,1671.142857142857,1601.0,5.011655011655014,,9
2025-09-26,hobak,애호박,채소류,볶음,1862.0,1718.0,1621.076923076923,3.3296337402885623,,9
2025-09-29,hobak,애호박,채소류,볶음,1916.0,1753.4285714285713,1642.142857142857,2.9001074113855996,,9
2025-09-30,hobak,애호박,채소류,볶음,1922.0,1790.7142857142858,1660.8,0.31315240083507057,,9
2025-10-01,hobak,애호박,채소류,볶음,1918.0,1829.857142857143,1676.875,-0.20811654526534662,,10
2025-10-02,hobak,애호박,채소류,볶음,1906.0,1863.142857142857,1690.3529411764705,-0.6256517205422307,,10
2025-10-03,hobak,애호박,채소류,볶음,1925.3333333333333,1893.047619047619,1703.4074074074074,1.0143406785589226,,10
2025-10-06,hobak,애호박,채소류,볶음,1944.6666666666667,1913.4285714285713,1716.1052631578948,1.0041551246537495,,10
2025-10-07,hobak,애호박,채소류,볶음,1964.0,1928.0,1728.5,0.9941720946177623,,10
2025-10-10,hobak,애호박,채소류,볶음,2022.0,1943.142857142857,1742.4761904761904,2.9531568228105876,,10
2025-10-13,hobak,애호박,채소류,볶음,1896.0,1939.4285714285713,1749.4545454545455,-6.231454005934722,,10
2025-10-14,hobak,애호박,채소류,볶음,1839.0,1928.142857142857,1753.3478260869565,-3.0063291139240556,,10
2025-10-15,hobak,애호박,채소류,볶음,1872.0,1923.2857142857142,1758.2916666666667,1.794453507340954,,10
2025-10-16,hobak,애호박,채소류,볶음,1693.0,1890.095238095238,1755.68,-9.56196581196581,,10
2025-10-17,hobak,애호박,채소류,볶음,1674.0,1851.4285714285713,1752.5384615384614,-1.1222681630242204,,10
2025-10-20,hobak,애호박,채소류,볶음,1796.0,1827.4285714285713,1754.148148148148,7.287933094384713,,10
2025-10-21,hobak,애호박,채소류,볶음,1826.0,1799.4285714285713,1756.7142857142858,1.6703786191536674,,10
2025-10-22,hobak,애호박,채소류,볶음,1829.0,1789.857142857143,1759.2068965517242,0.16429353778750766,,10
2025-10-23,hobak,애호박,채소류,볶음,1942.0,1804.5714285714287,1765.3,6.178239475123015,,10
2025-10-24,hobak,애호박,채소류,볶음,2002.0,1823.142857142857,1779.3333333333333,3.0895983522142068,26.62871600253005,10
2025-10-27,hobak,애호박,채소류,볶음,1986.0,1865.0,1796.8333333333333,-0.7992007992007943,35.93429158110884,10
2025-10-28,hobak,애호박,채소류,볶음,1994.0,1910.7142857142858,1815.4,0.40281973816715944,38.76130828114126,10
2025-10-29,hobak,애호박,채소류,볶음,2048.0,1946.7142857142858,1833.1,2.7081243731193583,35.003295978905726,10
2025-10-30,hobak,애호박,채소류,볶음,1846.0,1949.5714285714287,1844.0333333333333,-9.86328125,21.60737812911726,10
2025-10-31,hobak,애호박,채소류,볶음,2024.0,1977.4285714285713,1860.3666666666666,9.642470205850495,31.9426336375489,10
2025-11-03,hobak,애호박,채소류,볶음,2186.0,2012.2857142857142,1877.6333333333334,8.00395256916997,31.055155875299768,11
2025-11-04,hobak,애호박,채소류,볶음,2250.0,2047.7142857142858,1897.2666666666667,2.9277218664226945,35.46056592414209,11
2025-11-05,hobak,애호박,채소류,볶음,2125.0,2067.5714285714284,1913.3,-5.555555555555558,29.257907542579066,11
2025-11-06,hobak,애호박,채소류,볶음,2110.0,2084.1428571428573,1927.8666666666666,-0.7058823529411784,26.120741183502695,11
2025-11-07,hobak,애호박,채소류,볶음,2039.0,2082.8571428571427,1938.6333333333334,-3.3649289099526025,18.822843822843826,11
2025-11-10,hobak,애호박,채소류,볶음,2009.0,2106.1428571428573,1945.5333333333333,-1.471309465424231,11.48723640399556,11
2025-11-11,hobak,애호박,채소류,볶음,1936.0,2093.5714285714284,1948.0,-3.633648581383775,3.9742212674543476,11
2025-11-12,hobak,애호박,채소류,볶음,1900.0,2052.714285714286,1947.4666666666667,-1.8595041322314043,-0.8350730688935326,11
2025-11-13,hobak,애호박,채소류,볶음,1696.0,1973.5714285714287,1939.9333333333334,-10.736842105263156,-11.7585848074922,11
2025-11-14,hobak,애호박,채소류,볶음,1677.0,1909.5714285714287,1931.9,-1.1202830188679291,-12.56517205422315,11
2025-11-17,hobak,애호박,채소류,볶음,1643.0,1842.857142857143,1923.1333333333334,-2.027429934406677,-13.798530954879329,11
2025-11-18,hobak,애호박,채소류,볶음,1664.0,1789.2857142857142,1914.4222222222222,1.2781497261107777,-13.573407202216059,11
2025-11-19,hobak,애호박,채소류,볶음,1661.0,1739.5714285714287,1904.9666666666667,-0.18028846153845812,-14.586904353788144,11
2025-11-20,hobak,애호박,채소류,볶음,1570.0,1687.2857142857142,1891.8333333333333,-5.478627332931973,-20.061099796334013,11
2025-11-21,hobak,애호박,채소류,볶음,1567.0,1639.7142857142858,1876.6666666666667,-0.19108280254777066,-22.502472799208707,11
2025-11-24,hobak,애호박,채소류,볶음,1647.0,1632.7142857142858,1868.3666666666666,5.105296745373322,-13.132911392405067,11
2025-11-25,hobak,애호박,채소류,볶음,1641.0,1627.5714285714287,1861.7666666666667,-0.36429872495445936,-10.76672104404568,11
2025-11-26,hobak,애호박,채소류,볶음,1631.0,1625.857142857143,1853.7333333333333,-0.6093845216331495,-12.873931623931622,11
2025-11-27,hobak,애호박,채소류,볶음,1532.0,1607.0,1848.3666666666666,-6.069895769466582,-9.509746012994679,11
2025-11-28,hobak,애호박,채소류,볶음,1528.0,1588.0,1843.5,-0.26109660574412663,-8.721624850657106,11
2025-12-01,hobak,애호박,채소류,볶음,1521.0,1581.0,1834.3333333333333,-0.45811518324607725,-15.31180400890868,12
2025-12-02,hobak,애호박,채소류,볶음,1460.0,1565.7142857142858,1822.1333333333334,-4.010519395134782,-20.043811610076666,12
2025-12-03,hobak,애호박,채소류,볶음,1479.0,1541.7142857142858,1810.4666666666667,1.3013698630137016,-19.136139967195188,12
2025-12-04,hobak,애호박,채소류,볶음,1527.0,1525.4285714285713,1796.6333333333334,3.2454361054766734,-21.369721936148302,12
2025-12-05,hobak,애호박,채소류,볶음,1561.0,1515.4285714285713,1781.9333333333334,2.226588081204972,-22.02797202797203,12
2025-12-08,hobak,애호박,채소류,볶음,1595.0,1524.4285714285713,1768.9,2.1780909673286386,-19.68781470292045,12
2025-12-09,hobak,애호박,채소류,볶음,1617.0,1537.142857142857,1756.3333333333333,1.379310344827589,-18.90672016048145,12
2025-12-10,hobak,애호박,채소류,볶음,1631.0,1552.857142857143,1742.4333333333334,0.8658008658008587,-20.361328125,12
2025-12-11,hobak,애호박,채소류,볶음,1691.0,1585.857142857143,1737.2666666666667,3.6787247087676223,-8.396533044420373,12
2025-12-12,hobak,애호박,채소류,볶음,1617.0,1605.5714285714287,1723.7,-4.376108811354229,-20.108695652173914,12
2025-12-15,hobak,애호박,채소류,볶음,1651.0,1623.2857142857142,1705.8666666666666,2.1026592455163806,-24.47392497712717,12
2025-12-16,hobak,애호박,채소류,볶음,1676.0,1639.7142857142858,1686.7333333333333,1.5142337976983722,-25.511111111111106,12
2025-12-17,hobak,애호박,채소류,볶음,1692.0,1653.5714285714287,1672.3,0.9546539379474916,-20.376470588235296,12
2025-12-18,hobak,애호박,채소류,볶음,1594.0,1650.2857142857142,1655.1,-5.791962174940901,-24.454976303317533,12
2025-12-19,hobak,애호박,채소류,볶음,1588.0,1644.142857142857,1640.0666666666666,-0.37641154328732496,-22.118685630210887,12
2025-12-22,hobak,애호박,채소류,볶음,1611.0,1632.7142857142858,1626.8,1.4483627204030292,-19.81085116973619,12
2025-12-23,hobak,애호박,채소류,볶음,1652.0,1637.7142857142858,1617.3333333333333,2.5450031036623244,-14.669421487603307,12
2025-12-24,hobak,애호박,채소류,볶음,1688.0,1643.0,1610.2666666666667,2.1791767554479424,-11.157894736842099,12
2025-12-25,hobak,애호박,채소류,볶음,1730.5,1650.7857142857142,1611.4166666666667,2.5177725118483485,2.0341981132075526,12
2025-12-26,hobak,애호박,채소류,볶음,1773.0,1662.357142857143,1614.6166666666666,2.4559375902918124,5.7245080500894385,12
2025-12-29,hobak,애호박,채소류,볶음,1827.0,1695.642857142857,1620.75,3.0456852791878264,11.19902617163724,12
2025-12-30,hobak,애호박,채소류,볶음,1848.0,1732.7857142857142,1626.8833333333334,1.1494252873563315,11.057692307692314,12
2025-12-31,hobak,애호박,채소류,볶음,1863.0,1768.7857142857142,1633.6166666666666,0.8116883116883189,12.161348585189646,12
2026-01-01,hobak,애호박,채소류,볶음,1788.5,1788.2857142857142,1640.9,-3.998926462694574,13.917197452229303,1
2026-01-02,hobak,애호박,채소류,볶음,1714.0,1792.0,1645.8,-4.165501817165218,9.380982769623492,1
2026-01-05,hobak,애호박,채소류,볶음,1985.0,1828.357142857143,1657.0666666666666,15.810968494749122,20.522161505768068,1
2026-01-06,hobak,애호박,채소류,볶음,2019.0,1863.5,1669.6666666666667,1.7128463476070444,23.03473491773309,1
2026-01-07,hobak,애호박,채소류,볶음,1994.0,1887.357142857143,1681.7666666666667,-1.2382367508667613,22.25628448804415,1
2026-01-08,hobak,애호박,채소류,볶음,2031.0,1913.5,1698.4,1.8555667001002973,32.57180156657964,1
2026-01-09,hobak,애호박,채소류,볶음,2090.0,1945.9285714285713,1717.1333333333334,2.9049729197439644,36.7801047120419,1
2026-01-12,hobak,애호박,채소류,볶음,2110.0,1991.857142857143,1736.7666666666667,0.9569377990430672,38.72452333990795,1
2026-01-13,hobak,애호박,채소류,볶음,2130.0,2051.285714285714,1759.1,0.9478672985782088,45.89041095890411,1
2026-01-14,hobak,애호박,채소류,볶음,2162.0,2076.5714285714284,1781.8666666666666,1.5023474178403662,46.17985125084516,1
2026-01-15,hobak,애호박,채소류,볶음,2324.0,2120.1428571428573,1808.4333333333334,7.493061979648474,52.19384413883432,1
2026-01-16,hobak,애호박,채소류,볶음,2341.0,2169.714285714286,1834.4333333333334,0.731497418244409,49.96796925048046,1
2026-01-19,hobak,애호박,채소류,볶음,2357.0,2216.285714285714,1859.8333333333333,0.6834686031610415,47.774294670846395,1
2026-01-20,hobak,애호박,채소류,볶음,2351.0,2253.5714285714284,1884.3,-0.2545608824777279,45.39270253555967,1
2026-01-21,hobak,애호박,채소류,볶음,2356.0,2288.714285714286,1908.4666666666667,0.21267545725223158,44.45125689760883,1
2026-01-22,hobak,애호박,채소류,볶음,2302.0,2313.285714285714,1928.8333333333333,-2.292020373514436,36.13246599645181,1
2026-01-23,hobak,애호박,채소류,볶음,2275.0,2329.4285714285716,1950.7666666666667,-1.1728931364031303,40.692640692640694,1
2026-01-26,hobak,애호박,채소류,볶음,2295.0,2325.285714285714,1972.2333333333333,0.879120879120876,39.00666262870986,1
2026-01-27,hobak,애호박,채소류,볶음,2311.0,2321.0,1993.4,0.6971677559912903,37.88782816229117,1
2026-01-28,hobak,애호박,채소류,볶음,2324.0,2316.285714285714,2014.4666666666667,0.5625270445694497,37.35224586288417,1
2026-01-29,hobak,애호박,채소류,볶음,2349.0,2316.0,2039.6333333333334,1.075731497418242,47.365119196988715,1
2026-01-30,hobak,애호박,채소류,볶음,2366.0,2317.4285714285716,2065.5666666666666,0.7237122179651001,48.99244332493702,1
2026-02-02,hobak,애호박,채소류,볶음,2370.0,2327.1428571428573,2090.866666666667,0.16906170752324368,47.11359404096833,2
2026-02-03,hobak,애호박,채소류,볶음,2268.0,2326.1428571428573,2111.4,-4.303797468354431,37.28813559322033,2
2026-02-04,hobak,애호박,채소류,볶음,2398.0,2340.8571428571427,2135.0666666666666,5.731922398589062,42.06161137440758,2
2026-02-05,hobak,애호박,채소류,볶음,2425.0,2357.1428571428573,2158.2166666666667,1.125938281901595,40.132909563709916,2
2026-02-06,hobak,애호박,채소류,볶음,2449.0,2375.0,2180.75,0.9896907216494943,38.127467569091934,2
2026-02-09,hobak,애호박,채소류,볶음,2494.0,2395.714285714286,2202.983333333333,1.8374846876276107,36.50793650793651,2
2026-02-10,hobak,애호박,채소류,볶음,2553.0,2422.4285714285716,2226.483333333333,2.365677626303131,38.14935064935065,2
2026-02-11,hobak,애호박,채소류,볶음,2569.0,2450.8571428571427,2250.016666666667,0.6267136701919362,37.89586688137412,2
2026-02-12,hobak,애호박,채소류,볶음,2535.0,2489.0,2274.9,-1.3234721681588124,41.73888733575622,2
2026-02-13,hobak,애호박,채소류,볶음,2597.0,2517.4285714285716,2304.3333333333335,2.4457593688362866,51.5169194865811,2
2026-02-16,hobak,애호박,채소류,볶음,2600.5,2542.5,2324.85,0.13477088948787852,31.007556675062965,2
2026-02-17,hobak,애호박,채소류,볶음,2604.0,2564.6428571428573,2344.35,0.13458950201883368,28.974739970282325,2
2026-02-18,hobak,애호박,채소류,볶음,2607.5,2580.8571428571427,2364.8,0.13440860215054862,30.767301905717147,2
2026-02-19,hobak,애호박,채소류,볶음,2611.0,2589.1428571428573,2384.133333333333,0.13422818791946067,28.557360905957662,2
2026-02-20,hobak,애호박,채소류,볶음,2509.0,2580.5714285714284,2398.1,-3.906549214860211,20.047846889952158,2
2026-02-23,hobak,애호박,채소류,볶음,2471.0,2571.4285714285716,2410.133333333333,-1.514547628537266,17.1090047393365,2
2026-02-24,hobak,애호박,채소류,볶음,2424.0,2546.714285714286,2419.9333333333334,-1.902063941723997,13.802816901408455,2
2026-02-25,hobak,애호박,채소류,볶음,2362.0,2512.6428571428573,2426.6,-2.5577557755775526,9.250693802035158,2
2026-02-26,hobak,애호박,채소류,볶음,2119.0,2443.3571428571427,2419.766666666667,-10.287891617273493,-8.820998278829606,2
2026-02-27,hobak,애호박,채소류,볶음,2078.0,2367.714285714286,2411.0,-1.934874941009912,-11.234515164459635,2
2026-03-02,hobak,애호박,채소류,볶음,2091.0,2293.4285714285716,2402.133333333333,0.6256015399422443,-11.285532456512515,3
2026-03-03,hobak,애호박,채소류,볶음,2104.0,2235.5714285714284,2393.9,0.6217120994739256,-10.506167588260318,3
2026-03-04,hobak,애호박,채소류,볶음,2078.0,2179.4285714285716,2384.633333333333,-1.2357414448669224,-11.799660441426141,3
2026-03-05,hobak,애호박,채소류,볶음,1957.0,2112.714285714286,2373.133333333333,-5.822906641000958,-14.986967854039968,3
2026-03-06,hobak,애호박,채소류,볶음,1917.0,2049.1428571428573,2361.2,-2.0439448134900395,-15.736263736263734,3
2026-03-09,hobak,애호박,채소류,볶음,1937.0,2023.142857142857,2349.266666666667,1.0432968179447055,-15.599128540305006,3
2026-03-10,hobak,애호박,채소류,볶음,1909.0,1999.0,2335.866666666667,-1.445534331440368,-17.39506707053223,3
2026-03-11,hobak,애호박,채소류,볶음,1927.0,1975.5714285714287,2322.633333333333,0.9429020429544188,-17.082616179001718,3
2026-03-12,hobak,애호박,채소류,볶음,1907.0,1947.4285714285713,2307.9,-1.0378827192527251,-18.81651766709238,3
2026-03-13,hobak,애호박,채소류,볶음,1886.0,1920.0,2291.9,-1.101206082852646,-20.28740490278952,3
2026-03-16,hobak,애호박,채소류,볶음,1871.0,1907.7142857142858,2275.266666666667,-0.7953340402969244,-21.05485232067511,3
2026-03-17,hobak,애호박,채소류,볶음,1870.0,1901.0,2262.0,-0.05344735435596215,-17.548500881834215,3
2026-03-18,hobak,애호박,채소류,볶음,1889.0,1894.142857142857,2245.0333333333333,1.0160427807486716,-21.226021684737283,3
2026-03-19,hobak,애호박,채소류,볶음,1844.0,1884.857142857143,2225.6666666666665,-2.3822128110111196,-23.95876288659794,3
2026-03-20,hobak,애호박,채소류,볶음,1816.0,1869.0,2204.5666666666666,-1.5184381778741818,-25.84728460596162,3
2026-03-23,hobak,애호박,채소류,볶음,1832.0,1858.2857142857142,2182.5,0.8810572687224738,-26.543704891740173,3
2026-03-24,hobak,애호박,채소류,볶음,1805.0,1846.7142857142858,2157.5666666666666,-1.4737991266375539,-29.298864081472775,3
2026-03-25,hobak,애호박,채소류,볶음,1814.0,1838.5714285714287,2132.4,0.498614958448762,-29.388867263526663,3
2026-03-26,hobak,애호박,채소류,볶음,1676.0,1810.857142857143,2103.766666666667,-7.607497243660422,-33.88560157790928,3
2026-03-27,hobak,애호박,채소류,볶음,1656.0,1777.5714285714287,2072.4,-1.1933174224343701,-36.234116288024644,3
2026-03-30,hobak,애호박,채소류,볶음,1627.0,1746.5714285714287,2039.95,-1.7512077294685957,-37.435108632955206,3
2026-03-31,hobak,애호박,채소류,볶음,1596.0,1715.142857142857,2006.35,-1.9053472649047332,-38.70967741935484,3
2026-04-01,hobak,애호박,채소류,볶음,1487.0,1665.857142857143,1969.0,-6.8295739348370965,-42.97219558964526,4
2026-04-02,hobak,애호박,채소류,볶음,1477.0,1619.0,1931.2,-0.672494956287828,-43.43163538873994,4
2026-04-03,hobak,애호박,채소류,볶음,1531.0,1578.5714285714287,1898.6,3.6560595802301865,-38.97967317656437,4
2026-04-06,hobak,애호박,채소류,볶음,1535.0,1558.4285714285713,1867.4,0.2612671456564408,-37.87940105220559,4
2026-04-07,hobak,애호박,채소류,볶음,1539.0,1541.7142857142858,1837.9,0.2605863192182367,-36.50990099009901,4
2026-04-08,hobak,애호박,채소류,볶음,1530.0,1527.857142857143,1810.1666666666667,-0.5847953216374324,-35.22438611346317,4
2026-04-09,hobak,애호박,채소류,볶음,1360.0,1494.142857142857,1784.8666666666666,-11.111111111111116,-35.81878244454931,4
2026-04-10,hobak,애호박,채소류,볶음,1331.0,1471.857142857143,1759.9666666666667,-2.132352941176474,-35.94802694898941,4
2026-04-13,hobak,애호박,채소류,볶음,1344.0,1452.857142857143,1735.0666666666666,0.9767092411720579,-35.724533715925396,4
2026-04-14,hobak,애호박,채소류,볶음,1333.0,1424.5714285714287,1709.3666666666666,-0.8184523809523836,-36.64448669201521,4
2026-04-15,hobak,애호박,채소류,볶음,1339.0,1396.5714285714287,1684.7333333333333,0.4501125281320295,-35.563041385948026,4
2026-04-16,hobak,애호박,채소류,볶음,1266.0,1357.5714285714287,1661.7,-5.4518297236743845,-35.30914665304037,4
2026-04-17,hobak,애호박,채소류,볶음,1233.0,1315.142857142857,1638.9,-2.6066350710900466,-35.68075117370893,4
2026-04-20,hobak,애호박,채소류,볶음,1296.0,1306.0,1617.5333333333333,5.109489051094895,-33.09241094475994,4
2026-04-21,hobak,애호박,채소류,볶음,1341.0,1307.4285714285713,1598.6,3.472222222222232,-29.75379779989523,4
2026-04-22,hobak,애호박,채소류,볶음,1324.0,1304.5714285714287,1578.5,-1.2677106636838187,-31.292163985469646,4
2026-04-23,hobak,애호박,채소류,볶음,1240.0,1291.2857142857142,1556.2666666666667,-6.344410876132933,-34.97640272679602,4
2026-04-24,hobak,애호박,채소류,볶음,1215.0,1273.5714285714287,1533.9,-2.0161290322580627,-35.577942735949094,4
2026-04-27,hobak,애호박,채소류,볶음,1215.0,1266.2857142857142,1512.0333333333333,0.0,-35.06146445750935,4
2026-04-28,hobak,애호박,채소류,볶음,1200.0,1261.5714285714287,1489.7,-1.2345679012345734,-35.82887700534759,4
2026-04-29,hobak,애호박,채소류,볶음,1193.0,1246.857142857143,1466.5,-0.5833333333333357,-36.84489147697194,4
2026-04-30,hobak,애호박,채소류,볶음,1187.0,1224.857142857143,1444.6,-0.5029337803855838,-35.62906724511931,4
2026-05-01,hobak,애호박,채소류,볶음,1175.5,1203.642857142857,1423.25,-0.9688289806234152,-35.26982378854625,5
2026-05-04,hobak,애호박,채소류,볶음,1164.0,1192.7857142857142,1400.9833333333333,-0.9783071033602764,-36.46288209606987,5
2026-05-05,hobak,애호박,채소류,볶음,1149.0,1183.357142857143,1379.1166666666666,-1.2886597938144284,-36.343490304709135,5
2026-05-06,hobak,애호박,채소류,볶음,1134.0,1171.7857142857142,1356.45,-1.305483028720622,-37.48621830209482,5
2026-05-07,hobak,애호박,채소류,볶음,951.0,1136.2142857142858,1332.2833333333333,-16.13756613756614,-43.25775656324582,5
2026-05-08,hobak,애호박,채소류,볶음,936.0,1099.5,1308.2833333333333,-1.577287066246058,-43.47826086956522,5
2026-05-11,hobak,애호박,채소류,볶음,930.0,1062.7857142857142,1285.05,-0.6410256410256387,-42.83958205285801,5
2026-05-12,hobak,애호박,채소류,볶음,922.0,1026.5714285714287,1262.5833333333333,-0.8602150537634357,-42.230576441102755,5
2026-05-13,hobak,애호박,채소류,볶음,904.0,989.4285714285714,1243.15,-1.95227765726681,-39.20645595158037,5
2026-05-14,hobak,애호박,채소류,볶음,890.0,952.4285714285714,1223.5833333333333,-1.5486725663716783,-39.74272173324306,5
2026-05-15,hobak,애호박,채소류,볶음,890.0,917.5714285714286,1202.2166666666667,0.0,-41.8680600914435,5
2026-05-18,hobak,애호박,채소류,볶음,877.0,907.0,1180.2833333333333,-1.4606741573033655,-42.86644951140065,5
2026-05-19,hobak,애호박,채소류,볶음,865.0,896.8571428571429,1157.8166666666666,-1.368301026225771,-43.7946718648473,5
2026-05-20,hobak,애호박,채소류,볶음,860.0,886.8571428571429,1135.4833333333333,-0.5780346820809301,-43.790849673202615,5
2026-05-21,hobak,애호박,채소류,볶음,828.0,873.4285714285714,1117.75,-3.7209302325581395,-39.117647058823536,5
2026-05-22,hobak,애호박,채소류,볶음,827.0,862.4285714285714,1100.95,-0.12077294685990392,-37.86626596543952,5
2026-05-25,hobak,애호박,채소류,볶음,831.0,854.0,1083.85,0.48367593712213,-38.16964285714286,5
2026-05-26,hobak,애호박,채소류,볶음,835.0,846.1428571428571,1067.25,0.48134777376653837,-37.35933983495874,5
2026-05-27,hobak,애호박,채소류,볶음,855.0,843.0,1051.1166666666666,2.39520958083832,-36.14637789395071,5
2026-05-28,hobak,애호박,채소류,볶음,1025.0,865.8571428571429,1043.0833333333333,19.883040935672526,-19.036334913112164,5
2026-05-29,hobak,애호박,채소류,볶음,1034.0,890.7142857142857,1036.45,0.8780487804878057,-16.139497161394967,5
2026-06-01,hobak,애호박,채소류,볶음,1039.0,920.8571428571429,1027.8833333333334,0.4835589941972973,-19.83024691358025,6
2026-06-02,hobak,애호박,채소류,볶음,1046.0,952.1428571428571,1018.05,0.673724735322434,-21.99850857568978,6
2026-06-03,hobak,애호박,채소류,볶음,1057.0,984.4285714285714,1009.15,1.0516252390057268,-20.166163141993955,6
2026-06-04,hobak,애호박,채소류,볶음,1068.0,1017.7142857142857,1003.4166666666666,1.0406811731314969,-13.87096774193548,6
2026-06-05,hobak,애호박,채소류,볶음,1078.0,1049.5714285714287,998.85,0.9363295880149725,-11.275720164609048,6
2026-06-08,hobak,애호박,채소류,볶음,1154.0,1068.0,996.8166666666667,7.050092764378468,-5.020576131687237,6
2026-06-09,hobak,애호박,채소류,볶음,1171.0,1087.5714285714287,995.85,1.4731369150779994,-2.416666666666667,6
2026-06-10,hobak,애호박,채소류,볶음,1188.0,1108.857142857143,995.6833333333333,1.451750640478222,-0.419111483654655,6
2026-06-11,hobak,애호박,채소류,볶음,1208.0,1132.0,996.3833333333333,1.683501683501687,1.7691659646166702,6
2026-06-12,hobak,애호박,채소류,볶음,1207.0,1153.4285714285713,997.4333333333333,-0.08278145695364003,2.67971076137814,6
2026-06-15,hobak,애호박,채소류,볶음,1208.0,1173.4285714285713,998.9,0.08285004142503105,3.7800687285223455,6
2026-06-16,hobak,애호박,채소류,볶음,1186.0,1188.857142857143,1000.1333333333333,-1.8211920529801362,3.2201914708442025,6
2026-06-17,hobak,애호박,채소류,볶음,1184.0,1193.142857142857,1001.8,-0.1686340640809414,4.409171075837737,6
2026-06-18,hobak,애호박,채소류,볶음,1116.0,1185.2857142857142,1007.3,-5.743243243243246,17.350157728706627,6
2026-06-19,hobak,애호박,채소류,볶음,1104.0,1173.2857142857142,1012.9,-1.0752688172043001,17.948717948717952,6
2026-06-22,hobak,애호박,채소류,볶음,1135.0,1162.857142857143,1019.7333333333333,2.8079710144927494,22.043010752688176,6
2026-06-23,hobak,애호박,채소류,볶음,1138.0,1153.0,1026.9333333333334,0.2643171806167466,23.427331887201742,6
2026-06-24,hobak,애호박,채소류,볶음,1121.0,1140.5714285714287,1034.1666666666667,-1.493848857644986,24.004424778761056,6
2026-06-25,hobak,애호박,채소류,볶음,994.0,1113.142857142857,1037.6333333333334,-11.329170383586085,11.685393258426968,6
2026-06-26,hobak,애호박,채소류,볶음,983.0,1084.4285714285713,1040.7333333333333,-1.106639839034207,10.449438202247197,6
2026-06-29,hobak,애호박,채소류,볶음,969.0,1063.4285714285713,1043.8,-1.4242115971515812,10.490307867730909,6
2026-06-30,hobak,애호박,채소류,볶음,960.0,1042.857142857143,1046.9666666666667,-0.9287925696594423,10.982658959537561,6
2026-07-01,hobak,애호박,채소류,볶음,960.0,1017.8571428571429,1050.3,0.0,11.627906976744185,7
2026-07-02,hobak,애호박,채소류,볶음,1056.0,1006.1428571428571,1057.9,10.000000000000009,27.536231884057962,7
2026-07-03,hobak,애호박,채소류,볶음,1039.0,994.4285714285714,1064.9666666666667,-1.6098484848484862,25.6348246674728,7
2026-07-06,hobak,애호박,채소류,볶음,1028.0,999.2857142857143,1071.5333333333333,-1.0587102983638075,23.706377858002405,7
2026-07-07,hobak,애호박,채소류,볶음,1026.0,1005.4285714285714,1077.9,-0.1945525291828787,22.874251497005993,7
2026-07-08,hobak,애호박,채소류,볶음,1011.0,1011.4285714285714,1083.1,-1.4619883040935644,18.24561403508771,7
2026-07-09,hobak,애호박,채소류,볶음,1000.0,1017.1428571428571,1082.2666666666667,-1.0880316518298683,-2.4390243902439046,7
2026-07-10,hobak,애호박,채소류,볶음,989.0,1021.2857142857143,1080.7666666666667,-1.100000000000001,-4.352030947775631,7
2026-07-13,hobak,애호박,채소류,볶음,1022.0,1016.4285714285714,1080.2,3.336703741152669,-1.6361886429258954,7
2026-07-14,hobak,애호박,채소류,볶음,1021.0,1013.8571428571429,1079.3666666666666,-0.09784735812132794,-2.390057361376674,7
2026-07-15,hobak,애호박,채소류,볶음,1024.0,1013.2857142857143,1078.2666666666667,0.2938295788442735,-3.122043519394513,7
2026-07-16,hobak,애호박,채소류,볶음,987.0,1007.7142857142857,1075.5666666666666,-3.61328125,-7.584269662921351,7
2026-07-17,hobak,애호박,채소류,볶음,1056.5,1014.2142857142857,1074.85,7.041540020263426,-1.9944341372912788,7
2026-07-20,hobak,애호박,채소류,볶음,1126.0,1032.2142857142858,1073.9166666666667,6.578324656885948,-2.4263431542461023,7
2026-07-21,hobak,애호박,채소류,볶음,1164.0,1057.2142857142858,1073.6833333333334,3.374777975133214,-0.5977796754910281,7
2026-07-22,hobak,애호박,채소류,볶음,1162.0,1077.2142857142858,1072.8166666666666,-0.1718213058419238,-2.188552188552184,7
2026-07-23,hobak,애호박,채소류,볶음,1158.0,1096.7857142857142,1071.15,-0.344234079173833,-4.139072847682124,7
2026-07-24,hobak,애호박,채소류,볶음,1166.0,1117.0714285714287,1069.7833333333333,0.6908462867012188,-3.396851698425851,7
2026-07-27,hobak,애호박,채소류,볶음,1180.0,1144.642857142857,1068.85,1.2006861063464935,-2.3178807947019875,7
2026-07-28,hobak,애호박,채소류,볶음,1172.0,1161.142857142857,1068.3833333333334,-0.6779661016949157,-1.180438448566612,7
2026-07-29,hobak,애호박,채소류,볶음,1221.0,1174.7142857142858,1069.6166666666666,4.180887372013653,3.125,7
2026-07-30,hobak,애호박,채소류,볶음,1139.0,1171.142857142857,1070.3833333333334,-6.715806715806716,2.0609318996415826,7
2026-07-31,hobak,애호박,채소류,볶음,1161.0,1171.0,1072.2833333333333,1.9315188762071944,5.163043478260865,7
2026-08-03,hobak,애호박,채소류,볶음,1189.0,1175.4285714285713,1074.0833333333333,2.4117140396210157,4.7577092511013275,8
2026-08-04,hobak,애호박,채소류,볶음,1214.0,1182.2857142857142,1076.6166666666666,2.1026072329688894,6.678383128295251,8
2026-08-05,hobak,애호박,채소류,볶음,1214.0,1187.142857142857,1079.7166666666667,0.0,8.296164139161455,8
2026-08-06,hobak,애호박,채소류,볶음,1498.0,1233.7142857142858,1096.5166666666667,23.393739703459637,50.70422535211267,8
2026-08-07,hobak,애호박,채소류,볶음,1504.0,1274.142857142857,1113.8833333333334,0.4005340453938633,53.001017293997975,8
2026-08-10,hobak,애호박,채소류,볶음,1491.0,1324.4285714285713,1131.2833333333333,-0.8643617021276584,53.86996904024768,8
2026-08-11,hobak,애호박,채소류,볶음,1497.0,1372.4285714285713,1149.1833333333334,0.4024144869215318,55.93749999999999,8
2026-08-12,hobak,애호박,채소류,볶음,1501.0,1417.0,1167.2166666666667,0.2672010688042681,56.35416666666666,8
2026-08-13,hobak,애호박,채소류,볶음,1504.0,1458.4285714285713,1182.15,0.19986675549632515,42.42424242424243,8
2026-08-14,hobak,애호박,채소류,볶음,1502.0,1499.5714285714287,1197.5833333333333,-0.13297872340425343,44.56207892204043,8
2026-08-17,hobak,애호박,채소류,볶음,1509.0,1501.142857142857,1213.6166666666666,0.46604527296938425,46.78988326848248,8
2026-08-18,hobak,애호박,채소류,볶음,1516.0,1502.857142857143,1229.95,0.46388336646785433,47.758284600389864,8
2026-08-19,hobak,애호박,채소류,볶음,1489.0,1502.5714285714287,1245.8833333333334,-1.781002638522422,47.279920870425315,8
2026-08-20,hobak,애호박,채소류,볶음,1435.0,1493.7142857142858,1260.3833333333334,-3.6265950302216243,43.50000000000001,8
2026-08-21,hobak,애호박,채소류,볶음,1311.0,1466.5714285714287,1271.1166666666666,-8.6411149825784,32.558139534883715,8
2026-08-24,hobak,애호박,채소류,볶음,1386.0,1449.7142857142858,1283.25,5.720823798626995,35.616438356164394,8
2026-08-25,hobak,애호박,채소류,볶음,1381.0,1432.4285714285713,1295.25,-0.3607503607503615,35.259549461312446,8
2026-08-26,hobak,애호박,채소류,볶음,1406.0,1417.7142857142858,1307.9833333333333,1.8102824040550303,37.3046875,8
2026-08-27,hobak,애호박,채소류,볶음,1692.0,1442.857142857143,1331.4833333333333,20.341394025604554,71.42857142857142,8
2026-08-28,hobak,애호박,채소류,볶음,1736.0,1478.142857142857,1354.1333333333334,2.6004728132387633,64.31613819214388,8
2026-08-31,hobak,애호박,채소류,볶음,1736.0,1521.142857142857,1374.4666666666667,0.0,54.174067495559505,8
2026-09-01,hobak,애호박,채소류,볶음,1808.0,1592.142857142857,1395.9333333333334,4.147465437788012,55.32646048109966,9
2026-09-02,hobak,애호박,채소류,볶음,2032.0,1684.4285714285713,1424.9333333333334,12.389380530973447,74.87091222030982,9
2025-09-10,mu,무,채소류,국물,2280.0,,,,,9
2025-09-11,mu,무,채소류,국물,2196.0,,,-3.68421052631579,,9
2025-09-12,mu,무,채소류,국물,2163.0,2213.0,,-1.5027322404371546,,9
2025-09-15,mu,무,채소류,국물,2025.0,2166.0,,-6.380027739251037,,9
2025-09-16,mu,무,채소류,국물,2015.0,2135.8,,-0.4938271604938316,,9
2025-09-17,mu,무,채소류,국물,2017.0,2116.0,,0.09925558312655625,,9
2025-09-18,mu,무,채소류,국물,2004.0,2100.0,,-0.6445215666831983,,9
2025-09-19,mu,무,채소류,국물,1994.0,2059.1428571428573,,-0.4990019960079861,,9
2025-09-22,mu,무,채소류,국물,1970.0,2026.857142857143,,-1.2036108324974926,,9
2025-09-23,mu,무,채소류,국물,2005.0,2004.2857142857142,2066.9,1.7766497461928932,,9
2025-09-24,mu,무,채소류,국물,1998.0,2000.4285714285713,2060.6363636363635,-0.3491271820448838,,9
2025-09-25,mu,무,채소류,국물,1955.0,1991.857142857143,2051.8333333333335,-2.1521521521521536,,9
2025-09-26,mu,무,채소류,국물,1954.0,1982.857142857143,2044.3076923076924,-0.0511508951406614,,9
2025-09-29,mu,무,채소류,국물,1985.0,1980.142857142857,2040.0714285714287,1.586489252814749,,9
2025-09-30,mu,무,채소류,국물,1976.0,1977.5714285714287,2035.8,-0.45340050377833396,,9
2025-10-01,mu,무,채소류,국물,1943.0,1973.7142857142858,2030.0,-1.67004048582996,,10
2025-10-02,mu,무,채소류,국물,1941.0,1964.5714285714287,2024.764705882353,-0.10293360782295258,,10
2025-10-03,mu,무,채소류,국물,2016.0,1967.142857142857,2024.2777777777778,3.863987635239563,,10
2025-10-06,mu,무,채소류,국물,2091.0,1986.5714285714287,2027.7894736842106,3.720238095238093,,10
2025-10-07,mu,무,채소류,국물,2166.0,2016.857142857143,2034.7,3.5868005738880937,,10
2025-10-10,mu,무,채소류,국물,2391.0,2074.8571428571427,2051.6666666666665,10.387811634349031,,10
2025-10-13,mu,무,채소류,국물,2419.0,2138.1428571428573,2068.3636363636365,1.1710581346716875,,10
2025-10-14,mu,무,채소류,국물,2425.0,2207.0,2083.8695652173915,0.24803637866888106,,10
2025-10-15,mu,무,채소류,국물,2419.0,2275.285714285714,2097.8333333333335,-0.24742268041236803,,10
2025-10-16,mu,무,채소류,국물,2459.0,2338.5714285714284,2112.28,1.6535758577924664,,10
2025-10-17,mu,무,채소류,국물,2456.0,2390.714285714286,2125.5,-0.12200081333875179,,10
2025-10-20,mu,무,채소류,국물,2428.0,2428.1428571428573,2136.703703703704,-1.140065146579805,,10
2025-10-21,mu,무,채소류,국물,2411.0,2431.0,2146.5,-0.7001647446458037,,10
2025-10-22,mu,무,채소류,국물,2380.0,2425.4285714285716,2154.551724137931,-1.2857735379510626,,10
2025-10-23,mu,무,채소류,국물,2379.0,2418.8571428571427,2162.0333333333333,-0.042016806722688926,,10
2025-10-24,mu,무,채소류,국물,2334.0,2406.714285714286,2163.8333333333335,-1.8915510718789386,2.368421052631575,10
2025-10-27,mu,무,채소류,국물,2298.0,2383.714285714286,2167.233333333333,-1.5424164524421635,4.644808743169393,10
2025-10-28,mu,무,채소류,국물,2289.0,2359.8571428571427,2171.4333333333334,-0.3916449086161844,5.825242718446599,10
2025-10-29,mu,무,채소류,국물,2248.0,2334.1428571428573,2178.866666666667,-1.7911751856706015,11.012345679012348,10
2025-10-30,mu,무,채소류,국물,1936.0,2266.285714285714,2176.233333333333,-13.87900355871886,-3.9205955334987608,10
2025-10-31,mu,무,채소류,국물,1927.0,2201.5714285714284,2173.233333333333,-0.4648760330578483,-4.462072384729798,10
2025-11-03,mu,무,채소류,국물,1922.0,2136.285714285714,2170.5,-0.2594706798131785,-4.091816367265466,11
2025-11-04,mu,무,채소류,국물,1894.0,2073.4285714285716,2167.1666666666665,-1.4568158168574374,-5.015045135406215,11
2025-11-05,mu,무,채소류,국물,1882.0,2014.0,2164.233333333333,-0.6335797254487852,-4.467005076142128,11
2025-11-06,mu,무,채소류,국물,1969.0,1968.2857142857142,2163.0333333333333,4.622741764080773,-1.7955112219451341,11
2025-11-07,mu,무,채소류,국물,2007.0,1933.857142857143,2163.3333333333335,1.9299136617572321,0.45045045045044585,11
2025-11-10,mu,무,채소류,국물,2017.0,1945.4285714285713,2165.4,0.49825610363727346,3.171355498721229,11
2025-11-11,mu,무,채소류,국물,2049.0,1962.857142857143,2168.5666666666666,1.586514625681712,4.8618219037871,11
2025-11-12,mu,무,채소류,국물,2054.0,1981.7142857142858,2170.866666666667,0.24402147388971063,3.4760705289672567,11
2025-11-13,mu,무,채소류,국물,1961.0,1991.2857142857142,2170.366666666667,-4.527750730282376,-0.7591093117408909,11
2025-11-14,mu,무,채소류,국물,1948.0,2000.7142857142858,2170.5333333333333,-0.6629270780214136,0.257334019557387,11
2025-11-17,mu,무,채소류,국물,1967.0,2000.4285714285713,2171.4,0.9753593429158158,1.3395157135497104,11
2025-11-18,mu,무,채소류,국물,2017.0,2001.857142857143,2171.4333333333334,2.5419420437214013,0.04960317460318553,11
2025-11-19,mu,무,채소류,국물,2027.0,2003.2857142857142,2169.3,0.49578582052554054,-3.0607364897178413,11
2025-11-20,mu,무,채소류,국물,2264.0,2034.0,2172.5666666666666,11.692155895411949,4.524469067405357,11
2025-11-21,mu,무,채소류,국물,2273.0,2065.285714285714,2168.633333333333,0.3975265017667873,-4.935173567544959,11
2025-11-24,mu,무,채소류,국물,2377.0,2124.714285714286,2167.233333333333,4.5754509458864945,-1.7362546506821008,11
2025-11-25,mu,무,채소류,국물,2376.0,2185.8571428571427,2165.6,-0.042069835927638355,-2.020618556701026,11
2025-11-26,mu,무,채소류,국물,2397.0,2247.285714285714,2164.866666666667,0.8838383838383868,-0.9094667217858565,11
2025-11-27,mu,무,채소류,국물,2350.0,2294.8571428571427,2161.233333333333,-1.9607843137254943,-4.432696217974785,11
2025-11-28,mu,무,채소류,국물,2358.0,2342.1428571428573,2157.9666666666667,0.34042553191488967,-3.9902280130293177,11
2025-12-01,mu,무,채소류,국물,2370.0,2357.285714285714,2156.0333333333333,0.5089058524172962,-2.388797364085671,12
2025-12-02,mu,무,채소류,국물,2422.0,2378.5714285714284,2156.4,2.1940928270042237,0.45624222314393226,12
2025-12-03,mu,무,채소류,국물,2430.0,2386.1428571428573,2158.0666666666666,0.3303055326176807,2.1008403361344463,12
2025-12-04,mu,무,채소류,국물,2489.0,2402.285714285714,2161.733333333333,2.427983539094658,4.6237915090374,12
2025-12-05,mu,무,채소류,국물,2515.5,2419.214285714286,2167.7833333333333,1.0646846122940978,7.776349614395883,12
2025-12-08,mu,무,채소류,국물,2542.0,2446.6428571428573,2175.9166666666665,1.0534684953289686,10.617928633594431,12
2025-12-09,mu,무,채소류,국물,2534.0,2471.785714285714,2184.0833333333335,-0.31471282454760274,10.7033639143731,12
2025-12-10,mu,무,채소류,국물,2543.0,2496.5,2193.9166666666665,0.3551696921862746,13.12277580071175,12
2025-12-11,mu,무,채소류,국물,2539.0,2513.214285714286,2214.016666666667,-0.1572945340149401,31.146694214876035,12
2025-12-12,mu,무,채소류,국물,2544.0,2529.5,2234.5833333333335,0.1969279243796862,32.018681888946546,12
2025-12-15,mu,무,채소류,국물,2529.0,2535.214285714286,2254.8166666666666,-0.5896226415094352,31.581685744016653,12
2025-12-16,mu,무,채소류,국물,2541.0,2538.8571428571427,2276.383333333333,0.47449584816132706,34.16050686378036,12
2025-12-17,mu,무,채소류,국물,2562.0,2541.714285714286,2299.05,0.8264462809917328,36.1317747077577,12
2025-12-18,mu,무,채소류,국물,2229.0,2498.1428571428573,2307.7166666666667,-12.997658079625296,13.204672422549525,12
2025-12-19,mu,무,채소류,국물,2174.0,2445.4285714285716,2313.2833333333333,-2.4674742036787767,8.320876930742394,12
2025-12-22,mu,무,채소류,국물,2162.0,2391.5714285714284,2318.116666666667,-0.5519779208831621,7.188894397620227,12
2025-12-23,mu,무,채소류,국물,2169.0,2338.0,2322.116666666667,0.3237742830712209,5.856515373352855,12
2025-12-24,mu,무,채소류,국물,2206.0,2291.8571428571427,2327.1833333333334,1.7058552328261811,7.400194741966892,12
2025-12-25,mu,무,채소류,국물,2211.0,2244.714285714286,2335.516666666667,0.2266545784224805,12.748597654258042,12
2025-12-26,mu,무,채소류,국물,2216.0,2195.285714285714,2344.45,0.22614201718680338,13.757700205338818,12
2025-12-29,mu,무,채소류,국물,2172.0,2187.1428571428573,2351.2833333333333,-1.9855595667869985,10.421962379257742,12
2025-12-30,mu,무,채소류,국물,2166.0,2186.0,2356.25,-0.2762430939226568,7.387208725830452,12
2025-12-31,mu,무,채소류,국물,2169.0,2187.0,2360.983333333333,0.13850415512466352,7.0054267390231795,12
2026-01-01,mu,무,채소류,국물,2299.5,2205.6428571428573,2362.1666666666665,6.016597510373445,1.5680212014134165,1
2026-01-02,mu,무,채소류,국물,2430.0,2237.6428571428573,2367.4,5.675146771037176,6.907171139463264,1
2026-01-05,mu,무,채소류,국물,2407.0,2265.6428571428573,2368.4,-0.9465020576131633,1.262095077829195,1
2026-01-06,mu,무,채소류,국물,2411.0,2293.5,2369.5666666666666,0.16618196925632933,1.4730639730639705,1
2026-01-07,mu,무,채소류,국물,2383.0,2323.6428571428573,2369.1,-1.1613438407299892,-0.5840634125990785,1
2026-01-08,mu,무,채소류,국물,2261.0,2337.214285714286,2366.133333333333,-5.119597146454047,-3.787234042553189,1
2026-01-09,mu,무,채소류,국물,2255.0,2349.5,2362.7,-0.26536930561698036,-4.368108566581852,1
2026-01-12,mu,무,채소류,국물,2271.0,2345.4285714285716,2359.4,0.709534368070952,-4.177215189873418,1
2026-01-13,mu,무,채소류,국물,2239.0,2318.1428571428573,2353.3,-1.4090708938793495,-7.5557390586292295,1
2026-01-14,mu,무,채소류,국물,2211.0,2290.1428571428573,2346.0,-1.250558284948633,-9.012345679012345,1
2026-01-15,mu,무,채소류,국물,2163.0,2254.714285714286,2335.133333333333,-2.170963364993217,-13.097629570108483,1
2026-01-16,mu,무,채소류,국물,2150.0,2221.4285714285716,2322.95,-0.6010171058714708,-14.529914529914533,1
2026-01-19,mu,무,채소류,국물,2145.0,2204.8571428571427,2309.7166666666667,-0.23255813953488857,-15.617623918174662,1
2026-01-20,mu,무,채소류,국물,2121.0,2185.714285714286,2295.95,-1.118881118881121,-16.29834254143646,1
2026-01-21,mu,무,채소류,국물,2131.0,2165.714285714286,2282.2166666666667,0.47147571900048035,-16.20133700353913,1
2026-01-22,mu,무,채소류,국물,2121.0,2148.8571428571427,2268.2833333333333,-0.46926325668700253,-16.463174478140996,1
2026-01-23,mu,무,채소류,국물,2100.0,2133.0,2253.483333333333,-0.990099009900991,-17.452830188679247,1
2026-01-26,mu,무,채소류,국물,2104.0,2124.5714285714284,2239.3166666666666,0.19047619047618536,-16.805061289047053,1
2026-01-27,mu,무,채소류,국물,2101.0,2117.5714285714284,2224.65,-0.1425855513307983,-17.31601731601732,1
2026-01-28,mu,무,채소류,국물,2081.0,2108.4285714285716,2208.616666666667,-0.9519276534983301,-18.774395003903198,1
2026-01-29,mu,무,채소류,국물,2114.0,2107.4285714285716,2204.7833333333333,1.5857760691974976,-5.159264244055628,1
2026-01-30,mu,무,채소류,국물,2120.0,2105.8571428571427,2202.983333333333,0.2838221381267658,-2.483900643974246,1
2026-02-02,mu,무,채소류,국물,2024.0,2092.0,2198.383333333333,-4.528301886792452,-6.382978723404253,2
2026-02-03,mu,무,채소류,국물,2009.0,2079.0,2193.05,-0.7411067193675902,-7.376671277086211,2
2026-02-04,mu,무,채소류,국물,2012.0,2065.8571428571427,2186.5833333333335,0.1493280238924921,-8.79419764279239,2
2026-02-05,mu,무,채소류,국물,1952.0,2044.5714285714287,2177.95,-2.982107355864816,-11.714156490275895,2
2026-02-06,mu,무,채소류,국물,1988.0,2031.2857142857142,2170.35,1.8442622950819665,-10.28880866425993,2
2026-02-09,mu,무,채소류,국물,2016.0,2017.2857142857142,2165.15,1.4084507042253502,-7.182320441988955,2
2026-02-10,mu,무,채소류,국물,2020.0,2003.0,2160.2833333333333,0.1984126984126977,-6.740535549399818,2
2026-02-11,mu,무,채소류,국물,2003.0,2000.0,2154.75,-0.8415841584158423,-7.653296449976943,2
2026-02-12,mu,무,채소류,국물,2182.0,2024.7142857142858,2150.8333333333335,8.936595107338995,-5.109806479669499,2
2026-02-13,mu,무,채소류,국물,2207.0,2052.5714285714284,2143.4,1.14573785517873,-9.17695473251029,2
2026-02-16,mu,무,채소류,국물,2212.5,2089.785714285714,2136.9166666666665,0.24920706841866647,-8.080598255089322,2
2026-02-17,mu,무,채소류,국물,2218.0,2122.6428571428573,2130.483333333333,0.2485875706214724,-8.00497718788884,2
2026-02-18,mu,무,채소류,국물,2223.5,2152.285714285714,2125.1666666666665,0.2479711451758293,-6.693243810323124,2
2026-02-19,mu,무,채소류,국물,2229.0,2182.1428571428573,2124.1,0.2473577692826634,-1.4153029632905767,2
2026-02-20,mu,무,채소류,국물,2144.0,2202.285714285714,2120.4,-3.8133692238672023,-4.922394678492237,2
2026-02-23,mu,무,채소류,국물,2259.0,2213.285714285714,2120.0,5.363805970149249,-0.5284015852047519,2
2026-02-24,mu,무,채소류,국물,2241.0,2218.1428571428573,2120.0666666666666,-0.7968127490039834,0.08932559178205235,2
2026-02-25,mu,무,채소류,국물,2232.0,2220.9285714285716,2120.766666666667,-0.40160642570281624,0.9497964721845387,2
2026-02-26,mu,무,채소류,국물,2271.0,2228.5,2124.366666666667,1.7473118279569988,4.993065187239942,2
2026-02-27,mu,무,채소류,국물,2311.0,2241.0,2129.733333333333,1.7613386173491952,7.488372093023266,2
2026-03-02,mu,무,채소류,국물,2319.0,2253.8571428571427,2135.5333333333333,0.3461704889658135,8.11188811188812,3
2026-03-03,mu,무,채소류,국물,2327.0,2280.0,2142.4,0.34497628288054916,9.712399811409721,3
2026-03-04,mu,무,채소류,국물,2301.0,2286.0,2148.0666666666666,-1.1173184357541888,7.977475363679032,3
2026-03-05,mu,무,채소류,국물,2189.0,2278.5714285714284,2150.3333333333335,-4.867448935245545,3.206034889203213,3
2026-03-06,mu,무,채소류,국물,2190.0,2272.5714285714284,2153.3333333333335,0.04568296025582175,4.285714285714293,3
2026-03-09,mu,무,채소류,국물,2192.0,2261.285714285714,2156.266666666667,0.09132420091324533,4.1825095057034245,3
2026-03-10,mu,무,채소류,국물,2191.0,2244.1428571428573,2159.266666666667,-0.045620437956206406,4.283674440742513,3
2026-03-11,mu,무,채소류,국물,2172.0,2223.1428571428573,2162.3,-0.867183934276583,4.3728976453628166,3
2026-03-12,mu,무,채소류,국물,2092.0,2189.5714285714284,2161.5666666666666,-3.6832412523020275,-1.040681173131508,3
2026-03-13,mu,무,채소류,국물,2087.0,2159.0,2160.4666666666667,-0.23900573613766518,-1.556603773584908,3
2026-03-16,mu,무,채소류,국물,2084.0,2144.0,2162.4666666666667,-0.14374700527072237,2.964426877470361,3
2026-03-17,mu,무,채소류,국물,2080.0,2128.285714285714,2164.8333333333335,-0.19193857965451588,3.534096565455447,3
2026-03-18,mu,무,채소류,국물,2083.0,2112.714285714286,2167.2,0.14423076923077982,3.528827037773352,3
2026-03-19,mu,무,채소류,국물,1959.0,2079.5714285714284,2167.4333333333334,-5.9529524723955785,0.3586065573770503,3
2026-03-20,mu,무,채소류,국물,1944.0,2047.0,2165.9666666666667,-0.7656967840735107,-2.213279678068414,3
2026-03-23,mu,무,채소류,국물,1943.0,2025.7142857142858,2163.5333333333333,-0.051440329218110925,-3.6210317460317443,3
2026-03-24,mu,무,채소류,국물,1922.0,2002.142857142857,2160.266666666667,-1.0808028821410187,-4.851485148514856,3
2026-03-25,mu,무,채소류,국물,1929.0,1980.0,2157.8,0.36420395421437046,-3.6944583125312014,3
2026-03-26,mu,무,채소류,국물,1866.0,1949.4285714285713,2147.266666666667,-3.265940902021769,-14.482126489459212,3
2026-03-27,mu,무,채소류,국물,1847.0,1915.7142857142858,2135.266666666667,-1.018220793140412,-16.311735387403715,3
2026-03-30,mu,무,채소류,국물,1859.0,1901.4285714285713,2123.483333333333,0.6497022198159286,-15.977401129943502,3
2026-03-31,mu,무,채소류,국물,1826.0,1884.5714285714287,2110.4166666666665,-1.7751479289940808,-17.673579801623085,3
2026-04-01,mu,무,채소류,국물,1825.0,1867.7142857142858,2097.133333333333,-0.05476451259583959,-17.92219473802563,4
2026-04-02,mu,무,채소류,국물,1816.0,1852.5714285714287,2083.366666666667,-0.49315068493150926,-18.528488111260653,4
2026-04-03,mu,무,채소류,국물,1780.0,1831.2857142857142,2071.233333333333,-1.982378854625555,-16.97761194029851,4
2026-04-06,mu,무,채소류,국물,1794.0,1821.0,2055.733333333333,0.786516853932584,-20.58432934926959,4
2026-04-07,mu,무,채소류,국물,1798.0,1814.0,2040.9666666666667,0.22296544035673715,-19.76796073181616,4
2026-04-08,mu,무,채소류,국물,1799.0,1805.4285714285713,2026.5333333333333,0.05561735261401246,-19.399641577060933,4
2026-04-09,mu,무,채소류,국물,1735.0,1792.4285714285713,2008.6666666666667,-3.5575319622012214,-23.601937472479083,4
2026-04-10,mu,무,채소류,국물,1876.0,1799.7142857142858,1994.1666666666667,8.126801152737762,-18.823020337516226,4
2026-04-13,mu,무,채소류,국물,1903.0,1812.142857142857,1980.3,1.4392324093816633,-17.938766709788702,4
2026-04-14,mu,무,채소류,국물,1940.0,1835.0,1967.4,1.9442984760903892,-16.630855178341207,4
2026-04-15,mu,무,채소류,국물,1959.0,1858.5714285714287,1956.0,0.9793814432989656,-14.86310299869622,4
2026-04-16,mu,무,채소류,국물,1893.0,1872.142857142857,1946.1333333333334,-3.369065849923425,-13.52215623572407,4
2026-04-17,mu,무,채소류,국물,1876.0,1883.142857142857,1935.6666666666667,-0.898045430533545,-14.337899543378995,4
2026-04-20,mu,무,채소류,국물,1876.0,1903.2857142857142,1925.1333333333334,0.0,-14.41605839416058,4
2026-04-21,mu,무,채소류,국물,1943.0,1912.857142857143,1916.8666666666666,3.571428571428581,-11.319032405294383,4
2026-04-22,mu,무,채소류,국물,1958.0,1920.7142857142858,1909.7333333333333,0.772002058672161,-9.852670349907921,4
2026-04-23,mu,무,채소류,국물,2058.0,1937.5714285714287,1908.6,5.107252298263543,-1.6252390057361343,4
2026-04-24,mu,무,채소류,국물,2050.0,1950.5714285714287,1907.3666666666666,-0.38872691933916625,-1.772879731672261,4
2026-04-27,mu,무,채소류,국물,2036.0,1971.0,1905.7666666666667,-0.6829268292682933,-2.303262955854124,4
2026-04-28,mu,무,채소류,국물,2051.0,1996.0,1904.8,0.7367387033398787,-1.3942307692307643,4
2026-04-29,mu,무,채소류,국물,2041.0,2019.5714285714287,1903.4,-0.4875670404680621,-2.01632261161786,4
2026-04-30,mu,무,채소류,국물,1983.0,2025.2857142857142,1904.2,-2.8417442430181294,1.2251148545176171,4
2026-05-01,mu,무,채소류,국물,1917.0,2019.4285714285713,1903.3,-3.3282904689863835,-1.388888888888884,5
2026-05-04,mu,무,채소류,국물,1851.0,1989.857142857143,1900.2333333333333,-3.4428794992175327,-4.734945959855896,5
2026-05-05,mu,무,채소류,국물,1873.5,1964.642857142857,1898.6166666666666,1.2155591572123203,-2.523413111342354,5
2026-05-06,mu,무,채소류,국물,1896.0,1944.642857142857,1897.5166666666667,1.2009607686148893,-1.7107309486780742,5
2026-05-07,mu,무,채소류,국물,2162.0,1960.5,1907.3833333333334,14.029535864978904,15.86280814576635,5
2026-05-08,mu,무,채소류,국물,2180.0,1980.357142857143,1918.4833333333333,0.8325624421831712,18.029236599891707,5
2026-05-11,mu,무,채소류,국물,2206.0,2012.2142857142858,1930.05,1.192660550458724,18.665949435180206,5
2026-05-12,mu,무,채소류,국물,2192.0,2051.5,1942.25,-0.6346328195829587,20.043811610076666,5
2026-05-13,mu,무,채소류,국물,2167.0,2096.6428571428573,1953.65,-1.1405109489051046,18.739726027397264,5
2026-05-14,mu,무,채소류,국물,2256.0,2151.285714285714,1968.3166666666666,4.10706045223812,24.229074889867853,5
2026-05-15,mu,무,채소류,국물,2235.0,2199.714285714286,1983.4833333333333,-0.9308510638297851,25.561797752808978,5
2026-05-18,mu,무,채소류,국물,2169.0,2200.714285714286,1995.9833333333333,-2.9530201342281903,20.903010033444815,5
2026-05-19,mu,무,채소류,국물,2184.0,2201.285714285714,2008.85,0.6915629322268302,21.468298109010007,5
2026-05-20,mu,무,채소류,국물,2192.0,2199.285714285714,2021.95,0.366300366300365,21.845469705391874,5
2026-05-21,mu,무,채소류,국물,2063.0,2180.8571428571427,2032.8833333333334,-5.885036496350359,18.904899135446684,5
2026-05-22,mu,무,채소류,국물,2041.0,2162.8571428571427,2038.3833333333334,-1.0664081434803685,8.795309168443488,5
2026-05-25,mu,무,채소류,국물,2021.5,2129.3571428571427,2042.3333333333333,-0.9554140127388533,6.227009984235421,5
2026-05-26,mu,무,채소류,국물,2002.0,2096.0714285714284,2044.4,-0.9646302250803873,3.1958762886598047,5
2026-05-27,mu,무,채소류,국물,2025.0,2075.5,2046.6,1.1488511488511488,3.369065849923425,5
2026-05-28,mu,무,채소류,국물,2026.0,2052.9285714285716,2051.0333333333333,0.049382716049373165,7.025884838880092,5
2026-05-29,mu,무,채소류,국물,2002.0,2025.7857142857142,2055.233333333333,-1.1846001974333609,6.7164179104477695,5
2026-06-01,mu,무,채소류,국물,1987.0,2014.9285714285713,2058.9333333333334,-0.7492507492507516,5.9168443496801615,6
2026-06-02,mu,무,채소류,국물,1994.0,2008.2142857142858,2060.633333333333,0.352289884247603,2.6248069994853296,6
2026-06-03,mu,무,채소류,국물,1957.5,1999.0714285714287,2060.616666666667,-1.830491474423268,-0.025536261491321266,6
2026-06-04,mu,무,채소류,국물,1921.0,1987.5,2056.05,-1.8646232439335941,-6.65694849368319,6
2026-06-05,mu,무,채소류,국물,1927.0,1973.5,2051.95,0.3123373243102634,-6.000000000000005,6
2026-06-08,mu,무,채소류,국물,1956.0,1963.5,2049.2833333333333,1.5049299429164442,-3.9292730844793677,6
2026-06-09,mu,무,채소류,국물,1957.0,1957.0714285714287,2046.15,0.05112474437627412,-4.583130180399808,6
2026-06-10,mu,무,채소류,국물,1930.0,1948.9285714285713,2042.45,-1.37966274910577,-5.438510534051932,6
2026-06-11,mu,무,채소류,국물,1947.0,1942.2142857142858,2041.25,0.880829015544049,-1.8154311649016597,6
2026-06-12,mu,무,채소류,국물,1931.0,1938.4285714285713,2041.7166666666667,-0.8217770929635382,0.7303077725612894,6
2026-06-15,mu,무,채소류,국물,1879.0,1932.4285714285713,2042.65,-2.6929052304505485,1.512695840086442,6
2026-06-16,mu,무,채소류,국물,1874.0,1924.857142857143,2042.6666666666667,-0.2660989888238374,0.02668801708032298,6
2026-06-17,mu,무,채소류,국물,1888.0,1915.142857142857,2042.4,0.7470651013874008,-0.42194092827003704,6
2026-06-18,mu,무,채소류,국물,1952.0,1914.4285714285713,2035.4,3.3898305084745672,-9.713228492136905,6
2026-06-19,mu,무,채소류,국물,1965.0,1919.4285714285713,2028.2333333333333,0.6659836065573854,-9.86238532110092,6
2026-06-22,mu,무,채소류,국물,1961.0,1921.4285714285713,2020.0666666666666,-0.20356234096692294,-11.10607434270172,6
2026-06-23,mu,무,채소류,국물,1931.0,1921.4285714285713,2011.3666666666666,-1.5298317185109656,-11.906934306569338,6
2026-06-24,mu,무,채소류,국물,1939.0,1930.0,2003.7666666666667,0.4142931123770177,-10.521458237194281,6
2026-06-25,mu,무,채소류,국물,1966.0,1943.142857142857,1994.1,1.392470345538932,-12.85460992907801,6
2026-06-26,mu,무,채소류,국물,1974.0,1955.4285714285713,1985.4,0.4069175991861629,-11.677852348993289,6
2026-06-29,mu,무,채소류,국물,1993.0,1961.2857142857142,1979.5333333333333,0.9625126646403137,-8.114338404794841,6
2026-06-30,mu,무,채소류,국물,2001.0,1966.4285714285713,1973.4333333333334,0.4014049172102352,-8.379120879120883,6
2026-07-01,mu,무,채소류,국물,2013.0,1973.857142857143,1967.4666666666667,0.599700149925031,-8.16605839416058,7
2026-07-02,mu,무,채소류,국물,1830.0,1959.4285714285713,1959.7,-9.090909090909093,-11.294231701405721,7
2026-07-03,mu,무,채소류,국물,1801.0,1939.7142857142858,1951.7,-1.5846994535519077,-11.758941695247426,7
2026-07-06,mu,무,채소류,국물,1804.0,1916.5714285714287,1944.45,0.16657412548584105,-10.759337125896607,7
2026-07-07,mu,무,채소류,국물,1832.0,1896.2857142857142,1938.7833333333333,1.55210643015522,-8.491508491508492,7
2026-07-08,mu,무,채소류,국물,1859.0,1877.142857142857,1933.25,1.473799126637565,-8.197530864197534,7
2026-07-09,mu,무,채소류,국물,2073.0,1887.4285714285713,1934.8166666666666,11.5115653577192,2.3198420533070196,7
2026-07-10,mu,무,채소류,국물,2029.0,1889.7142857142858,1935.7166666666667,-2.1225277375783835,1.3486513486513418,7
2026-07-13,mu,무,채소류,국물,2042.0,1920.0,1937.55,0.6407097092163694,2.767991947659798,7
2026-07-14,mu,무,채소류,국물,2054.0,1956.142857142857,1939.55,0.587659157688547,3.0090270812437314,7
2026-07-15,mu,무,채소류,국물,2058.0,1992.4285714285713,1942.9,0.19474196689386325,5.134099616858245,7
2026-07-16,mu,무,채소류,국물,1979.0,2013.4285714285713,1944.8333333333333,-3.838678328474243,3.0192608016657907,7
2026-07-17,mu,무,채소류,국물,1968.0,2029.0,1946.2,-0.5558362809499728,2.127659574468077,7
2026-07-20,mu,무,채소류,국물,1957.0,2012.4285714285713,1946.2333333333333,-0.5589430894308967,0.05112474437627412,7
2026-07-21,mu,무,채소류,국물,1942.0,2000.0,1945.7333333333333,-0.7664793050587648,-0.7664793050587648,7
2026-07-22,mu,무,채소류,국물,1919.0,1982.4285714285713,1945.3666666666666,-1.1843460350154489,-0.5699481865285017,7
2026-07-23,mu,무,채소류,국물,2048.0,1981.5714285714287,1948.7333333333333,6.72225117248566,5.18746789933231,7
2026-07-24,mu,무,채소류,국물,2025.0,1976.857142857143,1951.8666666666666,-1.123046875,4.8679440704298305,7
2026-07-27,mu,무,채소류,국물,2026.0,1983.5714285714287,1956.7666666666667,0.049382716049373165,7.823310271420958,7
2026-07-28,mu,무,채소류,국물,2059.0,1996.5714285714287,1962.9333333333334,1.6288252714708795,9.871931696905012,7
2026-07-29,mu,무,채소류,국물,2058.0,2011.0,1968.6,-0.04856726566294656,9.004237288135597,7
2026-07-30,mu,무,채소류,국물,1890.0,2003.5714285714287,1966.5333333333333,-8.163265306122447,-3.1762295081967262,7
2026-07-31,mu,무,채소류,국물,1867.0,1996.142857142857,1963.2666666666667,-1.2169312169312163,-4.987277353689567,7
2026-08-03,mu,무,채소류,국물,1879.0,1972.0,1960.5333333333333,0.6427423674343791,-4.181540030596631,8
2026-08-04,mu,무,채소류,국물,1873.0,1950.2857142857142,1958.6,-0.31931878658860713,-3.003625064733295,8
2026-08-05,mu,무,채소류,국물,1874.0,1928.5714285714287,1956.4333333333334,0.05339028296849069,-3.352243424445589,8
2026-08-06,mu,무,채소류,국물,1897.0,1905.4285714285713,1954.1333333333334,1.227321237993606,-3.5096642929806743,8
2026-08-07,mu,무,채소류,국물,1875.0,1879.2857142857142,1950.8333333333333,-1.1597258829731172,-5.015197568389063,8
2026-08-10,mu,무,채소류,국물,1917.0,1883.142857142857,1948.3,2.2399999999999975,-3.8133467134972454,8
2026-08-11,mu,무,채소류,국물,1955.0,1895.7142857142858,1946.7666666666667,1.9822639540949316,-2.298850574712641,8
2026-08-12,mu,무,채소류,국물,1991.0,1911.7142857142858,1946.0333333333333,1.8414322250639437,-1.0928961748633892,8
2026-08-13,mu,무,채소류,국물,2133.0,1948.857142857143,1956.1333333333334,7.132094424912094,16.55737704918032,8
2026-08-14,mu,무,채소류,국물,2197.0,1995.0,1969.3333333333333,3.0004688232536436,21.98778456413104,8
2026-08-17,mu,무,채소류,국물,2197.5,2037.9285714285713,1982.45,0.0227583067819781,21.812638580931253,8
2026-08-18,mu,무,채소류,국물,2198.0,2084.0714285714284,1994.65,0.022753128555175195,19.978165938864635,8
2026-08-19,mu,무,채소류,국물,2199.0,2124.3571428571427,2005.9833333333333,0.04549590536850889,18.28940290478751,8
2026-08-20,mu,무,채소류,국물,2446.0,2194.5,2018.4166666666667,11.232378353797179,17.99324650265317,8
2026-08-21,mu,무,채소류,국물,2459.0,2261.3571428571427,2032.75,0.5314799672935466,21.192705766387387,8
2026-08-24,mu,무,채소류,국물,2454.0,2307.214285714286,2046.4833333333333,-0.20333468889792705,20.17629774730656,8
2026-08-25,mu,무,채소류,국물,2453.0,2343.785714285714,2059.7833333333333,-0.04074979625101616,19.42551119766309,8
2026-08-26,mu,무,채소류,국물,2454.0,2380.4285714285716,2072.983333333333,0.040766408479409044,19.241982507288636,8
2026-08-27,mu,무,채소류,국물,2488.0,2421.8571428571427,2089.95,1.3854930725346382,25.720060636685194,8
2026-08-28,mu,무,채소류,국물,2482.0,2462.285714285714,2107.0833333333335,-0.2411575562700996,26.117886178861795,8
2026-08-31,mu,무,채소류,국물,2492.0,2468.8571428571427,2124.9166666666665,0.40290088638195165,27.337761880429223,8
2026-09-01,mu,무,채소류,국물,2500.0,2474.714285714286,2143.516666666667,0.32102728731941976,28.733264675592164,9
2026-09-02,mu,무,채소류,국물,2514.0,2483.285714285714,2163.35,0.5600000000000049,31.00573215216258,9
2026-09-03,mu,무,채소류,국물,2387.0,2473.8571428571427,2174.65,-5.051710421638822,16.552734375,9
2026-09-04,mu,무,채소류,국물,2406.0,2467.0,2187.35,0.7959782153330597,18.814814814814817,9
2026-09-07,mu,무,채소류,국물,2410.0,2455.8571428571427,2200.15,0.16625103906899863,18.953603158933863,9
2026-09-08,mu,무,채소류,국물,2413.0,2446.0,2211.95,0.12448132780082943,17.192812044681883,9
2026-09-09,mu,무,채소류,국물,2400.0,2432.8571428571427,2223.35,-0.538748445917947,16.618075801749278,9
2025-09-10,oi,오이,채소류,반찬,12865.0,,,,,9
2025-09-11,oi,오이,채소류,반찬,12779.0,,,-0.668480373105329,,9
2025-09-12,oi,오이,채소류,반찬,12712.0,12785.333333333334,,-0.5242976758744855,,9
2025-09-15,oi,오이,채소류,반찬,12932.0,12822.0,,1.7306482064191275,,9
2025-09-16,oi,오이,채소류,반찬,12799.0,12817.4,,-1.0284565419115377,,9
2025-09-17,oi,오이,채소류,반찬,12853.0,12823.333333333334,,0.42190796155949783,,9
2025-09-18,oi,오이,채소류,반찬,12641.0,12797.285714285714,,-1.6494203687854925,,9
2025-09-19,oi,오이,채소류,반찬,12476.0,12741.714285714286,,-1.30527648129104,,9
2025-09-22,oi,오이,채소류,반찬,12323.0,12676.57142857143,,-1.2263546008336013,,9
2025-09-23,oi,오이,채소류,반찬,12251.0,12610.714285714286,12663.1,-0.5842733100706043,,9
2025-09-24,oi,오이,채소류,반찬,12327.0,12524.285714285714,12632.545454545454,0.6203575218349577,,9
2025-09-25,oi,오이,채소류,반찬,11475.0,12335.142857142857,12536.083333333334,-6.911657337551713,,9
2025-09-26,oi,오이,채소류,반찬,11674.0,12166.714285714286,12469.76923076923,1.7342047930283266,,9
2025-09-29,oi,오이,채소류,반찬,11946.0,12067.42857142857,12432.357142857143,2.3299640226143614,,9
2025-09-30,oi,오이,채소류,반찬,12322.0,12045.42857142857,12425.0,3.147497070149008,,9
2025-10-01,oi,오이,채소류,반찬,12771.0,12109.42857142857,12446.625,3.643888979061849,,10
2025-10-02,oi,오이,채소류,반찬,12826.0,12191.57142857143,12468.941176470587,0.4306632213608941,,10
2025-10-03,oi,오이,채소류,반찬,12594.5,12229.785714285714,12475.916666666666,-1.8049274910338364,,10
2025-10-06,oi,오이,채소류,반찬,12363.0,12356.642857142857,12469.973684210527,-1.8381039342570182,,10
2025-10-07,oi,오이,채소류,반찬,12131.5,12422.0,12453.05,-1.8725228504408276,,10
2025-10-10,oi,오이,채소류,반찬,11437.0,12349.285714285714,12404.666666666666,-5.724766104768575,,10
2025-10-13,oi,오이,채소류,반찬,11361.0,12212.0,12357.227272727272,-0.6645099239311003,,10
2025-10-14,oi,오이,채소류,반찬,11312.0,12003.57142857143,12311.782608695652,-0.4313000616142926,,10
2025-10-15,oi,오이,채소류,반찬,11205.0,11772.0,12265.666666666666,-0.945898161244696,,10
2025-10-16,oi,오이,채소류,반찬,11201.0,11572.92857142857,12223.08,-0.035698348951362924,,10
2025-10-17,oi,오이,채소류,반찬,11124.0,11395.92857142857,12180.807692307691,-0.6874386215516504,,10
2025-10-20,oi,오이,채소류,반찬,11389.0,11289.857142857143,12151.481481481482,2.38223660553758,,10
2025-10-21,oi,오이,채소류,반찬,11607.0,11314.142857142857,12132.035714285714,1.9141276670471497,,10
2025-10-22,oi,오이,채소류,반찬,11788.0,11375.142857142857,12120.172413793103,1.5594038080468664,,10
2025-10-23,oi,오이,채소류,반찬,12303.0,11516.714285714286,12126.266666666666,4.368849677638287,,10
2025-10-24,oi,오이,채소류,반찬,12574.0,11712.285714285714,12116.566666666668,2.2027147850117945,-2.261951029926157,10
2025-10-27,oi,오이,채소류,반찬,12999.0,11969.142857142857,12123.9,3.379990456497528,1.7215744580953096,10
2025-10-28,oi,오이,채소류,반찬,13072.0,12247.42857142857,12135.9,0.5615816601276968,2.8319697923222087,10
2025-10-29,oi,오이,채소류,반찬,12802.0,12449.285714285714,12131.566666666668,-2.0654834761321905,-1.0052582740488702,10
2025-10-30,oi,오이,채소류,반찬,12960.0,12642.57142857143,12136.933333333332,1.2341821590376556,1.2579107742792361,10
2025-10-31,oi,오이,채소류,반찬,12856.0,12795.142857142857,12137.033333333333,-0.8024691358024638,0.023340854275266665,10
2025-11-03,oi,오이,채소류,반찬,12655.0,12845.42857142857,12137.5,-1.5634723086496605,0.11075073174591221,11
2025-11-04,oi,오이,채소류,반찬,12516.0,12837.142857142857,12138.833333333334,-1.0983800869221683,0.3206155819172718,11
2025-11-05,oi,오이,채소류,반찬,12586.0,12778.142857142857,12147.6,0.5592841163311046,2.1342205631745603,11
2025-11-06,oi,오이,채소류,반찬,11908.0,12611.857142857143,12136.166666666666,-5.386937867471797,-2.799771447228794,11
2025-11-07,oi,오이,채소류,반찬,11952.0,12490.42857142857,12123.666666666666,0.369499496137049,-3.042102701387195,11
2025-11-10,oi,오이,채소류,반찬,11855.0,12332.57142857143,12136.333333333334,-0.8115796519410967,3.3115468409586013,11
2025-11-11,oi,오이,채소류,반찬,11779.0,12178.714285714286,12139.833333333334,-0.6410797132011758,0.8994346410827525,11
2025-11-12,oi,오이,채소류,반찬,11748.0,12049.142857142857,12133.233333333334,-0.2631802360132385,-1.6574585635359074,11
2025-11-13,oi,오이,채소류,반찬,11236.0,11866.285714285714,12097.033333333333,-4.358188627851545,-8.813504301249797,11
2025-11-14,oi,오이,채소류,반찬,11140.0,11659.714285714286,12042.666666666666,-0.8543965824136746,-12.77112207344765,11
2025-11-17,oi,오이,채소류,반찬,11276.0,11569.42857142857,11991.0,1.2208258527827587,-12.08482769374708,11
2025-11-18,oi,오이,채소류,반찬,11427.0,11494.42857142857,11952.083333333334,1.3391273501241585,-9.269919409265947,11
2025-11-19,oi,오이,채소류,반찬,11438.0,11434.857142857143,11921.25,0.09626323619498223,-7.482002750141548,11
2025-11-20,oi,오이,채소류,반찬,12127.0,11484.57142857143,11921.1,6.023780381185517,-0.037093516877551025,11
2025-11-21,oi,오이,채소류,반찬,12175.0,11545.57142857143,11945.7,0.39581100024739246,6.45274110343621,11
2025-11-24,oi,오이,채소류,반찬,12168.0,11678.714285714286,11972.6,-0.05749486652977254,7.103247953525216,11
2025-11-25,oi,오이,채소류,반찬,12028.0,11805.57142857143,11996.466666666667,-1.1505588428665336,6.329561527581329,11
2025-11-26,oi,오이,채소류,반찬,12142.0,11929.285714285714,12027.7,0.9477884935151337,8.362338241856303,11
2025-11-27,oi,오이,채소류,반찬,12350.0,12061.142857142857,12066.0,1.7130620985010614,10.25801267743951,11
2025-11-28,oi,오이,채소류,반찬,12246.0,12176.57142857143,12103.4,-0.8421052631578996,10.086299892125128,11
2025-12-01,oi,오이,채소류,반찬,12377.0,12212.285714285714,12136.333333333334,1.069737056998199,8.675037316709112,12
2025-12-02,oi,오이,채소류,반찬,12448.0,12251.285714285714,12164.366666666667,0.573644663488726,7.245627638494012,12
2025-12-03,oi,오이,채소류,반찬,12605.0,12313.714285714286,12191.6,1.2612467866323973,6.930777061418381,12
2025-12-04,oi,오이,채소류,반찬,12286.0,12350.57142857143,12191.033333333333,-2.530741769139233,-0.13817768024059207,12
2025-12-05,oi,오이,채소류,반찬,12400.5,12387.5,12185.25,0.9319550708122959,-1.3798313981231103,12
2025-12-08,oi,오이,채소류,반찬,12515.0,12411.07142857143,12169.116666666667,0.923349864924794,-3.7233633356412055,12
2025-12-09,oi,오이,채소류,반찬,12579.0,12458.642857142857,12152.683333333332,0.5113863363963134,-3.771419828641376,12
2025-12-10,oi,오이,채소류,반찬,12634.0,12495.357142857143,12147.083333333334,0.43723666428174823,-1.312294953913451,12
2025-12-11,oi,오이,채소류,반찬,12933.0,12564.642857142857,12146.183333333332,2.3666297293018834,-0.2083333333333326,12
2025-12-12,oi,오이,채소류,반찬,12965.0,12616.07142857143,12149.816666666668,0.2474290574499438,0.8478531425015534,12
2025-12-15,oi,오이,채소류,반찬,12981.0,12715.357142857143,12160.683333333332,0.1234091785576652,2.5760568945081053,12
2025-12-16,oi,오이,채소류,반찬,13031.0,12805.42857142857,12177.85,0.3851783375703022,4.114733141578775,12
2025-12-17,oi,오이,채소류,반찬,12909.0,12861.714285714286,12188.616666666667,-0.9362289924027323,2.566343556332429,12
2025-12-18,oi,오이,채소류,반찬,12398.0,12835.857142857143,12204.95,-3.9584785808350786,4.114880752435335,12
2025-12-19,oi,오이,채소류,반찬,12402.0,12802.714285714286,12219.95,0.03226326826908377,3.765060240963858,12
2025-12-22,oi,오이,채소류,반찬,12425.0,12730.142857142857,12238.95,0.18545395903886153,4.808097849008863,12
2025-12-23,oi,오이,채소류,반찬,12538.0,12669.142857142857,12264.25,0.909456740442649,6.443670939808133,12
2025-12-24,oi,오이,채소류,반찬,12654.0,12622.42857142857,12294.45,0.9251874302121488,7.711950970377934,12
2025-12-25,oi,오이,채소류,반찬,12540.5,12552.357142857143,12337.933333333332,-0.8969495811601114,11.61000355998576,12
2025-12-26,oi,오이,채소류,반찬,12427.0,12483.5,12380.833333333334,-0.9050675810374442,11.552962298025138,12
2025-12-29,oi,오이,채소류,반찬,12682.0,12524.07142857143,12427.7,2.0519835841313228,12.46896062433487,12
2025-12-30,oi,오이,채소류,반찬,12823.0,12584.214285714286,12474.233333333334,1.11181201703201,12.216679793471608,12
2025-12-31,oi,오이,채소류,반찬,13521.0,12740.785714285714,12543.666666666666,5.443343991265692,18.211225738765524,12
2026-01-01,oi,오이,채소류,반찬,13704.0,12907.357142857143,12596.233333333334,1.3534501885955175,13.004040570627517,1
2026-01-02,oi,오이,채소류,반찬,13887.0,13083.5,12653.3,1.3353765323993017,14.061601642710464,1
2026-01-05,oi,오이,채소류,반찬,13860.0,13272.0,12709.7,-0.19442644199610948,13.905325443786975,1
2026-01-06,oi,오이,채소류,반찬,14045.0,13503.142857142857,12776.933333333332,1.3347763347763442,16.769205187894908,1
2026-01-07,oi,오이,채소류,반찬,13929.0,13681.285714285714,12836.5,-0.8259166963332176,14.717509471256784,1
2026-01-08,oi,오이,채소류,반찬,13106.0,13721.714285714286,12861.7,-5.908536147605714,6.1214574898785346,1
2026-01-09,oi,오이,채소류,반찬,13017.0,13649.714285714286,12887.4,-0.6790782847550747,6.295933365997053,1
2026-01-12,oi,오이,채소류,반찬,13130.0,13567.714285714286,12912.5,0.8680955673350255,6.083865233901586,1
2026-01-13,oi,오이,채소류,반찬,13089.0,13453.714285714286,12933.866666666667,-0.3122619954303074,5.149421593830339,1
2026-01-14,oi,오이,채소류,반찬,13013.0,13332.714285714286,12947.466666666667,-0.5806402322560911,3.2368107893693043,1
2026-01-15,oi,오이,채소류,반찬,13307.0,13227.285714285714,12981.5,2.259279182356111,8.310271854142925,1
2026-01-16,oi,오이,채소류,반찬,13460.0,13160.285714285714,13016.816666666668,1.1497707973247229,8.54401032216443,1
2026-01-19,oi,오이,채소류,반찬,13787.0,13257.57142857143,13059.216666666667,2.4294205052005857,10.16380343587695,1
2026-01-20,oi,오이,채소류,반찬,13733.0,13359.857142857143,13097.683333333332,-0.39167331544208706,9.174020192384136,1
2026-01-21,oi,오이,채소류,반찬,13749.0,13448.285714285714,13134.85,0.1165076822252864,8.825391799905024,1
2026-01-22,oi,오이,채소류,반찬,14040.0,13584.142857142857,13171.75,2.1165175649138224,8.559498956158663,1
2026-01-23,oi,오이,채소류,반찬,13971.0,13721.0,13205.283333333333,-0.4914529914529897,7.759352101812578,1
2026-01-26,oi,오이,채소류,반찬,14010.0,13821.42857142857,13239.583333333334,0.2791496671677107,7.92697018719668,1
2026-01-27,oi,오이,채소류,반찬,14087.0,13911.0,13274.783333333333,0.5496074232690829,8.103752589977752,1
2026-01-28,oi,오이,채소류,반찬,14057.0,13949.57142857143,13313.05,-0.21296230567189323,8.89302037338291,1
2026-01-29,oi,오이,채소류,반찬,13860.0,13967.714285714286,13361.783333333333,-1.4014370064736381,11.792224552347164,1
2026-01-30,oi,오이,채소류,반찬,13814.0,13977.0,13408.85,-0.3318903318903277,11.385260441864208,1
2026-02-02,oi,오이,채소류,반찬,13795.0,13942.0,13454.516666666666,-0.13754162443897489,11.026156941649901,2
2026-02-03,oi,오이,채소류,반찬,13928.0,13935.857142857143,13500.85,0.9641174338528513,11.086297655128408,2
2026-02-04,oi,오이,채소류,반찬,14034.0,13939.285714285714,13546.85,0.7610568638713344,10.905642484589851,2
2026-02-05,oi,오이,채소류,반찬,13415.0,13843.285714285714,13576.0,-4.410716830554373,6.9734061640285505,2
2026-02-06,oi,오이,채소류,반찬,13361.0,13743.857142857143,13607.133333333333,-0.4025344763324612,7.515892814033953,2
2026-02-09,oi,오이,채소류,반찬,13125.0,13638.857142857143,13621.9,-1.766334855175511,3.4931398832991567,2
2026-02-10,oi,오이,채소류,반찬,13103.0,13537.285714285714,13631.233333333334,-0.16761904761904978,2.183576386181074,2
2026-02-11,oi,오이,채소류,반찬,13250.0,13459.42857142857,13622.2,1.1218804853850184,-2.0042896235485497,2
2026-02-12,oi,오이,채소류,반찬,13753.0,13434.42857142857,13623.833333333334,3.7962264150943392,0.35755983654408574,2
2026-02-13,oi,오이,채소류,반찬,13770.0,13396.714285714286,13619.933333333332,0.12360939431397266,-0.8425145819831448,2
2026-02-16,oi,오이,채소류,반찬,13674.25,13433.75,13613.741666666667,-0.6953522149600544,-1.3401875901875915,2
2026-02-17,oi,오이,채소류,반찬,13578.5,13464.82142857143,13598.191666666668,-0.7002212187140033,-3.3214667141331478,2
2026-02-18,oi,오이,채소류,반찬,13482.75,13515.92857142857,13583.316666666668,-0.7051588908936868,-3.2037475769976287,2
2026-02-19,oi,오이,채소류,반찬,13387.0,13556.5,13592.683333333332,-0.7101666944799856,2.144056157485119,2
2026-02-20,oi,오이,채소류,반찬,13151.0,13542.357142857143,13597.15,-1.7629043101516362,1.0294230621495037,2
2026-02-23,oi,오이,채소류,반찬,12761.0,13400.642857142857,13584.85,-2.965553950269939,-2.810357958872811,2
2026-02-24,oi,오이,채소류,반찬,12488.0,13217.5,13564.816666666668,-2.139330773450354,-4.591641836656734,2
2026-02-25,oi,오이,채소류,반찬,12327.0,13025.035714285714,13541.95,-1.289237668161436,-5.271651425497581,2
2026-02-26,oi,오이,채소류,반찬,10977.0,12653.392857142857,13464.283333333333,-10.951569724993915,-17.509581423311037,2
2026-02-27,oi,오이,채소류,반찬,11031.0,12303.142857142857,13383.316666666668,0.49193768789286274,-18.046062407132247,2
2026-03-02,oi,오이,채소류,반찬,11164.0,11985.57142857143,13295.883333333333,1.2056930468679283,-19.025168637121926,3
2026-03-03,oi,오이,채소류,반찬,11297.0,11720.714285714286,13214.683333333332,1.1913292726621227,-17.738294618801433,3
2026-03-04,oi,오이,채소류,반찬,10852.0,11448.0,13118.116666666667,-3.939098875807734,-21.0706233180595,3
2026-03-05,oi,오이,채소류,반찬,10107.0,11107.857142857143,12987.016666666666,-6.865093991890891,-28.012820512820515,3
2026-03-06,oi,오이,채소류,반찬,10203.0,10804.42857142857,12861.416666666666,0.9498367468091518,-26.970152458664376,3
2026-03-09,oi,오이,채소류,반찬,10254.0,10701.142857142857,12736.216666666667,0.49985298441634907,-26.80942184154176,3
2026-03-10,oi,오이,채소류,반찬,10290.0,10595.285714285714,12609.65,0.3510825043885335,-26.953929154539647,3
2026-03-11,oi,오이,채소류,반찬,10267.0,10467.142857142857,12483.316666666668,-0.22351797862002476,-26.96165611439141,3
2026-03-12,oi,오이,채소류,반찬,11227.0,10457.142857142857,12395.55,9.35034576799454,-18.997113997114003,3
2026-03-13,oi,오이,채소류,반찬,10814.0,10451.714285714286,12295.55,-3.6786318696000686,-21.717098595627625,3
2026-03-16,oi,오이,채소류,반찬,11117.0,10596.0,12206.283333333333,2.801923432587383,-19.412830735773834,3
2026-03-17,oi,오이,채소류,반찬,10970.0,10705.57142857143,12107.683333333332,-1.3222991814338392,-21.237794371051123,3
2026-03-18,oi,오이,채소류,반찬,10884.0,10795.57142857143,12002.683333333332,-0.7839562443026415,-22.445489525438223,3
2026-03-19,oi,오이,채소류,반찬,10270.0,10792.714285714286,11897.85,-5.641308342521134,-23.443906075288858,3
2026-03-20,oi,오이,채소류,반찬,10364.0,10806.57142857143,11797.95,0.915287244401175,-22.43095576678392,3
2026-03-23,oi,오이,채소류,반찬,10112.0,10647.285714285714,11697.516666666666,-2.431493631802395,-22.956190476190475,3
2026-03-24,oi,오이,채소류,반찬,9944.0,10523.0,11592.216666666667,-1.661392405063289,-24.108982675723112,3
2026-03-25,oi,오이,채소류,반찬,9895.0,10348.42857142857,11480.383333333333,-0.4927594529364421,-25.32075471698113,3
2026-03-26,oi,오이,채소류,반찬,9836.0,10186.42857142857,11349.816666666668,-0.5962607377463347,-28.481058678106596,3
2026-03-27,oi,오이,채소류,반찬,8936.0,9908.142857142857,11188.683333333332,-9.150061000406673,-35.10530137981118,3
2026-03-30,oi,오이,채소류,반찬,9598.0,9812.142857142857,11052.808333333332,7.408236347358987,-29.80967877580123,3
2026-03-31,oi,오이,채소류,반찬,9630.0,9707.285714285714,10921.191666666668,0.3334027922483829,-29.079058806200976,3
2026-04-01,oi,오이,채소류,반찬,8912.0,9535.857142857143,10768.833333333334,-7.455867082035306,-33.90072500046356,4
2026-04-02,oi,오이,채소류,반찬,8450.0,9322.42857142857,10604.266666666666,-5.18402154398564,-36.879061776350184,4
2026-04-03,oi,오이,채소류,반찬,8505.0,9123.857142857143,10449.4,0.6508875739644981,-35.32811193065166,4
2026-04-06,oi,오이,채소류,반찬,9046.0,9011.0,10325.566666666668,6.36096413874192,-29.112138547135803,4
2026-04-07,oi,오이,채소류,반찬,8989.0,9018.57142857143,10208.933333333332,-0.6301127570196741,-28.018898142216532,4
2026-04-08,oi,오이,채소류,반찬,8992.0,8932.0,10097.766666666666,0.033374123929252875,-27.05443335767016,4
2026-04-09,oi,오이,채소류,반찬,7883.0,8682.42857142857,9994.633333333333,-12.33318505338078,-28.186207524824635,4
2026-04-10,oi,오이,채소류,반찬,7669.0,8504.857142857143,9882.566666666668,-2.714702524419632,-30.477744538119843,4
2026-04-13,oi,오이,채소류,반찬,7901.0,8426.42857142857,9773.8,3.0251662537488677,-29.227875313507703,4
2026-04-14,oi,오이,채소류,반찬,7883.0,8337.57142857143,9660.0,-0.22781926338437675,-30.220412498893513,4
2026-04-15,oi,오이,채소류,반찬,7932.0,8178.428571428572,9562.666666666666,0.6215907649371966,-26.907482491706602,4
2026-04-16,oi,오이,채소류,반찬,7240.0,7928.571428571428,9467.1,-8.724155320221882,-28.366478678143856,4
2026-04-17,oi,오이,채소류,반찬,7110.0,7659.714285714285,9364.0,-1.7955801104972413,-30.314613349014998,4
2026-04-20,oi,오이,채소류,반찬,7157.0,7556.0,9260.766666666666,0.6610407876230573,-30.20284766920226,4
2026-04-21,oi,오이,채소류,반찬,7044.0,7466.714285714285,9152.566666666668,-1.5788738298169624,-31.545189504373184,4
2026-04-22,oi,오이,채소류,반찬,7025.0,7341.571428571428,9044.5,-0.2697331061896624,-31.57689685399825,4
2026-04-23,oi,오이,채소류,반찬,6957.0,7209.285714285715,8902.166666666666,-0.9679715302491121,-38.03331255010243,4
2026-04-24,oi,오이,채소류,반찬,6741.0,7039.142857142857,8766.4,-3.1047865459249646,-37.6641390789717,4
2026-04-27,oi,오이,채소류,반찬,6907.0,6991.571428571428,8626.066666666668,2.4625426494585323,-37.86992893766303,4
2026-04-28,oi,오이,채소류,반찬,6972.0,6971.857142857143,8492.8,0.9410742724772048,-36.44484958979034,4
2026-04-29,oi,오이,채소류,반찬,7065.0,6958.714285714285,8365.5,1.3339070567986333,-35.088202866593164,4
2026-04-30,oi,오이,채소류,반찬,5687.0,6764.857142857143,8212.733333333334,-19.504600141542817,-44.62512171372931,4
2026-05-01,oi,오이,채소류,반찬,5686.0,6573.571428571428,8056.8,-0.017583963425360505,-45.13701273639521,5
2026-05-04,oi,오이,채소류,반찬,5685.0,6391.857142857143,7909.233333333334,-0.017587055926837625,-43.77966772151899,5
2026-05-05,oi,오이,채소류,반찬,5670.5,6238.928571428572,7766.783333333334,-0.25505716798592815,-42.97566371681416,5
2026-05-06,oi,오이,채소류,반찬,5656.0,6060.214285714285,7625.483333333334,-0.2557093730711557,-42.839818089944416,5
2026-05-07,oi,오이,채소류,반찬,5776.0,5889.357142857143,7490.15,2.121640735502117,-41.27694184627898,5
2026-05-08,oi,오이,채소류,반찬,5833.0,5713.357142857143,7386.716666666666,0.9868421052631637,-34.724709042076995,5
2026-05-11,oi,오이,채소류,반찬,5954.0,5751.5,7265.25,2.0744042516715133,-37.96624296728485,5
2026-05-12,oi,오이,채소류,반찬,5936.0,5787.214285714285,7142.116666666667,-0.30231776956667344,-38.35929387331256,5
2026-05-13,oi,오이,채소류,반찬,5775.0,5800.071428571428,7037.55,-2.7122641509434,-35.19973070017953,5
2026-05-14,oi,오이,채소류,반찬,5339.0,5752.714285714285,6933.85,-7.549783549783551,-36.816568047337284,5
2026-05-15,oi,오이,채소류,반찬,5054.0,5666.714285714285,6818.816666666667,-5.338078291814952,-40.5761316872428,5
2026-05-18,oi,오이,채소류,반찬,5209.0,5585.714285714285,6690.916666666667,3.0668777206173337,-42.41653769621932,5
2026-05-19,oi,오이,채소류,반찬,5176.0,5491.857142857143,6563.816666666667,-0.6335189095795779,-42.418511514072755,5
2026-05-20,oi,오이,채소류,반찬,5139.0,5375.428571428572,6435.383333333333,-0.7148377125193228,-42.84919928825622,5
2026-05-21,oi,오이,채소류,반찬,4951.0,5234.714285714285,6337.65,-3.6582992800155645,-37.19396168971204,5
2026-05-22,oi,오이,채소류,반찬,4863.0,5104.428571428572,6244.116666666667,-1.7774187032922661,-36.588864258703865,5
2026-05-25,oi,오이,채소류,반찬,4887.5,5039.928571428572,6143.666666666667,0.5038042360682615,-38.140741678268576,5
2026-05-26,oi,오이,채소류,반찬,4912.0,5019.642857142857,6044.633333333333,0.5012787723785106,-37.6886971964988,5
2026-05-27,oi,오이,채소류,반찬,4924.0,4978.928571428572,5944.366666666667,0.24429967426708998,-37.922339889056985,5
2026-05-28,oi,오이,채소류,반찬,5423.0,5014.214285714285,5883.8,10.134037367993498,-25.096685082872927,5
2026-05-29,oi,오이,채소류,반찬,5514.0,5067.785714285715,5830.6,1.6780379863544193,-22.447257383966246,5
2026-06-01,oi,오이,채소류,반찬,5579.0,5157.5,5778.0,1.1788175553137492,-22.048344278328912,6
2026-06-02,oi,오이,채소류,반찬,5625.0,5266.357142857143,5730.7,0.8245205233912811,-20.14480408858603,6
2026-06-03,oi,오이,채소류,반찬,5403.5,5340.071428571428,5676.65,-3.9377777777777734,-23.081850533807824,6
2026-06-04,oi,오이,채소류,반찬,5182.0,5378.642857142857,5617.483333333334,-4.099194966225594,-25.51387092137416,6
2026-06-05,oi,오이,채소류,반찬,5119.0,5406.5,5563.416666666667,-1.2157468159011975,-24.061711912179206,6
2026-06-08,oi,오이,채소류,반찬,5365.0,5398.214285714285,5512.016666666666,4.805626098847426,-22.325177356305193,6
2026-06-09,oi,오이,채소류,반찬,5364.0,5376.785714285715,5458.416666666667,-0.01863932898416021,-23.063683304647164,6
2026-06-10,oi,오이,채소류,반찬,5258.0,5330.928571428572,5398.183333333333,-1.9761372110365438,-25.576786978060863,6
2026-06-11,oi,오이,채소류,반찬,4898.0,5227.071428571428,5371.883333333333,-6.846709775580074,-13.873747142605941,6
2026-06-12,oi,오이,채소류,반찬,4870.0,5150.857142857143,5344.683333333333,-0.5716619028174774,-14.35103763629968,6
2026-06-15,oi,오이,채소류,반찬,4911.0,5112.142857142857,5318.883333333333,0.8418891170431264,-13.614775725593663,6
2026-06-16,oi,오이,채소류,반찬,4940.0,5086.571428571428,5294.533333333334,0.5905110975361394,-12.882461864033157,6
2026-06-17,oi,오이,채소류,반찬,4996.0,5033.857142857143,5272.533333333334,1.1336032388663986,-11.669024045261667,6
2026-06-18,oi,오이,채소류,반찬,5195.0,5009.714285714285,5253.166666666667,3.9831865492393925,-10.05886426592798,6
2026-06-19,oi,오이,채소류,반찬,5168.0,4996.857142857143,5231.0,-0.5197305101058758,-11.40065146579805,6
2026-06-22,oi,오이,채소류,반찬,5113.0,5027.571428571428,5202.966666666666,-1.064241486068107,-14.124958011420896,6
2026-06-23,oi,오이,채소류,반찬,5020.0,5049.0,5172.433333333333,-1.8188930177977736,-15.431266846361192,6
2026-06-24,oi,오이,채소류,반찬,4909.0,5048.714285714285,5143.566666666667,-2.2111553784860516,-14.995670995670995,6
2026-06-25,oi,오이,채소류,반찬,4378.0,4968.428571428572,5111.533333333334,-10.816866979018124,-17.999625398014608,6
2026-06-26,oi,오이,채소류,반찬,4357.0,4877.142857142857,5088.3,-0.47967108268616165,-13.791056588840522,6
2026-06-29,oi,오이,채소류,반찬,4442.0,4769.571428571428,5062.733333333334,1.9508836355290438,-14.724515262046456,6
2026-06-30,oi,오이,채소류,반찬,4654.0,4696.142857142857,5045.333333333333,4.772624943719039,-10.08500772797527,6
2026-07-01,oi,오이,채소류,반찬,4726.0,4640.857142857143,5031.566666666667,1.5470562956596545,-8.036582992800156,7
2026-07-02,oi,오이,채소류,반찬,5468.0,4704.857142857143,5048.8,15.700380871773167,10.442334881842052,7
2026-07-03,oi,오이,채소류,반찬,5339.0,4766.285714285715,5064.666666666667,-2.3591806876371635,9.788196586469255,7
2026-07-06,oi,오이,채소류,반찬,5384.0,4910.0,5081.216666666666,0.8428544671286842,10.158567774936067,7
2026-07-07,oi,오이,채소류,반찬,5369.0,5054.571428571428,5096.45,-0.2786032689450213,9.303745928338758,7
2026-07-08,oi,오이,채소류,반찬,5255.0,5170.714285714285,5107.483333333334,-2.1233004283851775,6.722177091795278,7
2026-07-09,oi,오이,채소류,반찬,5213.0,5250.571428571428,5100.483333333334,-0.7992388201712664,-3.8723953531255795,7
2026-07-10,oi,오이,채소류,반찬,5266.0,5327.714285714285,5092.216666666666,1.0166890466142275,-4.497642364889376,7
2026-07-13,oi,오이,채소류,반찬,5259.0,5297.857142857143,5081.55,-0.1329282187618741,-5.735794945330708,7
2026-07-14,oi,오이,채소류,반찬,5340.0,5298.0,5072.05,1.540216771249292,-5.066666666666664,7
2026-07-15,oi,오이,채소류,반찬,5473.0,5310.714285714285,5074.366666666667,2.490636704119842,1.2862033866938072,7
2026-07-16,oi,오이,채소류,반찬,6908.0,5530.571428571428,5131.9,26.219623606796993,33.307603241991515,7
2026-07-17,oi,오이,채소류,반찬,7246.0,5815.0,5202.8,4.8928778228141345,41.55108419613205,7
2026-07-20,oi,오이,채소류,반찬,7584.0,6153.714285714285,5276.766666666666,4.66464256141319,41.36067101584342,7
2026-07-21,oi,오이,채소류,반찬,7769.0,6511.285714285715,5356.933333333333,2.4393459915611704,44.835943325876215,7
2026-07-22,oi,오이,채소류,반찬,7801.0,6874.428571428572,5441.7,0.4118934225769033,48.36439710916698,7
2026-07-23,oi,오이,채소류,반찬,8041.0,7260.285714285715,5546.466666666666,3.0765286501730493,64.16904859126174,7
2026-07-24,oi,오이,채소류,반찬,8100.0,7635.571428571428,5654.133333333333,0.7337395846287675,66.32443531827515,7
2026-07-27,oi,오이,채소류,반찬,8195.0,7819.428571428572,5763.6,1.1728395061728403,66.87029118305846,7
2026-07-28,oi,오이,채소류,반찬,8140.0,7947.142857142857,5870.266666666666,-0.6711409395973145,64.77732793522266,7
2026-07-29,oi,오이,채소류,반찬,8193.0,8034.142857142857,5976.833333333333,0.6511056511056434,63.991192954363484,7
2026-07-30,oi,오이,채소류,반찬,8499.0,8138.428571428572,6086.966666666666,3.7348956426217494,63.599615014436964,7
2026-07-31,oi,오이,채소류,반찬,8605.0,8253.285714285714,6201.533333333334,1.2472055535945437,66.50541795665634,7
2026-08-03,oi,오이,채소류,반찬,9347.0,8439.857142857143,6342.666666666667,8.622893666472976,82.80852728339528,8
2026-08-04,oi,오이,채소류,반찬,9312.0,8613.0,6485.733333333334,-0.37445169573124826,85.4980079681275,8
2026-08-05,oi,오이,채소류,반찬,9181.0,8753.857142857143,6628.133333333333,-1.406786941580751,87.02383377469954,8
2026-08-06,oi,오이,채소류,반찬,8343.0,8782.857142857143,6760.3,-9.12754601895218,90.56646870717222,8
2026-08-07,oi,오이,채소류,반찬,8313.0,8800.0,6892.166666666667,-0.3595828838547255,90.79641955473949,8
2026-08-10,oi,오이,채소류,반찬,8366.0,8781.0,7022.966666666666,0.6375556357512302,88.33858622242232,8
2026-08-11,oi,오이,채소류,반찬,8336.0,8742.57142857143,7145.7,-0.358594310303606,79.11474000859475,8
2026-08-12,oi,오이,채소류,반찬,8440.0,8613.0,7269.5,1.24760076775432,78.58654253068134,8
2026-08-13,oi,오이,채소류,반찬,7727.0,8386.57142857143,7344.8,-8.447867298578204,41.3130943672275,8
2026-08-14,oi,오이,채소류,반찬,7714.0,8177.0,7423.966666666666,-0.16824123204348673,44.48398576512456,8
2026-08-17,oi,오이,채소류,반찬,7740.0,8090.857142857143,7502.5,0.3370495203526058,43.7592867756315,8
2026-08-18,oi,오이,채소류,반찬,7766.0,8012.714285714285,7582.4,0.3359173126614934,44.64518532315142,8
2026-08-19,oi,오이,채소류,반찬,8029.0,7964.571428571428,7674.866666666667,3.3865567859902246,52.787821122740255,8
2026-08-20,oi,오이,채소류,반찬,9614.0,8147.142857142857,7821.566666666667,19.74093909577781,84.42355649338194,8
2026-08-21,oi,오이,채소류,반찬,9623.0,8316.142857142857,7966.8,0.09361348034115924,82.7383213064945,8
2026-08-24,oi,오이,채소류,반찬,9600.0,8583.714285714286,8111.5,-0.23901070352281284,82.54420992584141,8
2026-08-25,oi,오이,채소류,반찬,9564.0,8848.0,8252.3,-0.3750000000000031,79.10112359550561,8
2026-08-26,oi,오이,채소류,반찬,9548.0,9106.285714285714,8388.133333333333,-0.16729401923881726,74.45642243742006,8
2026-08-27,oi,오이,채소류,반찬,9955.0,9419.0,8489.7,4.262672811059898,44.108280254777064,8
2026-08-28,oi,오이,채소류,반찬,9969.0,9696.142857142857,8580.466666666667,0.1406328478151586,37.57935412641458,8
2026-08-31,oi,오이,채소류,반찬,9781.0,9720.0,8653.7,-1.8858461229812384,28.968881856540072,8
2026-09-01,oi,오이,채소류,반찬,9783.0,9742.857142857143,8720.833333333334,0.020447806972700988,25.923542283434166,9
2026-09-02,oi,오이,채소류,반찬,9867.0,9781.0,8789.7,0.8586323213738201,26.483784130239705,9
2026-09-03,oi,오이,채소류,반찬,10918.0,9974.42857142857,8885.6,10.65166717340631,35.77913194876259,9
2026-09-04,oi,오이,채소류,반찬,10982.0,10179.285714285714,8981.666666666666,0.5861879465103526,35.58024691358024,9
2026-09-07,oi,오이,채소류,반찬,10735.0,10290.714285714286,9066.333333333334,-2.249134948096887,30.994508846857837,9
2026-09-08,oi,오이,채소류,반찬,10973.0,10434.142857142857,9160.766666666666,2.2170470423847233,34.80343980343981,9
2026-09-09,oi,오이,채소류,반찬,11452.0,10672.857142857143,9269.4,4.365260184088227,39.77785914805321,9
2026-09-10,oi,오이,채소류,반찬,12395.0,11046.0,9399.266666666666,8.234369542437992,45.840687139663494,9
2025-09-10,sigeumchi,시금치,채소류,나물,2833.0,,,,,9
2025-09-11,sigeumchi,시금치,채소류,나물,2932.0,,,3.4945287680903547,,9
2025-09-12,sigeumchi,시금치,채소류,나물,2933.0,2899.3333333333335,,0.03410641200545239,,9
2025-09-15,sigeumchi,시금치,채소류,나물,3012.0,2927.5,,2.693487896351865,,9
2025-09-16,sigeumchi,시금치,채소류,나물,2948.0,2931.6,,-2.1248339973439556,,9
2025-09-17,sigeumchi,시금치,채소류,나물,2927.0,2930.8333333333335,,-0.7123473541383984,,9
2025-09-18,sigeumchi,시금치,채소류,나물,2831.0,2916.5714285714284,,-3.279808677827123,,9
2025-09-19,sigeumchi,시금치,채소류,나물,2809.0,2913.1428571428573,,-0.777110561638994,,9
2025-09-22,sigeumchi,시금치,채소류,나물,2717.0,2882.4285714285716,,-3.2751868992524025,,9
2025-09-23,sigeumchi,시금치,채소류,나물,2679.0,2846.1428571428573,2862.1,-1.3986013986013957,,9
2025-09-24,sigeumchi,시금치,채소류,나물,2636.0,2792.4285714285716,2841.5454545454545,-1.6050765210899542,,9
2025-09-25,sigeumchi,시금치,채소류,나물,2019.0,2659.714285714286,2773.0,-23.406676783004553,,9
2025-09-26,sigeumchi,시금치,채소류,나물,1998.0,2527.0,2713.3846153846152,-1.0401188707280795,,9
2025-09-29,sigeumchi,시금치,채소류,나물,1948.0,2400.8571428571427,2658.714285714286,-2.5025025025025016,,9
2025-09-30,sigeumchi,시금치,채소류,나물,1808.0,2257.8571428571427,2602.0,-7.186858316221767,,9
2025-10-01,sigeumchi,시금치,채소류,나물,1798.0,2126.5714285714284,2551.75,-0.553097345132747,,10
2025-10-02,sigeumchi,시금치,채소류,나물,1861.0,2009.7142857142858,2511.1176470588234,3.503893214682985,,10
2025-10-03,sigeumchi,시금치,채소류,나물,1897.5,1904.2142857142858,2477.027777777778,1.9613111230521119,,10
2025-10-06,sigeumchi,시금치,채소류,나물,1934.0,1892.0714285714287,2448.4473684210525,1.9235836627141012,,10
2025-10-07,sigeumchi,시금치,채소류,나물,1970.5,1888.142857142857,2424.55,1.8872802481902706,,10
2025-10-10,sigeumchi,시금치,채소류,나물,2080.0,1907.0,2408.1428571428573,5.556965237249423,,10
2025-10-13,sigeumchi,시금치,채소류,나물,1871.0,1916.0,2383.7272727272725,-10.04807692307692,,10
2025-10-14,sigeumchi,시금치,채소류,나물,1772.0,1912.2857142857142,2357.1304347826085,-5.291288081239975,,10
2025-10-15,sigeumchi,시금치,채소류,나물,1768.0,1899.0,2332.5833333333335,-0.22573363431150906,,10
2025-10-16,sigeumchi,시금치,채소류,나물,1256.0,1807.357142857143,2289.52,-28.959276018099544,,10
2025-10-17,sigeumchi,시금치,채소류,나물,1201.0,1702.642857142857,2247.653846153846,-4.378980891719742,,10
2025-10-20,sigeumchi,시금치,채소류,나물,1202.0,1592.857142857143,2208.925925925926,0.08326394671107629,,10
2025-10-21,sigeumchi,시금치,채소류,나물,1191.0,1465.857142857143,2172.5714285714284,-0.9151414309484185,,10
2025-10-22,sigeumchi,시금치,채소류,나물,1155.0,1363.5714285714287,2137.4827586206898,-3.0226700251889116,,10
2025-10-23,sigeumchi,시금치,채소류,나물,1097.0,1267.142857142857,2102.8,-5.021645021645027,,10
2025-10-24,sigeumchi,시금치,채소류,나물,1083.0,1169.2857142857142,2044.4666666666667,-1.2762078395624377,-61.77197317331451,10
2025-10-27,sigeumchi,시금치,채소류,나물,1116.0,1149.2857142857142,1983.9333333333334,3.0470914127423754,-61.937244201909955,10
2025-10-28,sigeumchi,시금치,채소류,나물,1123.0,1138.142857142857,1923.6,0.6272401433691677,-61.71155813160587,10
2025-10-29,sigeumchi,시금치,채소류,나물,1178.0,1134.7142857142858,1862.4666666666667,4.897595725734649,-60.88977423638779,10
2025-10-30,sigeumchi,시금치,채소류,나물,1234.0,1140.857142857143,1805.3333333333333,4.753820033955858,-58.14111261872456,10
2025-10-31,sigeumchi,시금치,채소류,나물,1220.0,1150.142857142857,1748.4333333333334,-1.1345218800648316,-58.3190980526136,10
2025-11-03,sigeumchi,시금치,채소류,나물,1251.0,1172.142857142857,1695.7666666666667,2.5409836065573677,-55.81066760861886,11
2025-11-04,sigeumchi,시금치,채소류,나물,1262.0,1197.7142857142858,1644.2,0.8792965627498095,-55.072979708081164,11
2025-11-05,sigeumchi,시금치,채소류,나물,1264.0,1218.857142857143,1595.7666666666667,0.15847860538826808,-53.47810084652189,11
2025-11-06,sigeumchi,시금치,채소류,나물,1381.0,1255.7142857142858,1552.5,9.256329113924044,-48.45091452034341,11
2025-11-07,sigeumchi,시금치,채소류,나물,1375.0,1283.857142857143,1510.4666666666667,-0.43446777697321304,-47.83763277693475,11
2025-11-10,sigeumchi,시금치,채소류,나물,1388.0,1305.857142857143,1489.4333333333334,0.9454545454545382,-31.253095591877166,11
2025-11-11,sigeumchi,시금치,채소류,나물,1382.0,1329.0,1468.9,-0.4322766570605152,-30.830830830830834,11
2025-11-12,sigeumchi,시금치,채소류,나물,1350.0,1343.142857142857,1448.9666666666667,-2.315484804630974,-30.69815195071869,11
2025-11-13,sigeumchi,시금치,채소류,나물,1296.0,1348.0,1431.9,-4.0000000000000036,-28.31858407079646,11
2025-11-14,sigeumchi,시금치,채소류,나물,1321.0,1356.142857142857,1416.0,1.9290123456790154,-26.52947719688543,11
2025-11-17,sigeumchi,시금치,채소류,나물,1300.0,1344.5714285714287,1397.3,-1.5897047691143085,-30.14508328855454,11
2025-11-18,sigeumchi,시금치,채소류,나물,1294.0,1333.0,1377.1833333333334,-0.4615384615384577,-31.80500658761528,11
2025-11-19,sigeumchi,시금치,채소류,나물,1260.0,1314.7142857142858,1354.7166666666667,-2.6275115919629055,-34.85005170630817,11
2025-11-20,sigeumchi,시금치,채소류,나물,1180.0,1285.857142857143,1328.3666666666666,-6.349206349206349,-40.11672164425273,11
2025-11-21,sigeumchi,시금치,채소류,나물,1158.0,1258.4285714285713,1297.6333333333334,-1.8644067796610209,-44.32692307692307,11
2025-11-24,sigeumchi,시금치,채소류,나물,1109.0,1231.7142857142858,1272.2333333333333,-4.231433506044901,-40.72688401924105,11
2025-11-25,sigeumchi,시금치,채소류,나물,1098.0,1199.857142857143,1249.7666666666667,-0.9918845807033394,-38.036117381489845,11
2025-11-26,sigeumchi,시금치,채소류,나물,1095.0,1170.5714285714287,1227.3333333333333,-0.2732240437158473,-38.06561085972851,11
2025-11-27,sigeumchi,시금치,채소류,나물,939.0,1119.857142857143,1216.7666666666667,-14.24657534246575,-25.23885350318471,11
2025-11-28,sigeumchi,시금치,채소류,나물,917.0,1070.857142857143,1207.3,-2.3429179978700754,-23.646960865945044,11
2025-12-01,sigeumchi,시금치,채소류,나물,1036.0,1050.2857142857142,1201.7666666666667,12.977099236641232,-13.810316139767053,12
2025-12-02,sigeumchi,시금치,채소류,나물,1043.0,1033.857142857143,1196.8333333333333,0.6756756756756799,-12.426532325776662,12
2025-12-03,sigeumchi,시금치,채소류,나물,1040.0,1024.0,1193.0,-0.2876318312559967,-9.956709956709952,12
2025-12-04,sigeumchi,시금치,채소류,나물,1035.0,1015.0,1190.9333333333334,-0.48076923076922906,-5.651777575205108,12
2025-12-05,sigeumchi,시금치,채소류,나물,1033.5,1006.2142857142857,1189.2833333333333,-0.14492753623188692,-4.570637119113574,12
2025-12-08,sigeumchi,시금치,채소류,나물,1032.0,1019.5,1186.4833333333333,-0.14513788098693414,-7.5268817204301115,12
2025-12-09,sigeumchi,시금치,채소류,나물,1038.0,1036.7857142857142,1183.65,0.5813953488372103,-7.569011576135354,12
2025-12-10,sigeumchi,시금치,채소류,나물,1051.0,1038.9285714285713,1179.4166666666667,1.2524084778420042,-10.780984719864172,12
2025-12-11,sigeumchi,시금치,채소류,나물,900.0,1018.5,1168.2833333333333,-14.367269267364414,-27.066450567260937,12
2025-12-12,sigeumchi,시금치,채소류,나물,904.0,999.0714285714286,1157.75,0.4444444444444473,-25.901639344262296,12
2025-12-15,sigeumchi,시금치,채소류,나물,941.0,985.6428571428571,1147.4166666666667,4.092920353982299,-24.780175859312546,12
2025-12-16,sigeumchi,시금치,채소류,나물,942.0,972.5714285714286,1136.75,0.10626992561104665,-25.356576862123614,12
2025-12-17,sigeumchi,시금치,채소류,나물,923.0,957.0,1125.3833333333334,-2.016985138004246,-26.97784810126582,12
2025-12-18,sigeumchi,시금치,채소류,나물,925.0,940.8571428571429,1110.1833333333334,0.21668472372697867,-33.019551049963795,12
2025-12-19,sigeumchi,시금치,채소류,나물,920.0,922.1428571428571,1095.0166666666667,-0.540540540540535,-33.09090909090909,12
2025-12-22,sigeumchi,시금치,채소류,나물,947.0,928.8571428571429,1080.3166666666666,2.934782608695663,-31.772334293948123,12
2025-12-23,sigeumchi,시금치,채소류,나물,945.0,934.7142857142857,1065.75,-0.21119324181626542,-31.620839363241682,12
2025-12-24,sigeumchi,시금치,채소류,나물,957.0,937.0,1052.65,1.2698412698412653,-29.11111111111111,12
2025-12-25,sigeumchi,시금치,채소류,나물,924.0,934.4285714285714,1040.25,-3.4482758620689613,-28.70370370370371,12
2025-12-26,sigeumchi,시금치,채소류,나물,891.0,929.8571428571429,1025.9166666666667,-3.57142857142857,-32.551097653292956,12
2025-12-29,sigeumchi,시금치,채소류,나물,842.0,918.0,1010.65,-5.499438832772164,-35.23076923076923,12
2025-12-30,sigeumchi,시금치,채소류,나물,840.0,906.5714285714286,995.5166666666667,-0.23752969121140222,-35.08500772797527,12
2025-12-31,sigeumchi,시금치,채소류,나물,843.0,891.7142857142857,981.6166666666667,0.3571428571428559,-33.0952380952381,12
2026-01-01,sigeumchi,시금치,채소류,나물,858.5,879.3571428571429,970.9,1.838671411625148,-27.24576271186441,1
2026-01-02,sigeumchi,시금치,채소류,나물,874.0,867.5,961.4333333333333,1.80547466511356,-24.525043177892915,1
2026-01-05,sigeumchi,시금치,채소류,나물,977.0,875.0714285714286,957.0333333333333,11.784897025171626,-11.902614968440039,1
2026-01-06,sigeumchi,시금치,채소류,나물,984.0,888.3571428571429,953.2333333333333,0.7164790174001956,-10.382513661202186,1
2026-01-07,sigeumchi,시금치,채소류,나물,984.0,908.6428571428571,949.5333333333333,0.0,-10.136986301369866,1
2026-01-08,sigeumchi,시금치,채소류,나물,976.0,928.0714285714286,950.7666666666667,-0.8130081300813052,3.940362087326954,1
2026-01-09,sigeumchi,시금치,채소류,나물,1068.0,960.2142857142857,955.8,9.426229508196716,16.466739367502736,1
2026-01-12,sigeumchi,시금치,채소류,나물,1065.0,989.7142857142857,956.7666666666667,-0.2808988764044895,2.7992277992278103,1
2026-01-13,sigeumchi,시금치,채소류,나물,1066.0,1017.1428571428571,957.5333333333333,0.09389671361501595,2.205177372962619,1
2026-01-14,sigeumchi,시금치,채소류,나물,1053.0,1028.0,957.9666666666667,-1.2195121951219523,1.2499999999999956,1
2026-01-15,sigeumchi,시금치,채소류,나물,1067.0,1039.857142857143,959.0333333333333,1.3295346628680038,3.091787439613536,1
2026-01-16,sigeumchi,시금치,채소류,나물,1066.0,1051.5714285714287,960.1166666666667,-0.09372071227741197,3.1446540880503138,1
2026-01-19,sigeumchi,시금치,채소류,나물,1075.0,1065.7142857142858,961.55,0.8442776735459567,4.166666666666674,1
2026-01-20,sigeumchi,시금치,채소류,나물,1074.0,1066.5714285714287,962.75,-0.09302325581395099,3.4682080924855585,1
2026-01-21,sigeumchi,시금치,채소류,나물,1067.0,1066.857142857143,963.2833333333333,-0.6517690875232796,1.5223596574690745,1
2026-01-22,sigeumchi,시금치,채소류,나물,1064.0,1066.5714285714287,968.75,-0.2811621368322359,18.22222222222223,1
2026-01-23,sigeumchi,시금치,채소류,나물,1063.0,1068.0,974.05,-0.09398496240601295,17.58849557522124,1
2026-01-26,sigeumchi,시금치,채소류,나물,1068.0,1068.142857142857,978.2833333333333,0.470366886171214,13.496280552603611,1
2026-01-27,sigeumchi,시금치,채소류,나물,1069.0,1068.5714285714287,982.5166666666667,0.0936329588014928,13.481953290870496,1
2026-01-28,sigeumchi,시금치,채소류,나물,1082.0,1069.5714285714287,987.8166666666667,1.2160898035547207,17.22643553629468,1
2026-01-29,sigeumchi,시금치,채소류,나물,1141.0,1079.142857142857,995.0166666666667,5.4528650646950005,23.351351351351358,1
2026-01-30,sigeumchi,시금치,채소류,나물,1138.0,1089.2857142857142,1002.2833333333333,-0.2629272567922891,23.69565217391305,1
2026-02-02,sigeumchi,시금치,채소류,나물,1152.0,1101.857142857143,1009.1166666666667,1.2302284710017597,21.64730728616684,2
2026-02-03,sigeumchi,시금치,채소류,나물,1163.0,1116.142857142857,1016.3833333333333,0.954861111111116,23.068783068783063,2
2026-02-04,sigeumchi,시금치,채소류,나물,1161.0,1129.4285714285713,1023.1833333333333,-0.17196904557179593,21.316614420062695,2
2026-02-05,sigeumchi,시금치,채소류,나물,1146.0,1140.4285714285713,1030.5833333333333,-1.2919896640826822,24.025974025974016,2
2026-02-06,sigeumchi,시금치,채소류,나물,1148.0,1149.857142857143,1039.15,0.17452006980802626,28.843995510662168,2
2026-02-09,sigeumchi,시금치,채소류,나물,1151.0,1151.2857142857142,1049.45,0.2613240418118501,36.69833729216152,2
2026-02-10,sigeumchi,시금치,채소류,나물,1152.0,1153.2857142857142,1059.85,0.08688097306690512,37.142857142857146,2
2026-02-11,sigeumchi,시금치,채소류,나물,1147.0,1152.5714285714287,1069.9833333333333,-0.434027777777779,36.06168446026097,2
2026-02-12,sigeumchi,시금치,채소류,나물,1070.0,1139.2857142857142,1077.0333333333333,-6.713164777680902,24.635993011065803,2
2026-02-13,sigeumchi,시금치,채소류,나물,1057.0,1124.4285714285713,1083.1333333333334,-1.2149532710280408,20.938215102974823,2
2026-02-16,sigeumchi,시금치,채소류,나물,1074.0,1114.142857142857,1086.3666666666666,1.6083254493850507,9.928352098259975,2
2026-02-17,sigeumchi,시금치,채소류,나물,1091.0,1106.0,1089.9333333333334,1.582867783985109,10.873983739837389,2
2026-02-18,sigeumchi,시금치,채소류,나물,1108.0,1099.857142857143,1094.0666666666666,1.5582034830430747,12.601626016260159,2
2026-02-19,sigeumchi,시금치,채소류,나물,1125.0,1096.0,1099.0333333333333,1.534296028880866,15.266393442622949,2
2026-02-20,sigeumchi,시금치,채소류,나물,1143.0,1095.4285714285713,1101.5333333333333,1.6000000000000014,7.02247191011236,2
2026-02-23,sigeumchi,시금치,채소류,나물,1093.0,1098.7142857142858,1102.4666666666667,-4.374453193350836,2.6291079812206464,2
2026-02-24,sigeumchi,시금치,채소류,나물,1077.0,1101.5714285714287,1102.8333333333333,-1.4638609332113472,1.0318949343339545,2
2026-02-25,sigeumchi,시금치,채소류,나물,1054.0,1098.7142857142858,1102.8666666666666,-2.135561745589598,0.09496676163343043,2
2026-02-26,sigeumchi,시금치,채소류,나물,1061.0,1094.4285714285713,1102.6666666666667,0.6641366223908873,-0.5623242736644829,2
2026-02-27,sigeumchi,시금치,채소류,나물,1032.0,1083.5714285714287,1101.5333333333333,-2.7332704995287505,-3.1894934333958735,2
2026-03-02,sigeumchi,시금치,채소류,나물,1058.0,1074.0,1100.9666666666667,2.519379844961245,-1.5813953488372112,3
2026-03-03,sigeumchi,시금치,채소류,나물,1084.0,1065.5714285714287,1101.3,2.457466918714557,0.9310986964618184,3
2026-03-04,sigeumchi,시금치,채소류,나물,1060.0,1060.857142857143,1101.0666666666666,-2.2140221402214055,-0.6560449859418949,3
2026-03-05,sigeumchi,시금치,채소류,나물,997.0,1049.4285714285713,1098.8333333333333,-5.943396226415098,-6.296992481203012,3
2026-03-06,sigeumchi,시금치,채소류,나물,981.0,1039.0,1096.1,-1.6048144433299938,-7.714016933207901,3
2026-03-09,sigeumchi,시금치,채소류,나물,985.0,1028.142857142857,1093.3333333333333,0.4077471967380175,-7.771535580524347,3
2026-03-10,sigeumchi,시금치,채소류,나물,976.0,1020.1428571428571,1090.2333333333333,-0.9137055837563413,-8.69971936389149,3
2026-03-11,sigeumchi,시금치,채소류,나물,957.0,1005.7142857142857,1086.0666666666666,-1.9467213114754078,-11.552680221811462,3
2026-03-12,sigeumchi,시금치,채소류,나물,812.0,966.8571428571429,1075.1,-15.151515151515149,-28.834355828220858,3
2026-03-13,sigeumchi,시금치,채소류,나물,806.0,930.5714285714286,1064.0333333333333,-0.7389162561576401,-29.173989455184536,3
2026-03-16,sigeumchi,시금치,채소류,나물,793.0,901.4285714285714,1052.0666666666666,-1.6129032258064502,-31.163194444444443,3
2026-03-17,sigeumchi,시금치,채소류,나물,787.0,873.7142857142857,1039.5333333333333,-0.7566204287515754,-32.33018056749785,3
2026-03-18,sigeumchi,시금치,채소류,나물,789.0,845.7142857142857,1027.1333333333334,0.2541296060991183,-32.041343669250644,3
2026-03-19,sigeumchi,시금치,채소류,나물,803.0,821.0,1015.7,1.7743979721166037,-29.93019197207679,3
2026-03-20,sigeumchi,시금치,채소류,나물,813.0,800.4285714285714,1004.5333333333333,1.245330012453305,-29.181184668989545,3
2026-03-23,sigeumchi,시금치,채소류,나물,835.0,803.7142857142857,994.0,2.7060270602706105,-27.454387489139876,3
2026-03-24,sigeumchi,시금치,채소류,나물,826.0,806.5714285714286,983.1333333333333,-1.0778443113772407,-28.298611111111114,3
2026-03-25,sigeumchi,시금치,채소류,나물,823.0,810.8571428571429,972.3333333333334,-0.3631961259079941,-28.247602441150832,3
2026-03-26,sigeumchi,시금치,채소류,나물,722.0,801.5714285714286,960.7333333333333,-12.272174969623329,-32.52336448598131,3
2026-03-27,sigeumchi,시금치,채소류,나물,715.0,791.0,949.3333333333334,-0.969529085872578,-32.35572374645223,3
2026-03-30,sigeumchi,시금치,채소류,나물,751.0,783.5714285714286,938.5666666666667,5.034965034965033,-30.07448789571695,3
2026-03-31,sigeumchi,시금치,채소류,나물,742.0,773.4285714285714,926.9333333333333,-1.1984021304926817,-31.98900091659028,3
2026-04-01,sigeumchi,시금치,채소류,나물,757.0,762.2857142857143,915.2333333333333,2.021563342318067,-31.678700361010826,4
2026-04-02,sigeumchi,시금치,채소류,나물,757.0,752.4285714285714,902.9666666666667,0.0,-32.711111111111116,4
2026-04-03,sigeumchi,시금치,채소류,나물,752.0,742.2857142857143,889.9333333333333,-0.6605019815059454,-34.2082239720035,4
2026-04-06,sigeumchi,시금치,채소류,나물,771.0,749.2857142857143,879.2,2.5265957446808596,-29.460201280878316,4
2026-04-07,sigeumchi,시금치,채소류,나물,786.0,759.4285714285714,869.5,1.9455252918287869,-27.019498607242344,4
2026-04-08,sigeumchi,시금치,채소류,나물,802.0,766.7142857142857,861.1,2.035623409669207,-23.90891840607211,4
2026-04-09,sigeumchi,시금치,채소류,나물,793.0,774.0,852.1666666666666,-1.122194513715713,-25.259189443920825,4
2026-04-10,sigeumchi,시금치,채소류,나물,788.0,778.4285714285714,844.0333333333333,-0.6305170239596425,-23.643410852713174,4
2026-04-13,sigeumchi,시금치,채소류,나물,777.0,781.2857142857143,834.6666666666666,-1.3959390862944177,-26.559546313799622,4
2026-04-14,sigeumchi,시금치,채소류,나물,789.0,786.5714285714286,824.8333333333334,1.5444015444015413,-27.214022140221406,4
2026-04-15,sigeumchi,시금치,채소류,나물,803.0,791.1428571428571,816.2666666666667,1.7743979721166037,-24.245283018867923,4
2026-04-16,sigeumchi,시금치,채소류,나물,672.0,774.8571428571429,805.4333333333333,-16.31382316313823,-32.597793380140416,4
2026-04-17,sigeumchi,시금치,채소류,나물,665.0,755.2857142857143,794.9,-1.041666666666663,-32.21202854230377,4
2026-04-20,sigeumchi,시금치,채소류,나물,669.0,737.5714285714286,784.3666666666667,0.6015037593984918,-32.08121827411168,4
2026-04-21,sigeumchi,시금치,채소류,나물,671.0,720.8571428571429,774.2,0.2989536621823552,-31.25,4
2026-04-22,sigeumchi,시금치,채소류,나물,683.0,707.4285714285714,765.0666666666667,1.7883755588673722,-28.631138975966564,4
2026-04-23,sigeumchi,시금치,채소류,나물,682.0,692.1428571428571,760.7333333333333,-0.14641288433382416,-16.009852216748765,4
2026-04-24,sigeumchi,시금치,채소류,나물,687.0,675.5714285714286,756.7666666666667,0.7331378299120228,-14.764267990074442,4
2026-04-27,sigeumchi,시금치,채소류,나물,717.0,682.0,754.2333333333333,4.366812227074246,-9.583858764186637,4
2026-04-28,sigeumchi,시금치,채소류,나물,714.0,689.0,751.8,-0.4184100418409997,-9.275730622617539,4
2026-04-29,sigeumchi,시금치,채소류,나물,714.0,695.4285714285714,749.3,0.0,-9.505703422053235,4
2026-04-30,sigeumchi,시금치,채소류,나물,696.0,699.0,745.7333333333333,-2.5210084033613467,-13.32503113325031,4
2026-05-01,sigeumchi,시금치,채소류,나물,703.0,701.8571428571429,742.0666666666667,1.0057471264367734,-13.530135301353019,5
2026-05-04,sigeumchi,시금치,채소류,나물,710.0,705.8571428571429,737.9,0.9957325746799528,-14.970059880239518,5
2026-05-05,sigeumchi,시금치,채소류,나물,714.0,709.7142857142857,734.1666666666666,0.5633802816901401,-13.559322033898303,5
2026-05-06,sigeumchi,시금치,채소류,나물,718.0,709.8571428571429,730.6666666666666,0.5602240896358524,-12.758201701093563,5
2026-05-07,sigeumchi,시금치,채소류,나물,746.0,714.4285714285714,731.4666666666667,3.8997214484679743,3.32409972299168,5
2026-05-08,sigeumchi,시금치,채소류,나물,752.0,719.8571428571429,732.7,0.8042895442359255,5.174825174825171,5
2026-05-11,sigeumchi,시금치,채소류,나물,766.0,729.8571428571429,733.2,1.8617021276595702,1.9973368841544659,5
2026-05-12,sigeumchi,시금치,채소류,나물,762.0,738.2857142857143,733.8666666666667,-0.5221932114882533,2.695417789757415,5
2026-05-13,sigeumchi,시금치,채소류,나물,748.0,743.7142857142857,733.5666666666667,-1.8372703412073532,-1.1889035667106973,5
2026-05-14,sigeumchi,시금치,채소류,나물,693.0,740.7142857142857,731.4333333333333,-7.352941176470584,-8.454425363276085,5
2026-05-15,sigeumchi,시금치,채소류,나물,688.0,736.4285714285714,729.3,-0.721500721500723,-8.510638297872342,5
2026-05-18,sigeumchi,시금치,채소류,나물,718.0,732.4285714285714,727.5333333333333,4.3604651162790775,-6.874189364461736,5
2026-05-19,sigeumchi,시금치,채소류,나물,704.0,725.5714285714286,724.8,-1.9498607242339872,-10.432569974554706,5
2026-05-20,sigeumchi,시금치,채소류,나물,709.0,717.4285714285714,721.7,0.7102272727272707,-11.59600997506235,5
2026-05-21,sigeumchi,시금치,채소류,나물,748.0,715.4285714285714,720.2,5.500705218617763,-5.674653215636827,5
2026-05-22,sigeumchi,시금치,채소류,나물,755.0,716.4285714285714,719.1,0.9358288770053402,-4.187817258883253,5
2026-05-25,sigeumchi,시금치,채소류,나물,752.5,724.9285714285714,718.2833333333333,-0.3311258278145712,-3.1531531531531543,5
2026-05-26,sigeumchi,시금치,채소류,나물,750.0,733.7857142857143,716.9833333333333,-0.33222591362126463,-4.942965779467679,5
2026-05-27,sigeumchi,시금치,채소류,나물,750.0,738.3571428571429,715.2166666666667,0.0,-6.600249066002495,5
2026-05-28,sigeumchi,시금치,채소류,나물,783.0,749.6428571428571,718.9166666666666,4.400000000000004,16.51785714285714,5
2026-05-29,sigeumchi,시금치,채소류,나물,779.0,759.6428571428571,722.7166666666667,-0.5108556832694733,17.14285714285715,5
2026-06-01,sigeumchi,시금치,채소류,나물,780.0,764.2142857142857,726.4166666666666,0.12836970474967568,16.59192825112108,6
2026-06-02,sigeumchi,시금치,채소류,나물,776.0,767.2142857142857,729.9166666666666,-0.512820512820511,15.648286140089418,6
2026-06-03,sigeumchi,시금치,채소류,나물,753.0,767.2857142857143,732.25,-2.9639175257731964,10.248901903367491,6
2026-06-04,sigeumchi,시금치,채소류,나물,730.0,764.4285714285714,733.85,-3.054448871181936,7.038123167155419,6
2026-06-05,sigeumchi,시금치,채소류,나물,730.0,761.5714285714286,735.2833333333333,0.0,6.259097525473067,6
2026-06-08,sigeumchi,시금치,채소류,나물,724.0,753.1428571428571,735.5166666666667,-0.8219178082191747,0.9762900976290068,6
2026-06-09,sigeumchi,시금치,채소류,나물,721.0,744.8571428571429,735.75,-0.4143646408839796,0.9803921568627416,6
2026-06-10,sigeumchi,시금치,채소류,나물,734.0,738.2857142857143,736.4166666666666,1.8030513176144236,2.8011204481792618,6
2026-06-11,sigeumchi,시금치,채소류,나물,842.0,747.7142857142857,741.2833333333333,14.713896457765664,20.977011494252885,6
2026-06-12,sigeumchi,시금치,채소류,나물,857.0,762.5714285714286,746.4166666666666,1.7814726840855055,21.90611664295874,6
2026-06-15,sigeumchi,시금치,채소류,나물,859.0,781.0,751.3833333333333,0.2333722287047868,20.98591549295774,6
2026-06-16,sigeumchi,시금치,채소류,나물,884.0,803.0,757.05,2.9103608847497187,23.809523809523814,6
2026-06-17,sigeumchi,시금치,채소류,나물,889.0,826.5714285714286,762.75,0.5656108597285048,23.816155988857936,6
2026-06-18,sigeumchi,시금치,채소류,나물,796.0,837.2857142857143,764.4166666666666,-10.461192350956129,6.702412868632712,6
2026-06-19,sigeumchi,시금치,채소류,나물,792.0,845.5714285714286,765.75,-0.5025125628140725,5.319148936170204,6
2026-06-22,sigeumchi,시금치,채소류,나물,829.0,843.7142857142857,767.85,4.671717171717171,8.224543080939938,6
2026-06-23,sigeumchi,시금치,채소류,나물,827.0,839.4285714285714,770.0166666666667,-0.24125452352231624,8.530183727034114,6
2026-06-24,sigeumchi,시금치,채소류,나물,838.0,836.4285714285714,773.0166666666667,1.330108827085863,12.032085561497329,6
2026-06-25,sigeumchi,시금치,채소류,나물,862.0,833.2857142857143,778.65,2.863961813842475,24.386724386724378,6
2026-06-26,sigeumchi,시금치,채소류,나물,862.0,829.4285714285714,784.45,0.0,25.290697674418606,6
2026-06-29,sigeumchi,시금치,채소류,나물,914.0,846.2857142857143,790.9833333333333,6.032482598607891,27.298050139275777,6
2026-06-30,sigeumchi,시금치,채소류,나물,919.0,864.4285714285714,798.15,0.547045951859948,30.53977272727273,6
2026-07-01,sigeumchi,시금치,채소류,나물,884.0,872.2857142857143,803.9833333333333,-3.80848748639826,24.682651622002826,7
2026-07-02,sigeumchi,시금치,채소류,나물,796.0,867.8571428571429,805.5833333333334,-9.954751131221718,6.417112299465244,7
2026-07-03,sigeumchi,시금치,채소류,나물,793.0,861.4285714285714,806.85,-0.37688442211055717,5.033112582781452,7
2026-07-06,sigeumchi,시금치,채소류,나물,805.0,853.2857142857143,808.6,1.5132408575031508,6.976744186046502,7
2026-07-07,sigeumchi,시금치,채소류,나물,784.0,842.1428571428571,809.7333333333333,-2.608695652173909,4.533333333333323,7
2026-07-08,sigeumchi,시금치,채소류,나물,818.0,828.4285714285714,812.0,4.336734693877542,9.066666666666666,7
2026-07-09,sigeumchi,시금치,채소류,나물,962.0,834.5714285714286,817.9666666666667,17.60391198044009,22.860791826309068,7
2026-07-10,sigeumchi,시금치,채소류,나물,973.0,847.2857142857143,824.4333333333333,1.1434511434511352,24.90372272143775,7
2026-07-13,sigeumchi,시금치,채소류,나물,1018.0,879.0,832.3666666666667,4.624871531346342,30.512820512820515,7
2026-07-14,sigeumchi,시금치,채소류,나물,1050.0,915.7142857142857,841.5,3.143418467583503,35.30927835051547,7
2026-07-15,sigeumchi,시금치,채소류,나물,1165.0,967.1428571428571,855.2333333333333,10.952380952380958,54.7144754316069,7
2026-07-16,sigeumchi,시금치,채소류,나물,1084.0,1010.0,867.0333333333333,-6.9527896995708165,48.49315068493149,7
2026-07-17,sigeumchi,시금치,채소류,나물,1104.5,1050.9285714285713,879.5166666666667,1.8911439114391193,51.301369863013704,7
2026-07-20,sigeumchi,시금치,채소류,나물,1125.0,1074.2142857142858,892.8833333333333,1.856043458578549,55.386740331491715,7
2026-07-21,sigeumchi,시금치,채소류,나물,1133.0,1097.0714285714287,906.6166666666667,0.7111111111111068,57.14285714285714,7
2026-07-22,sigeumchi,시금치,채소류,나물,1153.0,1116.357142857143,920.5833333333334,1.7652250661959412,57.08446866485013,7
2026-07-23,sigeumchi,시금치,채소류,나물,1297.0,1151.642857142857,935.75,12.489158716392023,54.038004750593814,7
2026-07-24,sigeumchi,시금치,채소류,나물,1294.0,1170.0714285714287,950.3166666666667,-0.23130300693908756,50.991831971995325,7
2026-07-27,sigeumchi,시금치,채소류,나물,1299.0,1200.7857142857142,964.9833333333333,0.3863987635239541,51.22235157159487,7
2026-07-28,sigeumchi,시금치,채소류,나물,1315.0,1230.857142857143,979.35,1.2317167051578037,48.75565610859729,7
2026-07-29,sigeumchi,시금치,채소류,나물,1331.0,1260.2857142857142,994.0833333333334,1.2167300380228063,49.71878515185602,7
2026-07-30,sigeumchi,시금치,채소류,나물,1613.0,1328.857142857143,1021.3166666666667,21.18707738542449,102.63819095477386,7
2026-07-31,sigeumchi,시금치,채소류,나물,1701.0,1407.142857142857,1051.6166666666666,5.45567265964042,114.7727272727273,7
2026-08-03,sigeumchi,시금치,채소류,나물,1718.0,1467.2857142857142,1081.25,0.9994121105232123,107.23763570566946,8
2026-08-04,sigeumchi,시금치,채소류,나물,1747.0,1532.0,1111.9166666666667,1.6880093131548257,111.24546553808949,8
2026-08-05,sigeumchi,시금치,채소류,나물,1796.0,1603.0,1143.85,2.804808242701773,114.3198090692124,8
2026-08-06,sigeumchi,시금치,채소류,나물,1974.0,1697.142857142857,1180.9166666666667,9.910913140311806,129.00232018561485,8
2026-08-07,sigeumchi,시금치,채소류,나물,1978.0,1789.5714285714287,1218.1166666666666,0.20263424518742745,129.46635730858466,8
2026-08-10,sigeumchi,시금치,채소류,나물,2000.0,1844.857142857143,1254.3166666666666,1.1122345803842304,118.81838074398247,8
2026-08-11,sigeumchi,시금치,채소류,나물,2016.0,1889.857142857143,1290.8833333333334,0.8000000000000007,119.36887921653971,8
2026-08-12,sigeumchi,시금치,채소류,나물,2038.0,1935.5714285714287,1329.35,1.0912698412698374,130.54298642533934,8
2026-08-13,sigeumchi,시금치,채소류,나물,2030.0,1976.0,1370.4833333333333,-0.39254170755642637,155.0251256281407,8
2026-08-14,sigeumchi,시금치,채소류,나물,2108.0,2020.5714285714287,1414.3166666666666,3.8423645320197153,165.82597730138713,8
2026-08-17,sigeumchi,시금치,채소류,나물,2124.5,2042.0714285714287,1458.3,0.7827324478178355,163.91304347826087,8
2026-08-18,sigeumchi,시금치,채소류,나물,2141.0,2065.3571428571427,1503.5333333333333,0.7766533301953427,173.08673469387753,8
2026-08-19,sigeumchi,시금치,채소류,나물,2177.0,2090.6428571428573,1548.8333333333333,1.6814572629612279,166.13691931540342,8
2026-08-20,sigeumchi,시금치,채소류,나물,2121.0,2105.6428571428573,1587.4666666666667,-2.5723472668810254,120.47817047817047,8
2026-08-21,sigeumchi,시금치,채소류,나물,2095.0,2113.785714285714,1624.8666666666666,-1.2258368694012312,115.31346351490237,8
2026-08-24,sigeumchi,시금치,채소류,나물,2118.0,2126.3571428571427,1661.5333333333333,1.097852028639612,108.05500982318273,8
2026-08-25,sigeumchi,시금치,채소류,나물,2135.0,2130.214285714286,1697.7,0.8026440037771421,103.33333333333331,8
2026-08-26,sigeumchi,시금치,채소류,나물,2141.0,2132.5714285714284,1730.2333333333333,0.2810304449648804,83.77682403433478,8
2026-08-27,sigeumchi,시금치,채소류,나물,2216.0,2143.285714285714,1767.9666666666667,3.5030359645025655,104.42804428044279,8
2026-08-28,sigeumchi,시금치,채소류,나물,2195.0,2145.8571428571427,1804.3166666666666,-0.9476534296028905,98.73245812584881,8
2026-08-31,sigeumchi,시금치,채소류,나물,2205.0,2157.8571428571427,1840.3166666666666,0.4555808656036442,96.0,8
2026-09-01,sigeumchi,시금치,채소류,나물,2175.0,2169.285714285714,1875.05,-1.3605442176870763,91.96822594880847,9
2026-09-02,sigeumchi,시금치,채소류,나물,2183.0,2178.5714285714284,1909.3833333333334,0.36781609195402076,89.33217692974848,9
2026-09-03,sigeumchi,시금치,채소류,나물,2445.0,2222.8571428571427,1947.65,12.0018323408154,88.51195065535853,9
2026-09-04,sigeumchi,시금치,채소류,나물,2440.0,2265.5714285714284,1985.85,-0.2044989775051076,88.56259659969088,9
2026-09-07,sigeumchi,시금치,채소류,나물,2395.0,2291.1428571428573,2022.3833333333334,-1.8442622950819665,84.37259430331024,9
2026-09-08,sigeumchi,시금치,채소류,나물,2399.0,2320.285714285714,2058.516666666667,0.1670146137787043,82.43346007604562,9
2026-09-09,sigeumchi,시금치,채소류,나물,2404.0,2348.714285714286,2094.2833333333333,0.20842017507294308,80.6160781367393,9
2026-09-10,sigeumchi,시금치,채소류,나물,2188.0,2350.5714285714284,2113.45,-8.985024958402665,35.647861128332295,9
2025-09-10,yangpa,양파,채소류,양념·대조군,2270.0,,,,,9
2025-09-11,yangpa,양파,채소류,양념·대조군,1877.0,,,-17.31277533039648,,9
2025-09-12,yangpa,양파,채소류,양념·대조군,1913.0,2020.0,,1.917954182205639,,9
2025-09-15,yangpa,양파,채소류,양념·대조군,2115.0,2043.75,,10.559330893883946,,9
2025-09-16,yangpa,양파,채소류,양념·대조군,2116.0,2058.2,,0.047281323877057524,,9
2025-09-17,yangpa,양파,채소류,양념·대조군,2118.0,2068.1666666666665,,0.0945179584120881,,9
2025-09-18,yangpa,양파,채소류,양념·대조군,1975.0,2054.8571428571427,,-6.751652502360717,,9
2025-09-19,yangpa,양파,채소류,양념·대조군,1977.0,2013.0,,0.10126582278480178,,9
2025-09-22,yangpa,양파,채소류,양념·대조군,1922.0,2019.4285714285713,,-2.7819929185634806,,9
2025-09-23,yangpa,양파,채소류,양념·대조군,1900.0,2017.5714285714287,2018.3,-1.144640998959412,,9
2025-09-24,yangpa,양파,채소류,양념·대조군,1915.0,1989.0,2008.909090909091,0.7894736842105177,,9
2025-09-25,yangpa,양파,채소류,양념·대조군,1724.0,1933.0,1985.1666666666667,-9.973890339425584,,9
2025-09-26,yangpa,양파,채소류,양념·대조군,1730.0,1877.5714285714287,1965.5384615384614,0.34802784222738303,,9
2025-09-29,yangpa,양파,채소류,양념·대조군,1854.0,1860.2857142857142,1957.5714285714287,7.167630057803476,,9
2025-09-30,yangpa,양파,채소류,양념·대조군,1850.0,1842.142857142857,1950.4,-0.21574973031284195,,9
2025-10-01,yangpa,양파,채소류,양념·대조군,1845.0,1831.142857142857,1943.8125,-0.2702702702702675,,10
2025-10-02,yangpa,양파,채소류,양념·대조군,1846.0,1823.4285714285713,1938.0588235294117,0.05420054200542257,,10
2025-10-03,yangpa,양파,채소류,양념·대조군,1886.8333333333333,1819.404761904762,1935.212962962963,2.2119898880462285,,10
2025-10-06,yangpa,양파,채소류,양념·대조군,1927.6666666666667,1848.5,1934.8157894736842,2.164119777404827,,10
2025-10-07,yangpa,양파,채소류,양념·대조군,1968.5,1882.5714285714287,1936.5,2.118277710530858,,10
2025-10-10,yangpa,양파,채소류,양념·대조군,2091.0,1916.4285714285713,1943.857142857143,6.2230124460249,,10
2025-10-13,yangpa,양파,채소류,양념·대조군,2171.0,1962.2857142857142,1954.1818181818182,3.8259206121473044,,10
2025-10-14,yangpa,양파,채소류,양념·대조군,2263.0,2022.0,1967.608695652174,4.237678489175489,,10
2025-10-15,yangpa,양파,채소류,양념·대조군,2333.0,2091.5714285714284,1982.8333333333333,3.093239063190456,,10
2025-10-16,yangpa,양파,채소류,양념·대조군,2366.0,2160.0238095238096,1998.16,1.4144877839691317,,10
2025-10-17,yangpa,양파,채소류,양념·대조군,2345.0,2219.6428571428573,2011.5,-0.887573964497046,,10
2025-10-20,yangpa,양파,채소류,양념·대조군,2355.0,2274.8571428571427,2024.2222222222222,0.4264392324093924,,10
2025-10-21,yangpa,양파,채소류,양념·대조군,2355.0,2312.5714285714284,2036.0357142857142,0.0,,10
2025-10-22,yangpa,양파,채소류,양념·대조군,2350.0,2338.1428571428573,2046.8620689655172,-0.2123142250530785,,10
2025-10-23,yangpa,양파,채소류,양념·대조군,2194.0,2328.285714285714,2051.766666666667,-6.638297872340426,,10
2025-10-24,yangpa,양파,채소류,양념·대조군,2155.0,2302.8571428571427,2047.9333333333334,-1.777575205104831,-5.06607929515418,10
2025-10-27,yangpa,양파,채소류,양념·대조군,2277.0,2290.1428571428573,2061.266666666667,5.661252900232028,21.310602024507187,10
2025-10-28,yangpa,양파,채소류,양념·대조군,2262.0,2278.285714285714,2072.9,-0.6587615283267456,18.24359644537377,10
2025-10-29,yangpa,양파,채소류,양념·대조군,2278.0,2267.285714285714,2078.3333333333335,0.7073386383731117,7.706855791962175,10
2025-10-30,yangpa,양파,채소류,양념·대조군,2069.0,2226.4285714285716,2076.766666666667,-9.174714661984195,-2.2211720226843146,10
2025-10-31,yangpa,양파,채소류,양념·대조군,2040.0,2182.1428571428573,2074.1666666666665,-1.4016433059448996,-3.682719546742208,10
2025-11-03,yangpa,양파,채소류,양념·대조군,2066.0,2163.8571428571427,2077.2,1.274509803921564,4.607594936708859,11
2025-11-04,yangpa,양파,채소류,양념·대조군,2082.0,2153.4285714285716,2080.7,0.7744433688286589,5.31107738998482,11
2025-11-05,yangpa,양파,채소류,양념·대조군,2082.0,2125.5714285714284,2086.0333333333333,0.0,8.324661810613954,11
2025-11-06,yangpa,양파,채소류,양념·대조군,1935.0,2078.8571428571427,2087.2,-7.060518731988474,1.8421052631578894,11
2025-11-07,yangpa,양파,채소류,양념·대조군,1934.0,2029.7142857142858,2087.8333333333335,-0.051679586563302404,0.992167101827679,11
2025-11-10,yangpa,양파,채소류,양념·대조군,1951.0,2012.857142857143,2095.4,0.8790072388831449,13.167053364269133,11
2025-11-11,yangpa,양파,채소류,양념·대조군,1947.0,1999.5714285714287,2102.633333333333,-0.2050230650948226,12.543352601156066,11
2025-11-12,yangpa,양파,채소류,양념·대조군,1950.0,1983.0,2105.8333333333335,0.15408320493066618,5.177993527508096,11
2025-11-13,yangpa,양파,채소류,양념·대조군,1916.0,1959.2857142857142,2108.0333333333333,-1.7435897435897463,3.5675675675675755,11
2025-11-14,yangpa,양파,채소류,양념·대조군,1929.0,1937.4285714285713,2110.8333333333335,0.6784968684759862,4.552845528455274,11
2025-11-17,yangpa,양파,채소류,양념·대조군,1922.0,1935.5714285714287,2113.366666666667,-0.3628823224468669,4.1170097508125725,11
2025-11-18,yangpa,양파,채소류,양념·대조군,1949.0,1937.7142857142858,2115.438888888889,1.4047866805410925,3.294761946824498,11
2025-11-19,yangpa,양파,채소류,양념·대조군,1946.0,1937.0,2116.05,-0.1539250897896305,0.9510634618709934,11
2025-11-20,yangpa,양파,채소류,양념·대조군,1806.0,1916.857142857143,2110.633333333333,-7.194244604316546,-8.25501651003302,11
2025-11-21,yangpa,양파,채소류,양념·대조군,1804.0,1896.0,2101.0666666666666,-0.11074197120708451,-13.725490196078427,11
2025-11-24,yangpa,양파,채소류,양념·대조군,1800.0,1879.4285714285713,2088.7,-0.22172949002217113,-17.08889912482727,11
2025-11-25,yangpa,양파,채소류,양념·대조군,1788.0,1859.2857142857142,2072.866666666667,-0.666666666666671,-20.98983650022095,11
2025-11-26,yangpa,양파,채소류,양념·대조군,1790.0,1840.4285714285713,2054.766666666667,0.11185682326622093,-23.27475353621946,11
2025-11-27,yangpa,양파,채소류,양념·대조군,1905.0,1834.142857142857,2039.4,6.424581005586583,-19.484361792054095,11
2025-11-28,yangpa,양파,채소류,양념·대조군,1881.0,1824.857142857143,2023.9333333333334,-1.2598425196850394,-19.78678038379531,11
2025-12-01,yangpa,양파,채소류,양념·대조군,1887.0,1836.4285714285713,2008.3333333333333,0.31897926634769647,-19.87261146496815,12
2025-12-02,yangpa,양파,채소류,양념·대조군,1948.0,1857.0,1994.7666666666667,3.232644409114993,-17.28237791932059,12
2025-12-03,yangpa,양파,채소류,양념·대조군,1959.0,1879.7142857142858,1981.7333333333333,0.5646817248460057,-16.638297872340424,12
2025-12-04,yangpa,양파,채소류,양념·대조군,2115.0,1926.4285714285713,1979.1,7.963246554364467,-3.600729261622604,12
2025-12-05,yangpa,양파,채소류,양념·대조군,2122.5,1973.9285714285713,1978.0166666666667,0.35460992907800915,-1.5081206496519672,12
2025-12-08,yangpa,양파,채소류,양념·대조군,2130.0,2006.0714285714287,1973.1166666666666,0.35335689045936647,-6.455862977602111,12
2025-12-09,yangpa,양파,채소류,양념·대조군,2187.0,2049.785714285714,1970.6166666666666,2.6760563380281654,-3.3156498673740042,12
2025-12-10,yangpa,양파,채소류,양념·대조군,2200.0,2094.5,1968.0166666666667,0.5944215820758991,-3.4240561896400346,12
2025-12-11,yangpa,양파,채소류,양념·대조군,2253.0,2138.0714285714284,1974.15,2.4090909090909163,8.893185113581437,12
2025-12-12,yangpa,양파,채소류,양념·대조군,2259.0,2180.9285714285716,1981.45,0.26631158455392434,10.735294117647065,12
2025-12-15,yangpa,양파,채소류,양념·대조군,2252.0,2200.5,1987.65,-0.3098716246126565,9.002904162633119,12
2025-12-16,yangpa,양파,채소류,양념·대조군,2265.0,2220.8571428571427,1993.75,0.5772646536412074,8.789625360230557,12
2025-12-17,yangpa,양파,채소류,양념·대조군,2246.0,2237.4285714285716,1999.2166666666667,-0.8388520971302382,7.877041306436117,12
2025-12-18,yangpa,양파,채소류,양념·대조군,1839.0,2187.714285714286,1996.0166666666667,-18.12110418521816,-4.961240310077519,12
2025-12-19,yangpa,양파,채소류,양념·대조군,1843.0,2136.714285714286,1992.9833333333333,0.2175095160413365,-4.705274043433294,12
2025-12-22,yangpa,양파,채소류,양념·대조군,1838.0,2077.4285714285716,1989.2166666666667,-0.27129679869777323,-5.7919015889287495,12
2025-12-23,yangpa,양파,채소류,양념·대조군,1826.0,2015.5714285714287,1985.1833333333334,-0.6528835690968404,-6.214689265536721,12
2025-12-24,yangpa,양파,채소류,양념·대조군,1893.0,1964.2857142857142,1983.2833333333333,3.6692223439211302,-2.9230769230769282,12
2025-12-25,yangpa,양파,채소류,양념·대조군,1957.5,1920.357142857143,1984.6666666666667,3.4072900158478525,2.1659707724425825,12
2025-12-26,yangpa,양파,채소류,양념·대조군,2022.0,1888.357142857143,1987.7666666666667,3.2950191570881193,4.821150855365475,12
2025-12-29,yangpa,양파,채소류,양념·대조군,2019.0,1914.0714285714287,1991.0,-0.14836795252225476,5.046826222684708,12
2025-12-30,yangpa,양파,채소류,양념·대조군,2033.0,1941.2142857142858,1993.8,0.6934125804853863,4.309902514109809,12
2025-12-31,yangpa,양파,채소류,양념·대조군,2144.0,1984.9285714285713,2000.4,5.459911460895239,10.174717368961982,12
2026-01-01,yangpa,양파,채소류,양념·대조군,2266.5,2047.857142857143,2015.75,5.713619402985071,25.49833887043189,1
2026-01-02,yangpa,양파,채소류,양념·대조군,2389.0,2118.714285714286,2035.25,5.404809177145387,32.42793791574279,1
2026-01-05,yangpa,양파,채소류,양념·대조군,2220.0,2156.214285714286,2049.25,-7.07408957722897,23.33333333333334,1
2026-01-06,yangpa,양파,채소류,양념·대조군,2359.0,2204.3571428571427,2068.2833333333333,6.261261261261253,31.935123042505587,1
2026-01-07,yangpa,양파,채소류,양념·대조군,2351.0,2251.785714285714,2086.983333333333,-0.3391267486222982,31.340782122905033,1
2026-01-08,yangpa,양파,채소류,양념·대조군,2296.0,2289.3571428571427,2100.016666666667,-2.3394300297745585,20.52493438320211,1
2026-01-09,yangpa,양파,채소류,양념·대조군,2228.0,2301.3571428571427,2111.5833333333335,-2.9616724738675937,18.447634237107913,1
2026-01-12,yangpa,양파,채소류,양념·대조군,2323.0,2309.4285714285716,2126.116666666667,4.2639138240574415,23.10545839957605,1
2026-01-13,yangpa,양파,채소류,양념·대조군,2369.0,2306.5714285714284,2140.15,1.980198019801982,21.611909650924034,1
2026-01-14,yangpa,양파,채소류,양념·대조군,2381.0,2329.5714285714284,2154.2166666666667,0.506542845082314,21.541602858601316,1
2026-01-15,yangpa,양파,채소류,양념·대조군,2372.0,2331.4285714285716,2162.7833333333333,-0.37799244015119804,12.151300236406627,1
2026-01-16,yangpa,양파,채소류,양념·대조군,2382.0,2335.8571428571427,2171.4333333333334,0.4215851602023646,12.226148409894,1
2026-01-19,yangpa,양파,채소류,양념·대조군,2388.0,2349.0,2180.0333333333333,0.25188916876575096,12.112676056338035,1
2026-01-20,yangpa,양파,채소류,양념·대조군,2387.0,2371.714285714286,2186.7,-0.041876046901168085,9.144947416552363,1
2026-01-21,yangpa,양파,채소류,양념·대조군,2423.0,2386.0,2194.133333333333,1.5081692501047295,10.136363636363633,1
2026-01-22,yangpa,양파,채소류,양념·대조군,2422.0,2393.5714285714284,2199.766666666667,-0.04127115146512761,7.50110963160231,1
2026-01-23,yangpa,양파,채소류,양념·대조군,2392.0,2395.1428571428573,2204.2,-1.2386457473162693,5.887560867640551,1
2026-01-26,yangpa,양파,채소류,양념·대조군,2353.0,2392.4285714285716,2207.5666666666666,-1.6304347826086918,4.484902309058625,1
2026-01-27,yangpa,양파,채소류,양념·대조군,2357.0,2388.8571428571427,2210.633333333333,0.16999575010625545,4.06181015452538,1
2026-01-28,yangpa,양파,채소류,양념·대조군,2350.0,2383.4285714285716,2214.1,-0.2969876962240159,4.630454140694562,1
2026-01-29,yangpa,양파,채소류,양념·대조군,2298.0,2370.714285714286,2229.4,-2.212765957446805,24.959216965742257,1
2026-01-30,yangpa,양파,채소류,양념·대조군,2287.0,2351.285714285714,2244.2,-0.4786771105309007,24.091155724362444,1
2026-02-02,yangpa,양파,채소류,양념·대조군,2348.0,2340.714285714286,2261.2,2.6672496720594685,27.74755168661589,2
2026-02-03,yangpa,양파,채소류,양념·대조군,2343.0,2333.714285714286,2278.4333333333334,-0.2129471890971013,28.31325301204819,2
2026-02-04,yangpa,양파,채소류,양념·대조군,2341.0,2332.0,2293.366666666667,-0.08536064874092864,23.666138404648706,2
2026-02-05,yangpa,양파,채소류,양념·대조군,2103.0,2295.714285714286,2298.2166666666667,-10.1665954720205,7.432950191570886,2
2026-02-06,yangpa,양파,채소류,양념·대조군,2099.0,2259.8571428571427,2300.7833333333333,-0.19020446980504424,3.80811078140455,2
2026-02-09,yangpa,양파,채소류,양념·대조군,2124.0,2235.0,2304.2833333333333,1.191043353978083,5.20059435364042,2
2026-02-10,yangpa,양파,채소류,양념·대조군,2149.0,2215.285714285714,2308.15,1.1770244821092346,5.705853418593221,2
2026-02-11,yangpa,양파,채소류,양념·대조군,2145.0,2186.285714285714,2308.1833333333334,-0.18613308515588178,0.046641791044765846,2
2026-02-12,yangpa,양파,채소류,양념·대조군,1977.0,2134.0,2298.5333333333333,-7.832167832167835,-12.772998014559889,2
2026-02-13,yangpa,양파,채소류,양념·대조군,1981.0,2082.5714285714284,2284.9333333333334,0.2023267577137,-17.078275429049818,2
2026-02-16,yangpa,양파,채소류,양념·대조군,2079.75,2079.25,2280.258333333333,4.984856133266025,-6.317567567567572,2
2026-02-17,yangpa,양파,채소류,양념·대조군,2178.5,2090.6071428571427,2274.241666666667,4.748166846976809,-7.651547265790592,2
2026-02-18,yangpa,양파,채소류,양념·대조군,2277.25,2112.5,2271.7833333333333,4.532935506082159,-3.136962994470438,2
2026-02-19,yangpa,양파,채소류,양념·대조군,2376.0,2144.9285714285716,2274.45,4.336370622461305,3.4843205574912828,2
2026-02-20,yangpa,양파,채소류,양념·대조군,2376.0,2177.9285714285716,2279.383333333333,0.0,6.642728904847406,2
2026-02-23,yangpa,양파,채소류,양념·대조군,2304.0,2224.6428571428573,2278.75,-3.0303030303030276,-0.817907877744295,2
2026-02-24,yangpa,양파,채소류,양념·대조군,2300.0,2270.214285714286,2276.45,-0.17361111111111605,-2.9126213592232997,2
2026-02-25,yangpa,양파,채소류,양념·대조군,2292.0,2300.535714285714,2273.483333333333,-0.3478260869565264,-3.737925241495166,2
2026-02-26,yangpa,양파,채소류,양념·대조군,2317.0,2320.3214285714284,2271.65,1.0907504363001808,-2.318718381112983,2
2026-02-27,yangpa,양파,채소류,양념·대조군,2312.0,2325.285714285714,2269.3166666666666,-0.2157962883038378,-2.9387069689336687,2
2026-03-02,yangpa,양파,채소류,양념·대조군,2353.5,2322.0714285714284,2268.1666666666665,1.7949826989619444,-1.4447236180904488,3
2026-03-03,yangpa,양파,채소류,양념·대조군,2395.0,2324.785714285714,2268.4333333333334,1.7633312088378927,0.33514872224549297,3
2026-03-04,yangpa,양파,채소류,양념·대조군,2373.0,2334.6428571428573,2266.766666666667,-0.9185803757828848,-2.0635575732562916,3
2026-03-05,yangpa,양파,채소류,양념·대조군,2303.0,2335.0714285714284,2262.8,-2.9498525073746285,-4.913294797687861,3
2026-03-06,yangpa,양파,채소류,양념·대조군,2239.0,2327.5,2257.7,-2.778983933999135,-6.396321070234112,3
2026-03-09,yangpa,양파,채소류,양념·대조군,2394.0,2338.5,2259.0666666666666,6.922733363108535,1.742456438589035,3
2026-03-10,yangpa,양파,채소류,양념·대조군,2410.0,2352.5,2260.8333333333335,0.6683375104427736,2.248621128553241,3
2026-03-11,yangpa,양파,채소류,양념·대조군,2389.0,2357.5714285714284,2262.133333333333,-0.871369294605806,1.659574468085112,3
2026-03-12,yangpa,양파,채소류,양념·대조군,2215.0,2331.8571428571427,2259.366666666667,-7.283382168271246,-3.611836379460398,3
2026-03-13,yangpa,양파,채소류,양념·대조군,2210.0,2308.5714285714284,2256.8,-0.22573363431150906,-3.366856143419328,3
2026-03-16,yangpa,양파,채소류,양념·대조군,2178.0,2290.714285714286,2251.133333333333,-1.4479638009049722,-7.240204429301533,3
2026-03-17,yangpa,양파,채소류,양념·대조군,2188.0,2283.4285714285716,2245.9666666666667,0.45913682277318735,-6.615450277422108,3
2026-03-18,yangpa,양파,채소류,양념·대조군,2195.0,2255.0,2241.1,0.31992687385740126,-6.236651003844507,3
2026-03-19,yangpa,양파,채소류,양념·대조군,2029.0,2200.5714285714284,2238.633333333333,-7.5626423690205,-3.518782691393252,3
2026-03-20,yangpa,양파,채소류,양념·대조군,2020.0,2147.8571428571427,2236.0,-0.44356826022671214,-3.7636969985707425,3
2026-03-23,yangpa,양파,채소류,양념·대조군,2007.0,2118.1428571428573,2232.1,-0.6435643564356441,-5.508474576271183,3
2026-03-24,yangpa,양파,채소류,양념·대조군,1999.0,2088.0,2227.1,-0.39860488290981433,-6.979990693345739,3
2026-03-25,yangpa,양파,채소류,양념·대조군,1994.0,2061.714285714286,2222.0666666666666,-0.2501250625312701,-7.039627039627039,3
2026-03-26,yangpa,양파,채소류,양념·대조군,1903.0,2021.0,2219.6,-4.563691073219656,-3.7430450177035945,3
2026-03-27,yangpa,양파,채소류,양념·대조군,1885.0,1976.7142857142858,2216.4,-0.9458749343142392,-4.84603735487128,3
2026-03-30,yangpa,양파,채소류,양념·대조군,1880.0,1955.4285714285713,2209.741666666667,-0.2652519893899252,-9.6045197740113,3
2026-03-31,yangpa,양파,채소류,양념·대조군,1875.0,1934.7142857142858,2199.625,-0.26595744680850686,-13.931604314895573,3
2026-04-01,yangpa,양파,채소류,양념·대조군,1841.0,1911.0,2185.0833333333335,-1.8133333333333335,-19.15687781315183,4
2026-04-02,yangpa,양파,채소류,양념·대조군,1882.0,1894.2857142857142,2168.616666666667,2.2270505160238985,-20.791245791245792,4
2026-04-03,yangpa,양파,채소류,양념·대조군,1873.0,1877.0,2151.85,-0.4782146652497321,-21.17003367003367,4
2026-04-06,yangpa,양파,채소류,양념·대조군,1920.0,1879.4285714285713,2139.05,2.509343299519484,-16.666666666666664,4
2026-04-07,yangpa,양파,채소류,양념·대조군,1891.0,1880.2857142857142,2125.4166666666665,-1.5104166666666696,-17.78260869565217,4
2026-04-08,yangpa,양파,채소류,양념·대조군,1864.0,1878.0,2111.15,-1.4278159703860371,-18.673647469458988,4
2026-04-09,yangpa,양파,채소류,양념·대조군,2075.0,1906.5714285714287,2103.0833333333335,11.31974248927039,-10.444540353905918,4
2026-04-10,yangpa,양파,채소류,양념·대조군,2002.0,1929.5714285714287,2092.75,-3.5180722891566263,-13.408304498269896,4
2026-04-13,yangpa,양파,채소류,양념·대조군,2013.0,1948.2857142857142,2081.4,0.5494505494505475,-14.467813894200132,4
2026-04-14,yangpa,양파,채소류,양념·대조군,2013.0,1968.2857142857142,2068.6666666666665,0.0,-15.949895615866383,4
2026-04-15,yangpa,양파,채소류,양념·대조군,1994.0,1978.857142857143,2056.0333333333333,-0.9438648782911119,-15.971344289928357,4
2026-04-16,yangpa,양파,채소류,양념·대조군,2028.0,1998.4285714285713,2046.8666666666666,1.7051153460381219,-11.940946591402524,4
2026-04-17,yangpa,양파,채소류,양념·대조군,2053.0,2025.4285714285713,2040.6666666666667,1.2327416173570027,-8.307280035730235,4
2026-04-20,yangpa,양파,채소류,양념·대조군,2152.0,2036.4285714285713,2032.6,4.822211397954224,-10.108604845446955,4
2026-04-21,yangpa,양파,채소류,양념·대조군,2121.0,2053.4285714285716,2022.9666666666667,-1.4405204460966492,-11.99170124481328,4
2026-04-22,yangpa,양파,채소류,양념·대조군,2090.0,2064.4285714285716,2013.0,-1.4615747289014602,-12.51569694432817,4
2026-04-23,yangpa,양파,채소류,양념·대조군,1957.0,2056.4285714285716,2004.4,-6.36363636363636,-11.647855530474038,4
2026-04-24,yangpa,양파,채소류,양념·대조군,1954.0,2050.714285714286,1995.8666666666666,-0.15329586101174852,-11.583710407239822,4
2026-04-27,yangpa,양파,채소류,양념·대조군,1956.0,2040.4285714285713,1988.4666666666667,0.10235414534287557,-10.192837465564741,4
2026-04-28,yangpa,양파,채소류,양념·대조군,1954.0,2026.2857142857142,1980.6666666666667,-0.10224948875255935,-10.694698354661792,4
2026-04-29,yangpa,양파,채소류,양념·대조군,1955.0,1998.142857142857,1972.6666666666667,0.051177072671437784,-10.933940774487471,4
2026-04-30,yangpa,양파,채소류,양념·대조군,1839.0,1957.857142857143,1966.3333333333333,-5.933503836317133,-9.364218827008376,4
2026-05-01,yangpa,양파,채소류,양념·대조군,1832.5,1921.0714285714287,1960.0833333333333,-0.35345296356715794,-9.28217821782178,5
2026-05-04,yangpa,양파,채소류,양념·대조군,1826.0,1902.357142857143,1954.05,-0.3547066848567537,-9.018435475834574,5
2026-05-05,yangpa,양파,채소류,양념·대조군,1887.0,1892.7857142857142,1950.3166666666666,3.340635268346115,-5.602801400700352,5
2026-05-06,yangpa,양파,채소류,양념·대조군,1948.0,1891.642857142857,1948.7833333333333,3.232644409114993,-2.306920762286857,5
2026-05-07,yangpa,양파,채소류,양념·대조군,1900.0,1883.9285714285713,1948.6833333333334,-2.4640657084188944,-0.15764582238571023,5
2026-05-08,yangpa,양파,채소류,양념·대조군,1886.0,1874.0714285714287,1948.7166666666667,-0.736842105263158,0.05305039787797394,5
2026-05-11,yangpa,양파,채소류,양념·대조군,1860.0,1877.0714285714287,1948.05,-1.378579003181335,-1.0638297872340385,5
2026-05-12,yangpa,양파,채소류,양념·대조군,1853.0,1880.0,1947.3166666666666,-0.37634408602150726,-1.1733333333333373,5
2026-05-13,yangpa,양파,채소류,양념·대조군,1844.0,1882.5714285714287,1947.4166666666667,-0.48569886670264406,0.16295491580662347,5
2026-05-14,yangpa,양파,채소류,양념·대조군,1895.0,1883.7142857142858,1947.85,2.765726681127978,0.6907545164718476,5
2026-05-15,yangpa,양파,채소류,양념·대조군,1874.0,1873.142857142857,1947.8833333333334,-1.1081794195250683,0.05339028296849069,5
2026-05-18,yangpa,양파,채소류,양념·대조군,1880.0,1870.2857142857142,1946.55,0.32017075773747017,-2.083333333333337,5
2026-05-19,yangpa,양파,채소류,양념·대조군,1893.0,1871.2857142857142,1946.6166666666666,0.6914893617021356,0.10576414595451222,5
2026-05-20,yangpa,양파,채소류,양념·대조군,1881.0,1874.2857142857142,1947.1833333333334,-0.6339144215530945,0.9120171673819844,5
2026-05-21,yangpa,양파,채소류,양념·대조군,1838.0,1872.142857142857,1939.2833333333333,-2.286018075491758,-11.421686746987946,5
2026-05-22,yangpa,양파,채소류,양념·대조군,1822.0,1869.0,1933.2833333333333,-0.8705114254624613,-8.991008991008986,5
2026-05-25,yangpa,양파,채소류,양념·대조군,1821.5,1858.5,1926.9,-0.027442371020858225,-9.513164431197218,5
2026-05-26,yangpa,양파,채소류,양념·대조군,1821.0,1850.9285714285713,1920.5,-0.027449903925336194,-9.538002980625937,5
2026-05-27,yangpa,양파,채소류,양념·대조군,1833.0,1844.2142857142858,1915.1333333333334,0.6589785831960571,-8.074222668004015,5
2026-05-28,yangpa,양파,채소류,양념·대조군,1799.0,1830.7857142857142,1907.5,-1.8548827059465367,-11.291913214990135,5
2026-05-29,yangpa,양파,채소류,양념·대조군,1814.0,1821.2142857142858,1899.5333333333333,0.8337965536409087,-11.641500243546032,5
2026-06-01,yangpa,양파,채소류,양념·대조군,1831.0,1820.2142857142858,1888.8333333333333,0.9371554575523744,-14.916356877323423,6
2026-06-02,yangpa,양파,채소류,양념·대조군,1822.0,1820.2142857142858,1878.8666666666666,-0.49153468050245896,-14.097123998114093,6
2026-06-03,yangpa,양파,채소류,양념·대조군,1790.0,1815.7142857142858,1868.8666666666666,-1.7563117453347932,-14.35406698564593,6
2026-06-04,yangpa,양파,채소류,양념·대조군,1758.0,1806.7142857142858,1862.2333333333333,-1.787709497206702,-10.168625447112934,6
2026-06-05,yangpa,양파,채소류,양념·대조군,1724.0,1791.142857142857,1854.5666666666666,-1.9340159271899915,-11.770726714431934,6
2026-06-08,yangpa,양파,채소류,양념·대조군,1749.0,1784.0,1847.6666666666667,1.450116009280733,-10.582822085889577,6
2026-06-09,yangpa,양파,채소류,양념·대조군,1788.0,1780.2857142857142,1842.1333333333334,2.2298456260720467,-8.495394063459571,6
2026-06-10,yangpa,양파,채소류,양념·대조군,1826.0,1779.5714285714287,1837.8333333333333,2.1252796420581754,-6.598465473145776,6
2026-06-11,yangpa,양파,채소류,양념·대조군,1830.0,1780.7142857142858,1837.5333333333333,0.21905805038335835,-0.4893964110929905,6
2026-06-12,yangpa,양파,채소류,양념·대조군,1842.0,1788.142857142857,1837.85,0.6557377049180246,0.5184174624829563,6
2026-06-15,yangpa,양파,채소류,양념·대조군,1844.0,1800.4285714285713,1838.45,0.10857763300760048,0.9857612267250904,6
2026-06-16,yangpa,양파,채소류,양념·대조군,1854.0,1819.0,1837.35,0.5422993492407713,-1.748807631160576,6
2026-06-17,yangpa,양파,채소류,양념·대조군,1854.0,1834.0,1834.2166666666667,0.0,-4.825462012320325,6
2026-06-18,yangpa,양파,채소류,양념·대조군,1876.0,1846.5714285714287,1833.4166666666667,1.1866235167206085,-1.2631578947368438,6
2026-06-19,yangpa,양파,채소류,양념·대조군,1830.0,1847.142857142857,1831.55,-2.4520255863539453,-2.969247083775184,6
2026-06-22,yangpa,양파,채소류,양념·대조군,1820.0,1845.7142857142858,1830.2166666666667,-0.5464480874316946,-2.1505376344086002,6
2026-06-23,yangpa,양파,채소류,양념·대조군,1823.0,1843.0,1829.2166666666667,0.16483516483516425,-1.6189962223421506,6
2026-06-24,yangpa,양파,채소류,양념·대조군,1837.0,1842.0,1828.9833333333333,0.767964893033457,-0.379609544468551,6
2026-06-25,yangpa,양파,채소류,양념·대조군,1778.0,1831.142857142857,1825.0833333333333,-3.21175830157866,-6.174142480211087,6
2026-06-26,yangpa,양파,채소류,양념·대조군,1778.0,1820.2857142857142,1821.8833333333334,0.0,-5.122732123799356,6
2026-06-29,yangpa,양파,채소류,양념·대조군,1818.0,1812.0,1819.8166666666666,2.249718785151855,-3.297872340425534,6
2026-06-30,yangpa,양파,채소류,양념·대조군,1814.0,1809.7142857142858,1817.1833333333334,-0.22002200220021528,-4.173269941891178,6
2026-07-01,yangpa,양파,채소류,양념·대조군,1830.0,1811.142857142857,1815.4833333333333,0.8820286659316334,-2.7113237639553422,7
2026-07-02,yangpa,양파,채소류,양념·대조군,1724.0,1797.0,1811.6833333333334,-5.792349726775958,-6.202393906420022,7
2026-07-03,yangpa,양파,채소류,양념·대조군,1742.0,1783.4285714285713,1809.0166666666667,1.044083526682127,-4.3907793633369945,7
2026-07-06,yangpa,양파,채소류,양념·대조군,1743.0,1778.4285714285713,1806.4,0.05740528128588274,-4.309634916277794,7
2026-07-07,yangpa,양파,채소류,양념·대조군,1683.0,1764.857142857143,1801.8,-3.4423407917383853,-7.578253706754534,7
2026-07-08,yangpa,양파,채소류,양념·대조군,1676.0,1744.5714285714287,1796.5666666666666,-0.41592394533570554,-8.565193671576655,7
2026-07-09,yangpa,양파,채소류,양념·대조군,1633.0,1718.7142857142858,1791.0333333333333,-2.5656324582338907,-9.227348526959423,7
2026-07-10,yangpa,양파,채소류,양념·대조군,1618.0,1688.4285714285713,1784.5,-0.9185548071034888,-10.80485115766262,7
2026-07-13,yangpa,양파,채소류,양념·대조군,1622.0,1673.857142857143,1777.5333333333333,0.24721878862794533,-11.414527580557078,7
2026-07-14,yangpa,양파,채소류,양념·대조군,1647.0,1660.2857142857142,1771.7,1.5413070283600394,-9.604829857299668,7
2026-07-15,yangpa,양파,채소류,양념·대조군,1658.0,1648.142857142857,1767.3,0.6678809957498588,-7.374301675977657,7
2026-07-16,yangpa,양파,채소류,양념·대조군,1555.0,1629.857142857143,1760.5333333333333,-6.212303980699641,-11.547212741751988,7
2026-07-17,yangpa,양파,채소류,양념·대조군,1546.0,1611.2857142857142,1754.6,-0.5787781350482302,-10.324825986078888,7
2026-07-20,yangpa,양파,채소류,양념·대조군,1537.0,1597.5714285714287,1747.5333333333333,-0.5821474773609281,-12.121212121212121,7
2026-07-21,yangpa,양파,채소류,양념·대조군,1544.0,1587.0,1739.4,0.45543266102796576,-13.646532438478742,7
2026-07-22,yangpa,양파,채소류,양념·대조군,1603.0,1584.2857142857142,1731.9666666666667,3.8212435233160535,-12.212486308871851,7
2026-07-23,yangpa,양파,채소류,양념·대조군,1713.0,1593.7142857142858,1728.0666666666666,6.8621334996880945,-6.393442622950818,7
2026-07-24,yangpa,양파,채소류,양념·대조군,1720.0,1602.5714285714287,1724.0,0.4086398131932345,-6.623235613463629,7
2026-07-27,yangpa,양파,채소류,양념·대조군,1735.0,1628.2857142857142,1720.3666666666666,0.8720930232558155,-5.911062906724506,7
2026-07-28,yangpa,양파,채소류,양념·대조군,1821.0,1667.5714285714287,1719.2666666666667,4.956772334293946,-1.7799352750809017,7
2026-07-29,yangpa,양파,채소류,양념·대조군,1830.0,1709.4285714285713,1718.4666666666667,0.49423393739702615,-1.2944983818770184,7
2026-07-30,yangpa,양파,채소류,양념·대조군,1876.0,1756.857142857143,1718.4666666666667,2.5136612021857907,0.0,7
2026-07-31,yangpa,양파,채소류,양념·대조군,1874.0,1795.5714285714287,1719.9333333333334,-0.10660980810234255,2.4043715846994607,7
2026-08-03,yangpa,양파,채소류,양념·대조군,1913.0,1824.142857142857,1723.0333333333333,2.0811099252934895,5.109890109890114,8
2026-08-04,yangpa,양파,채소류,양념·대조군,1907.0,1850.857142857143,1725.8333333333333,-0.3136434918975417,4.6077893582007645,8
2026-08-05,yangpa,양파,채소류,양념·대조군,1874.0,1870.7142857142858,1727.0666666666666,-1.7304667016255881,2.0141535111595,8
2026-08-06,yangpa,양파,채소류,양념·대조군,1816.0,1870.0,1728.3333333333333,-3.094983991462108,2.1372328458942658,8
2026-08-07,yangpa,양파,채소류,양념·대조군,1797.0,1865.2857142857142,1728.9666666666667,-1.0462555066079293,1.0686164229471329,8
2026-08-10,yangpa,양파,채소류,양념·대조군,1783.0,1852.0,1727.8,-0.7790762381747363,-1.9251925192519281,8
2026-08-11,yangpa,양파,채소류,양념·대조군,1766.0,1836.5714285714287,1726.2,-0.9534492428491359,-2.6460859977949336,8
2026-08-12,yangpa,양파,채소류,양념·대조군,1767.0,1815.7142857142858,1724.1,0.05662514156286047,-3.4426229508196737,8
2026-08-13,yangpa,양파,채소류,양념·대조군,1819.0,1803.142857142857,1727.2666666666667,2.9428409734012506,5.510440835266817,8
2026-08-14,yangpa,양파,채소류,양념·대조군,1961.0,1815.5714285714287,1734.5666666666666,7.80648708081364,12.571756601607342,8
2026-08-17,yangpa,양파,채소류,양념·대조군,1972.0,1837.857142857143,1742.2,0.5609382967873611,13.138267355134815,8
2026-08-18,yangpa,양파,채소류,양념·대조군,1983.0,1864.4285714285713,1752.2,0.5578093306288112,17.825311942958997,8
2026-08-19,yangpa,양파,채소류,양념·대조군,1989.0,1893.857142857143,1762.6333333333334,0.302571860816947,18.67541766109786,8
2026-08-20,yangpa,양파,채소류,양념·대조군,1995.0,1926.5714285714287,1774.7,0.3016591251885359,22.167789344764245,8
2026-08-21,yangpa,양파,채소류,양념·대조군,1993.0,1958.857142857143,1787.2,-0.1002506265664116,23.176761433868975,8
2026-08-24,yangpa,양파,채소류,양념·대조군,1974.0,1981.0,1798.9333333333334,-0.9533366783743058,21.701602959309497,8
2026-08-25,yangpa,양파,채소류,양념·대조군,1980.0,1983.7142857142858,1810.0333333333333,0.3039513677811634,20.21857923497268,8
2026-08-26,yangpa,양파,채소류,양념·대조군,1983.0,1985.2857142857142,1820.8666666666666,0.15151515151514694,19.601930036188175,8
2026-08-27,yangpa,양파,채소류,양념·대조군,2005.0,1988.4285714285713,1835.8666666666666,1.1094301563288056,28.938906752411576,8
2026-08-28,yangpa,양파,채소류,양념·대조군,2006.0,1990.857142857143,1851.2,0.04987531172069293,29.754204398447605,8
2026-08-31,yangpa,양파,채소류,양념·대조군,2015.0,1993.7142857142858,1867.1333333333334,0.4486540378863424,31.099544567338967,8
2026-09-01,yangpa,양파,채소류,양념·대조군,2025.0,1998.2857142857142,1883.1666666666667,0.496277915632759,31.15284974093264,9
2026-09-02,yangpa,양파,채소류,양념·대조군,2031.0,2006.4285714285713,1897.4333333333334,0.2962962962963056,26.699937616968185,9
2026-09-03,yangpa,양파,채소류,양념·대조군,1718.0,1969.0,1897.6,-15.411127523387492,0.29188558085231353,9
2026-09-04,yangpa,양파,채소류,양념·대조군,1711.0,1930.142857142857,1897.3,-0.4074505238649606,-0.5232558139534937,9
2026-09-07,yangpa,양파,채소류,양념·대조군,1800.0,1900.857142857143,1899.4666666666667,5.201636469900639,3.746397694524495,9
2026-09-08,yangpa,양파,채소류,양념·대조군,1851.0,1878.7142857142858,1900.4666666666667,2.833333333333332,1.6474464579901094,9
2026-09-09,yangpa,양파,채소류,양념·대조군,1869.0,1857.857142857143,1901.7666666666667,0.9724473257698651,2.1311475409836023,9
