date,key,item,kind,category,role,price
2025-09-10,baechu,배추,여름(고랭지)(1포기),채소류,국·김치,7033
2025-09-11,baechu,배추,여름(고랭지)(1포기),채소류,국·김치,7021
2025-09-12,baechu,배추,여름(고랭지)(1포기),채소류,국·김치,7015
2025-09-15,baechu,배추,여름(고랭지)(1포기),채소류,국·김치,6336
2025-09-16,baechu,배추,여름(고랭지)(1포기),채소류,국·김치,6206
2025-09-17,baechu,배추,여름(고랭지)(1포기),채소류,국·김치,6097
2025-09-18,baechu,배추,여름(고랭지)(1포기),채소류,국·김치,6375
2025-09-19,baechu,배추,여름(고랭지)(1포기),채소류,국·김치,6320
2025-09-22,baechu,배추,여름(고랭지)(1포기),채소류,국·김치,6129
2025-09-23,baechu,배추,여름(고랭지)(1포기),채소류,국·김치,6064
2025-09-24,baechu,배추,여름(고랭지)(1포기),채소류,국·김치,6139
2025-09-25,baechu,배추,여름(고랭지)(1포기),채소류,국·김치,6035
2025-09-26,baechu,배추,여름(고랭지)(1포기),채소류,국·김치,6074
2025-09-29,baechu,배추,여름(고랭지)(1포기),채소류,국·김치,6104
2025-09-30,baechu,배추,여름(고랭지)(1포기),채소류,국·김치,6094
2025-10-01,baechu,배추,여름(고랭지)(1포기),채소류,국·김치,6208
2025-10-02,baechu,배추,여름(고랭지)(1포기),채소류,국·김치,6265
2025-10-10,baechu,배추,여름(고랭지)(1포기),채소류,국·김치,7606
2025-10-13,baechu,배추,여름(고랭지)(1포기),채소류,국·김치,6791
2025-10-14,baechu,배추,여름(고랭지)(1포기),채소류,국·김치,6556
2025-10-15,baechu,배추,여름(고랭지)(1포기),채소류,국·김치,6422
2025-10-16,baechu,배추,여름(고랭지)(1포기),채소류,국·김치,5908
2025-10-17,baechu,배추,여름(고랭지)(1포기),채소류,국·김치,5783
2025-10-20,baechu,배추,여름(고랭지)(1포기),채소류,국·김치,5724
2025-10-21,baechu,배추,여름(고랭지)(1포기),채소류,국·김치,5661
2025-10-22,baechu,배추,여름(고랭지)(1포기),채소류,국·김치,5599
2025-10-23,baechu,배추,여름(고랭지)(1포기),채소류,국·김치,5581
2025-10-24,baechu,배추,여름(고랭지)(1포기),채소류,국·김치,5575
2025-10-27,baechu,배추,여름(고랭지)(1포기),채소류,국·김치,5432
2025-10-28,baechu,배추,여름(고랭지)(1포기),채소류,국·김치,5456
2025-10-29,baechu,배추,여름(고랭지)(1포기),채소류,국·김치,5311
2025-10-30,baechu,배추,여름(고랭지)(1포기),채소류,국·김치,4040
2025-10-31,baechu,배추,여름(고랭지)(1포기),채소류,국·김치,4015
2025-11-03,baechu,배추,여름(고랭지)(1포기),채소류,국·김치,3986
2025-11-04,baechu,배추,여름(고랭지)(1포기),채소류,국·김치,3991
2025-11-05,baechu,배추,여름(고랭지)(1포기),채소류,국·김치,3957
2025-11-06,baechu,배추,여름(고랭지)(1포기),채소류,국·김치,3438
2025-11-07,baechu,배추,여름(고랭지)(1포기),채소류,국·김치,3517
2025-11-10,baechu,배추,여름(고랭지)(1포기),채소류,국·김치,3550
2025-11-11,baechu,배추,여름(고랭지)(1포기),채소류,국·김치,3506
2025-11-12,baechu,배추,여름(고랭지)(1포기),채소류,국·김치,3447
2025-11-13,baechu,배추,여름(고랭지)(1포기),채소류,국·김치,3392
2025-11-14,baechu,배추,여름(고랭지)(1포기),채소류,국·김치,3369
2025-11-17,baechu,배추,여름(고랭지)(1포기),채소류,국·김치,3064
2025-11-18,baechu,배추,여름(고랭지)(1포기),채소류,국·김치,3380
2025-11-19,baechu,배추,여름(고랭지)(1포기),채소류,국·김치,3438
2025-11-20,baechu,배추,여름(고랭지)(1포기),채소류,국·김치,3675
2025-11-21,baechu,배추,여름(고랭지)(1포기),채소류,국·김치,3720
2025-11-24,baechu,배추,여름(고랭지)(1포기),채소류,국·김치,3788
2025-11-25,baechu,배추,여름(고랭지)(1포기),채소류,국·김치,3799
2025-11-26,baechu,배추,여름(고랭지)(1포기),채소류,국·김치,3848
2025-11-27,baechu,배추,여름(고랭지)(1포기),채소류,국·김치,4249
2025-11-28,baechu,배추,여름(고랭지)(1포기),채소류,국·김치,4288
2025-12-01,baechu,배추,여름(고랭지)(1포기),채소류,국·김치,4378
2025-12-02,baechu,배추,여름(고랭지)(1포기),채소류,국·김치,4602
2025-12-03,baechu,배추,여름(고랭지)(1포기),채소류,국·김치,4611
2025-12-04,baechu,배추,여름(고랭지)(1포기),채소류,국·김치,4750
2025-12-08,baechu,배추,여름(고랭지)(1포기),채소류,국·김치,4656
2025-12-09,baechu,배추,여름(고랭지)(1포기),채소류,국·김치,4643
2025-12-10,baechu,배추,여름(고랭지)(1포기),채소류,국·김치,4668
2025-12-11,baechu,배추,여름(고랭지)(1포기),채소류,국·김치,4605
2025-12-12,baechu,배추,여름(고랭지)(1포기),채소류,국·김치,4842
2025-12-15,baechu,배추,여름(고랭지)(1포기),채소류,국·김치,4710
2025-12-16,baechu,배추,여름(고랭지)(1포기),채소류,국·김치,4694
2025-12-17,baechu,배추,여름(고랭지)(1포기),채소류,국·김치,4644
2025-12-18,baechu,배추,여름(고랭지)(1포기),채소류,국·김치,4964
2025-12-19,baechu,배추,여름(고랭지)(1포기),채소류,국·김치,4939
2025-12-22,baechu,배추,여름(고랭지)(1포기),채소류,국·김치,4946
2025-12-23,baechu,배추,여름(고랭지)(1포기),채소류,국·김치,4916
2025-12-24,baechu,배추,여름(고랭지)(1포기),채소류,국·김치,4866
2025-12-26,baechu,배추,여름(고랭지)(1포기),채소류,국·김치,4771
2025-12-29,baechu,배추,여름(고랭지)(1포기),채소류,국·김치,4769
2025-12-30,baechu,배추,여름(고랭지)(1포기),채소류,국·김치,4792
2025-12-31,baechu,배추,여름(고랭지)(1포기),채소류,국·김치,4808
2026-01-02,baechu,배추,여름(고랭지)(1포기),채소류,국·김치,4937
2026-01-05,baechu,배추,여름(고랭지)(1포기),채소류,국·김치,5011
2026-01-06,baechu,배추,여름(고랭지)(1포기),채소류,국·김치,4965
2026-01-07,baechu,배추,여름(고랭지)(1포기),채소류,국·김치,4966
2026-01-08,baechu,배추,여름(고랭지)(1포기),채소류,국·김치,4927
2026-01-09,baechu,배추,여름(고랭지)(1포기),채소류,국·김치,4917
2026-01-12,baechu,배추,여름(고랭지)(1포기),채소류,국·김치,4899
2026-01-13,baechu,배추,여름(고랭지)(1포기),채소류,국·김치,4870
2026-01-14,baechu,배추,여름(고랭지)(1포기),채소류,국·김치,4878
2026-01-15,baechu,배추,여름(고랭지)(1포기),채소류,국·김치,4878
2026-01-16,baechu,배추,여름(고랭지)(1포기),채소류,국·김치,4876
2026-01-19,baechu,배추,여름(고랭지)(1포기),채소류,국·김치,4861
2026-01-20,baechu,배추,여름(고랭지)(1포기),채소류,국·김치,4844
2026-01-21,baechu,배추,여름(고랭지)(1포기),채소류,국·김치,4844
2026-01-22,baechu,배추,여름(고랭지)(1포기),채소류,국·김치,4805
2026-01-23,baechu,배추,여름(고랭지)(1포기),채소류,국·김치,4823
2026-01-26,baechu,배추,여름(고랭지)(1포기),채소류,국·김치,4821
2026-01-27,baechu,배추,여름(고랭지)(1포기),채소류,국·김치,4824
2026-01-28,baechu,배추,여름(고랭지)(1포기),채소류,국·김치,4812
2026-01-29,baechu,배추,여름(고랭지)(1포기),채소류,국·김치,4918
2026-01-30,baechu,배추,여름(고랭지)(1포기),채소류,국·김치,4912
2026-02-02,baechu,배추,여름(고랭지)(1포기),채소류,국·김치,4635
2026-02-03,baechu,배추,여름(고랭지)(1포기),채소류,국·김치,4637
2026-02-04,baechu,배추,여름(고랭지)(1포기),채소류,국·김치,4639
2026-02-05,baechu,배추,여름(고랭지)(1포기),채소류,국·김치,4641
2026-02-06,baechu,배추,여름(고랭지)(1포기),채소류,국·김치,4634
2026-02-09,baechu,배추,여름(고랭지)(1포기),채소류,국·김치,4739
2026-02-10,baechu,배추,여름(고랭지)(1포기),채소류,국·김치,4770
2026-02-11,baechu,배추,여름(고랭지)(1포기),채소류,국·김치,4776
2026-02-12,baechu,배추,여름(고랭지)(1포기),채소류,국·김치,4896
2026-02-13,baechu,배추,여름(고랭지)(1포기),채소류,국·김치,4900
2026-02-19,baechu,배추,여름(고랭지)(1포기),채소류,국·김치,4954
2026-02-20,baechu,배추,여름(고랭지)(1포기),채소류,국·김치,4924
2026-02-23,baechu,배추,여름(고랭지)(1포기),채소류,국·김치,5013
2026-02-24,baechu,배추,여름(고랭지)(1포기),채소류,국·김치,5110
2026-02-25,baechu,배추,여름(고랭지)(1포기),채소류,국·김치,5119
2026-02-26,baechu,배추,여름(고랭지)(1포기),채소류,국·김치,5170
2026-02-27,baechu,배추,여름(고랭지)(1포기),채소류,국·김치,5198
2026-03-03,baechu,배추,여름(고랭지)(1포기),채소류,국·김치,5196
2026-03-04,baechu,배추,여름(고랭지)(1포기),채소류,국·김치,5192
2026-03-05,baechu,배추,여름(고랭지)(1포기),채소류,국·김치,5011
2026-03-06,baechu,배추,여름(고랭지)(1포기),채소류,국·김치,5007
2026-03-09,baechu,배추,여름(고랭지)(1포기),채소류,국·김치,4998
2026-03-10,baechu,배추,여름(고랭지)(1포기),채소류,국·김치,4966
2026-03-11,baechu,배추,여름(고랭지)(1포기),채소류,국·김치,4956
2026-03-12,baechu,배추,여름(고랭지)(1포기),채소류,국·김치,4829
2026-03-13,baechu,배추,여름(고랭지)(1포기),채소류,국·김치,4780
2026-03-16,baechu,배추,여름(고랭지)(1포기),채소류,국·김치,4787
2026-03-17,baechu,배추,여름(고랭지)(1포기),채소류,국·김치,4783
2026-03-18,baechu,배추,여름(고랭지)(1포기),채소류,국·김치,4844
2026-03-19,baechu,배추,여름(고랭지)(1포기),채소류,국·김치,4767
2026-03-20,baechu,배추,여름(고랭지)(1포기),채소류,국·김치,4747
2026-03-23,baechu,배추,여름(고랭지)(1포기),채소류,국·김치,4756
2026-03-24,baechu,배추,여름(고랭지)(1포기),채소류,국·김치,4753
2026-03-25,baechu,배추,여름(고랭지)(1포기),채소류,국·김치,4737
2026-03-26,baechu,배추,여름(고랭지)(1포기),채소류,국·김치,4595
2026-03-27,baechu,배추,여름(고랭지)(1포기),채소류,국·김치,4593
2026-03-30,baechu,배추,여름(고랭지)(1포기),채소류,국·김치,4601
2026-03-31,baechu,배추,여름(고랭지)(1포기),채소류,국·김치,4592
2026-04-01,baechu,배추,여름(고랭지)(1포기),채소류,국·김치,4560
2026-04-02,baechu,배추,여름(고랭지)(1포기),채소류,국·김치,4578
2026-04-03,baechu,배추,여름(고랭지)(1포기),채소류,국·김치,4573
2026-04-06,baechu,배추,여름(고랭지)(1포기),채소류,국·김치,4549
2026-04-07,baechu,배추,여름(고랭지)(1포기),채소류,국·김치,4518
2026-04-08,baechu,배추,여름(고랭지)(1포기),채소류,국·김치,4497
2026-04-09,baechu,배추,여름(고랭지)(1포기),채소류,국·김치,4482
2026-04-10,baechu,배추,여름(고랭지)(1포기),채소류,국·김치,4598
2026-04-13,baechu,배추,여름(고랭지)(1포기),채소류,국·김치,4647
2026-04-14,baechu,배추,여름(고랭지)(1포기),채소류,국·김치,4642
2026-04-15,baechu,배추,여름(고랭지)(1포기),채소류,국·김치,4628
2026-04-16,baechu,배추,여름(고랭지)(1포기),채소류,국·김치,4379
2026-04-17,baechu,배추,여름(고랭지)(1포기),채소류,국·김치,4374
2026-04-20,baechu,배추,여름(고랭지)(1포기),채소류,국·김치,4328
2026-04-21,baechu,배추,여름(고랭지)(1포기),채소류,국·김치,4276
2026-04-22,baechu,배추,여름(고랭지)(1포기),채소류,국·김치,4200
2026-04-23,baechu,배추,여름(고랭지)(1포기),채소류,국·김치,4144
2026-04-24,baechu,배추,여름(고랭지)(1포기),채소류,국·김치,4194
2026-04-27,baechu,배추,여름(고랭지)(1포기),채소류,국·김치,4251
2026-04-28,baechu,배추,여름(고랭지)(1포기),채소류,국·김치,4211
2026-04-29,baechu,배추,여름(고랭지)(1포기),채소류,국·김치,4187
2026-04-30,baechu,배추,여름(고랭지)(1포기),채소류,국·김치,3797
2026-05-04,baechu,배추,여름(고랭지)(1포기),채소류,국·김치,3565
2026-05-06,baechu,배추,여름(고랭지)(1포기),채소류,국·김치,3583
2026-05-07,baechu,배추,여름(고랭지)(1포기),채소류,국·김치,3421
2026-05-08,baechu,배추,여름(고랭지)(1포기),채소류,국·김치,3369
2026-05-11,baechu,배추,여름(고랭지)(1포기),채소류,국·김치,3433
2026-05-12,baechu,배추,여름(고랭지)(1포기),채소류,국·김치,3376
2026-05-13,baechu,배추,여름(고랭지)(1포기),채소류,국·김치,3362
2026-05-14,baechu,배추,여름(고랭지)(1포기),채소류,국·김치,3275
2026-05-15,baechu,배추,여름(고랭지)(1포기),채소류,국·김치,3254
2026-05-18,baechu,배추,여름(고랭지)(1포기),채소류,국·김치,3317
2026-05-19,baechu,배추,여름(고랭지)(1포기),채소류,국·김치,3032
2026-05-20,baechu,배추,여름(고랭지)(1포기),채소류,국·김치,3099
2026-05-21,baechu,배추,여름(고랭지)(1포기),채소류,국·김치,3312
2026-05-22,baechu,배추,여름(고랭지)(1포기),채소류,국·김치,3303
2026-05-26,baechu,배추,여름(고랭지)(1포기),채소류,국·김치,3354
2026-05-27,baechu,배추,여름(고랭지)(1포기),채소류,국·김치,3333
2026-05-28,baechu,배추,여름(고랭지)(1포기),채소류,국·김치,3631
2026-05-29,baechu,배추,여름(고랭지)(1포기),채소류,국·김치,3619
2026-06-01,baechu,배추,여름(고랭지)(1포기),채소류,국·김치,3643
2026-06-02,baechu,배추,여름(고랭지)(1포기),채소류,국·김치,3654
2026-06-04,baechu,배추,여름(고랭지)(1포기),채소류,국·김치,3547
2026-06-05,baechu,배추,여름(고랭지)(1포기),채소류,국·김치,3575
2026-06-08,baechu,배추,여름(고랭지)(1포기),채소류,국·김치,3555
2026-06-09,baechu,배추,여름(고랭지)(1포기),채소류,국·김치,3565
2026-06-10,baechu,배추,여름(고랭지)(1포기),채소류,국·김치,3582
2026-06-11,baechu,배추,여름(고랭지)(1포기),채소류,국·김치,3635
2026-06-12,baechu,배추,여름(고랭지)(1포기),채소류,국·김치,3656
2026-06-15,baechu,배추,여름(고랭지)(1포기),채소류,국·김치,3664
2026-06-16,baechu,배추,여름(고랭지)(1포기),채소류,국·김치,3670
2026-06-17,baechu,배추,여름(고랭지)(1포기),채소류,국·김치,3675
2026-06-18,baechu,배추,여름(고랭지)(1포기),채소류,국·김치,3783
2026-06-19,baechu,배추,여름(고랭지)(1포기),채소류,국·김치,3759
2026-06-22,baechu,배추,여름(고랭지)(1포기),채소류,국·김치,3741
2026-06-23,baechu,배추,여름(고랭지)(1포기),채소류,국·김치,3755
2026-06-24,baechu,배추,여름(고랭지)(1포기),채소류,국·김치,3766
2026-06-25,baechu,배추,여름(고랭지)(1포기),채소류,국·김치,3819
2026-06-26,baechu,배추,여름(고랭지)(1포기),채소류,국·김치,3813
2026-06-29,baechu,배추,여름(고랭지)(1포기),채소류,국·김치,3818
2026-06-30,baechu,배추,여름(고랭지)(1포기),채소류,국·김치,3834
2026-07-01,baechu,배추,여름(고랭지)(1포기),채소류,국·김치,3822
2026-07-02,baechu,배추,여름(고랭지)(1포기),채소류,국·김치,3608
2026-07-03,baechu,배추,여름(고랭지)(1포기),채소류,국·김치,3610
2026-07-06,baechu,배추,여름(고랭지)(1포기),채소류,국·김치,3608
2026-07-07,baechu,배추,여름(고랭지)(1포기),채소류,국·김치,3606
2026-07-08,baechu,배추,여름(고랭지)(1포기),채소류,국·김치,3566
2026-07-09,baechu,배추,여름(고랭지)(1포기),채소류,국·김치,3464
2026-07-10,baechu,배추,여름(고랭지)(1포기),채소류,국·김치,3479
2026-07-13,baechu,배추,여름(고랭지)(1포기),채소류,국·김치,3513
2026-07-14,baechu,배추,여름(고랭지)(1포기),채소류,국·김치,3498
2026-07-15,baechu,배추,여름(고랭지)(1포기),채소류,국·김치,3513
2026-07-16,baechu,배추,여름(고랭지)(1포기),채소류,국·김치,3531
2026-07-20,baechu,배추,여름(고랭지)(1포기),채소류,국·김치,3491
2026-07-21,baechu,배추,여름(고랭지)(1포기),채소류,국·김치,3519
2026-07-22,baechu,배추,여름(고랭지)(1포기),채소류,국·김치,3546
2026-07-23,baechu,배추,여름(고랭지)(1포기),채소류,국·김치,3792
2026-07-24,baechu,배추,여름(고랭지)(1포기),채소류,국·김치,3777
2026-07-27,baechu,배추,여름(고랭지)(1포기),채소류,국·김치,3798
2026-07-28,baechu,배추,여름(고랭지)(1포기),채소류,국·김치,3867
2026-07-29,baechu,배추,여름(고랭지)(1포기),채소류,국·김치,3934
2026-07-30,baechu,배추,여름(고랭지)(1포기),채소류,국·김치,4018
2026-07-31,baechu,배추,여름(고랭지)(1포기),채소류,국·김치,4111
2026-08-03,baechu,배추,여름(고랭지)(1포기),채소류,국·김치,4130
2026-08-04,baechu,배추,여름(고랭지)(1포기),채소류,국·김치,4125
2026-08-05,baechu,배추,여름(고랭지)(1포기),채소류,국·김치,4169
2026-08-06,baechu,배추,여름(고랭지)(1포기),채소류,국·김치,4348
2026-08-07,baechu,배추,여름(고랭지)(1포기),채소류,국·김치,4358
2026-08-10,baechu,배추,여름(고랭지)(1포기),채소류,국·김치,4390
2026-08-11,baechu,배추,여름(고랭지)(1포기),채소류,국·김치,4492
2026-08-12,baechu,배추,여름(고랭지)(1포기),채소류,국·김치,4512
2026-08-13,baechu,배추,여름(고랭지)(1포기),채소류,국·김치,4904
2026-08-14,baechu,배추,여름(고랭지)(1포기),채소류,국·김치,4937
2026-08-18,baechu,배추,여름(고랭지)(1포기),채소류,국·김치,4921
2026-08-19,baechu,배추,여름(고랭지)(1포기),채소류,국·김치,4985
2026-08-20,baechu,배추,여름(고랭지)(1포기),채소류,국·김치,5659
2026-08-21,baechu,배추,여름(고랭지)(1포기),채소류,국·김치,5684
2026-08-24,baechu,배추,여름(고랭지)(1포기),채소류,국·김치,5646
2026-08-25,baechu,배추,여름(고랭지)(1포기),채소류,국·김치,5636
2026-08-26,baechu,배추,여름(고랭지)(1포기),채소류,국·김치,5625
2026-08-27,baechu,배추,여름(고랭지)(1포기),채소류,국·김치,5118
2026-08-28,baechu,배추,여름(고랭지)(1포기),채소류,국·김치,5291
2026-08-31,baechu,배추,여름(고랭지)(1포기),채소류,국·김치,5278
2026-09-01,baechu,배추,여름(고랭지)(1포기),채소류,국·김치,5361
2026-09-02,baechu,배추,여름(고랭지)(1포기),채소류,국·김치,5423
2026-09-03,baechu,배추,여름(고랭지)(1포기),채소류,국·김치,6125
2026-09-04,baechu,배추,여름(고랭지)(1포기),채소류,국·김치,6105
2026-09-07,baechu,배추,여름(고랭지)(1포기),채소류,국·김치,6117
2026-09-08,baechu,배추,여름(고랭지)(1포기),채소류,국·김치,6155
2026-09-09,baechu,배추,여름(고랭지)(1포기),채소류,국·김치,6141
2025-09-10,daepa,대파,대파(1kg),채소류,양념,2932
2025-09-10,daepa,대파,대파(1kg),채소류,양념,2932
2025-09-10,daepa,대파,대파(1kg),채소류,양념,2932
2025-09-10,daepa,대파,대파(1kg),채소류,양념,2932
2025-09-10,daepa,대파,대파(1kg),채소류,양념,2932
2025-09-10,daepa,대파,대파(1kg),채소류,양념,2932
2025-09-10,daepa,대파,대파(1kg),채소류,양념,2932
2025-09-11,daepa,대파,대파(1kg),채소류,양념,3022
2025-09-11,daepa,대파,대파(1kg),채소류,양념,3022
2025-09-11,daepa,대파,대파(1kg),채소류,양념,3022
2025-09-11,daepa,대파,대파(1kg),채소류,양념,3022
2025-09-11,daepa,대파,대파(1kg),채소류,양념,3022
2025-09-11,daepa,대파,대파(1kg),채소류,양념,3022
2025-09-11,daepa,대파,대파(1kg),채소류,양념,3022
2025-09-12,daepa,대파,대파(1kg),채소류,양념,2965
2025-09-12,daepa,대파,대파(1kg),채소류,양념,2965
2025-09-12,daepa,대파,대파(1kg),채소류,양념,2965
2025-09-12,daepa,대파,대파(1kg),채소류,양념,2965
2025-09-12,daepa,대파,대파(1kg),채소류,양념,2965
2025-09-12,daepa,대파,대파(1kg),채소류,양념,2965
2025-09-12,daepa,대파,대파(1kg),채소류,양념,2965
2025-09-15,daepa,대파,대파(1kg),채소류,양념,3084
2025-09-15,daepa,대파,대파(1kg),채소류,양념,3084
2025-09-15,daepa,대파,대파(1kg),채소류,양념,3084
2025-09-15,daepa,대파,대파(1kg),채소류,양념,3084
2025-09-15,daepa,대파,대파(1kg),채소류,양념,3084
2025-09-15,daepa,대파,대파(1kg),채소류,양념,3084
2025-09-15,daepa,대파,대파(1kg),채소류,양념,3084
2025-09-16,daepa,대파,대파(1kg),채소류,양념,3082
2025-09-16,daepa,대파,대파(1kg),채소류,양념,3082
2025-09-16,daepa,대파,대파(1kg),채소류,양념,3082
2025-09-16,daepa,대파,대파(1kg),채소류,양념,3082
2025-09-16,daepa,대파,대파(1kg),채소류,양념,3082
2025-09-16,daepa,대파,대파(1kg),채소류,양념,3082
2025-09-16,daepa,대파,대파(1kg),채소류,양념,3082
2025-09-17,daepa,대파,대파(1kg),채소류,양념,3141
2025-09-17,daepa,대파,대파(1kg),채소류,양념,3141
2025-09-17,daepa,대파,대파(1kg),채소류,양념,3141
2025-09-17,daepa,대파,대파(1kg),채소류,양념,3141
2025-09-17,daepa,대파,대파(1kg),채소류,양념,3141
2025-09-17,daepa,대파,대파(1kg),채소류,양념,3141
2025-09-17,daepa,대파,대파(1kg),채소류,양념,3141
2025-09-18,daepa,대파,대파(1kg),채소류,양념,3149
2025-09-18,daepa,대파,대파(1kg),채소류,양념,3149
2025-09-18,daepa,대파,대파(1kg),채소류,양념,3149
2025-09-18,daepa,대파,대파(1kg),채소류,양념,3149
2025-09-18,daepa,대파,대파(1kg),채소류,양념,3149
2025-09-18,daepa,대파,대파(1kg),채소류,양념,3149
2025-09-18,daepa,대파,대파(1kg),채소류,양념,3149
2025-09-19,daepa,대파,대파(1kg),채소류,양념,3151
2025-09-19,daepa,대파,대파(1kg),채소류,양념,3151
2025-09-19,daepa,대파,대파(1kg),채소류,양념,3151
2025-09-19,daepa,대파,대파(1kg),채소류,양념,3151
2025-09-19,daepa,대파,대파(1kg),채소류,양념,3151
2025-09-19,daepa,대파,대파(1kg),채소류,양념,3151
2025-09-19,daepa,대파,대파(1kg),채소류,양념,3151
2025-09-22,daepa,대파,대파(1kg),채소류,양념,3091
2025-09-22,daepa,대파,대파(1kg),채소류,양념,3091
2025-09-22,daepa,대파,대파(1kg),채소류,양념,3091
2025-09-22,daepa,대파,대파(1kg),채소류,양념,3091
2025-09-22,daepa,대파,대파(1kg),채소류,양념,3091
2025-09-22,daepa,대파,대파(1kg),채소류,양념,3091
2025-09-22,daepa,대파,대파(1kg),채소류,양념,3091
2025-09-23,daepa,대파,대파(1kg),채소류,양념,3138
2025-09-23,daepa,대파,대파(1kg),채소류,양념,3138
2025-09-23,daepa,대파,대파(1kg),채소류,양념,3138
2025-09-23,daepa,대파,대파(1kg),채소류,양념,3138
2025-09-23,daepa,대파,대파(1kg),채소류,양념,3138
2025-09-23,daepa,대파,대파(1kg),채소류,양념,3138
2025-09-23,daepa,대파,대파(1kg),채소류,양념,3138
2025-09-24,daepa,대파,대파(1kg),채소류,양념,3119
2025-09-24,daepa,대파,대파(1kg),채소류,양념,3119
2025-09-24,daepa,대파,대파(1kg),채소류,양념,3119
2025-09-24,daepa,대파,대파(1kg),채소류,양념,3119
2025-09-24,daepa,대파,대파(1kg),채소류,양념,3119
2025-09-24,daepa,대파,대파(1kg),채소류,양념,3119
2025-09-24,daepa,대파,대파(1kg),채소류,양념,3119
2025-09-25,daepa,대파,대파(1kg),채소류,양념,3148
2025-09-25,daepa,대파,대파(1kg),채소류,양념,3148
2025-09-25,daepa,대파,대파(1kg),채소류,양념,3148
2025-09-25,daepa,대파,대파(1kg),채소류,양념,3148
2025-09-25,daepa,대파,대파(1kg),채소류,양념,3148
2025-09-25,daepa,대파,대파(1kg),채소류,양념,3148
2025-09-25,daepa,대파,대파(1kg),채소류,양념,3148
2025-09-26,daepa,대파,대파(1kg),채소류,양념,3155
2025-09-26,daepa,대파,대파(1kg),채소류,양념,3155
2025-09-26,daepa,대파,대파(1kg),채소류,양념,3155
2025-09-26,daepa,대파,대파(1kg),채소류,양념,3155
2025-09-26,daepa,대파,대파(1kg),채소류,양념,3155
2025-09-26,daepa,대파,대파(1kg),채소류,양념,3155
2025-09-26,daepa,대파,대파(1kg),채소류,양념,3155
2025-09-29,daepa,대파,대파(1kg),채소류,양념,3184
2025-09-29,daepa,대파,대파(1kg),채소류,양념,3184
2025-09-29,daepa,대파,대파(1kg),채소류,양념,3184
2025-09-29,daepa,대파,대파(1kg),채소류,양념,3184
2025-09-29,daepa,대파,대파(1kg),채소류,양념,3184
2025-09-29,daepa,대파,대파(1kg),채소류,양념,3184
2025-09-29,daepa,대파,대파(1kg),채소류,양념,3184
2025-09-30,daepa,대파,대파(1kg),채소류,양념,3180
2025-09-30,daepa,대파,대파(1kg),채소류,양념,3180
2025-09-30,daepa,대파,대파(1kg),채소류,양념,3180
2025-09-30,daepa,대파,대파(1kg),채소류,양념,3180
2025-09-30,daepa,대파,대파(1kg),채소류,양념,3180
2025-09-30,daepa,대파,대파(1kg),채소류,양념,3180
2025-09-30,daepa,대파,대파(1kg),채소류,양념,3180
2025-10-01,daepa,대파,대파(1kg),채소류,양념,3140
2025-10-01,daepa,대파,대파(1kg),채소류,양념,3140
2025-10-01,daepa,대파,대파(1kg),채소류,양념,3140
2025-10-01,daepa,대파,대파(1kg),채소류,양념,3140
2025-10-01,daepa,대파,대파(1kg),채소류,양념,3140
2025-10-01,daepa,대파,대파(1kg),채소류,양념,3140
2025-10-01,daepa,대파,대파(1kg),채소류,양념,3140
2025-10-02,daepa,대파,대파(1kg),채소류,양념,3094
2025-10-02,daepa,대파,대파(1kg),채소류,양념,3094
2025-10-02,daepa,대파,대파(1kg),채소류,양념,3094
2025-10-02,daepa,대파,대파(1kg),채소류,양념,3094
2025-10-02,daepa,대파,대파(1kg),채소류,양념,3094
2025-10-02,daepa,대파,대파(1kg),채소류,양념,3094
2025-10-02,daepa,대파,대파(1kg),채소류,양념,3094
2025-10-10,daepa,대파,대파(1kg),채소류,양념,3176
2025-10-10,daepa,대파,대파(1kg),채소류,양념,3176
2025-10-10,daepa,대파,대파(1kg),채소류,양념,3176
2025-10-10,daepa,대파,대파(1kg),채소류,양념,3176
2025-10-10,daepa,대파,대파(1kg),채소류,양념,3176
2025-10-10,daepa,대파,대파(1kg),채소류,양념,3176
2025-10-10,daepa,대파,대파(1kg),채소류,양념,3176
2025-10-13,daepa,대파,대파(1kg),채소류,양념,3243
2025-10-13,daepa,대파,대파(1kg),채소류,양념,3243
2025-10-13,daepa,대파,대파(1kg),채소류,양념,3243
2025-10-13,daepa,대파,대파(1kg),채소류,양념,3243
2025-10-13,daepa,대파,대파(1kg),채소류,양념,3243
2025-10-13,daepa,대파,대파(1kg),채소류,양념,3243
2025-10-13,daepa,대파,대파(1kg),채소류,양념,3243
2025-10-14,daepa,대파,대파(1kg),채소류,양념,3282
2025-10-14,daepa,대파,대파(1kg),채소류,양념,3282
2025-10-14,daepa,대파,대파(1kg),채소류,양념,3282
2025-10-14,daepa,대파,대파(1kg),채소류,양념,3282
2025-10-14,daepa,대파,대파(1kg),채소류,양념,3282
2025-10-14,daepa,대파,대파(1kg),채소류,양념,3282
2025-10-14,daepa,대파,대파(1kg),채소류,양념,3282
2025-10-15,daepa,대파,대파(1kg),채소류,양념,3337
2025-10-15,daepa,대파,대파(1kg),채소류,양념,3337
2025-10-15,daepa,대파,대파(1kg),채소류,양념,3337
2025-10-15,daepa,대파,대파(1kg),채소류,양념,3337
2025-10-15,daepa,대파,대파(1kg),채소류,양념,3337
2025-10-15,daepa,대파,대파(1kg),채소류,양념,3337
2025-10-15,daepa,대파,대파(1kg),채소류,양념,3337
2025-10-16,daepa,대파,대파(1kg),채소류,양념,3460
2025-10-16,daepa,대파,대파(1kg),채소류,양념,3460
2025-10-16,daepa,대파,대파(1kg),채소류,양념,3460
2025-10-16,daepa,대파,대파(1kg),채소류,양념,3460
2025-10-16,daepa,대파,대파(1kg),채소류,양념,3460
2025-10-16,daepa,대파,대파(1kg),채소류,양념,3460
2025-10-16,daepa,대파,대파(1kg),채소류,양념,3460
2025-10-17,daepa,대파,대파(1kg),채소류,양념,3364
2025-10-17,daepa,대파,대파(1kg),채소류,양념,3364
2025-10-17,daepa,대파,대파(1kg),채소류,양념,3364
2025-10-17,daepa,대파,대파(1kg),채소류,양념,3364
2025-10-17,daepa,대파,대파(1kg),채소류,양념,3364
2025-10-17,daepa,대파,대파(1kg),채소류,양념,3364
2025-10-17,daepa,대파,대파(1kg),채소류,양념,3364
2025-10-20,daepa,대파,대파(1kg),채소류,양념,3471
2025-10-20,daepa,대파,대파(1kg),채소류,양념,3471
2025-10-20,daepa,대파,대파(1kg),채소류,양념,3471
2025-10-20,daepa,대파,대파(1kg),채소류,양념,3471
2025-10-20,daepa,대파,대파(1kg),채소류,양념,3471
2025-10-20,daepa,대파,대파(1kg),채소류,양념,3471
2025-10-20,daepa,대파,대파(1kg),채소류,양념,3471
2025-10-21,daepa,대파,대파(1kg),채소류,양념,3489
2025-10-21,daepa,대파,대파(1kg),채소류,양념,3489
2025-10-21,daepa,대파,대파(1kg),채소류,양념,3489
2025-10-21,daepa,대파,대파(1kg),채소류,양념,3489
2025-10-21,daepa,대파,대파(1kg),채소류,양념,3489
2025-10-21,daepa,대파,대파(1kg),채소류,양념,3489
2025-10-21,daepa,대파,대파(1kg),채소류,양념,3489
2025-10-22,daepa,대파,대파(1kg),채소류,양념,3449
2025-10-22,daepa,대파,대파(1kg),채소류,양념,3449
2025-10-22,daepa,대파,대파(1kg),채소류,양념,3449
2025-10-22,daepa,대파,대파(1kg),채소류,양념,3449
2025-10-22,daepa,대파,대파(1kg),채소류,양념,3449
2025-10-22,daepa,대파,대파(1kg),채소류,양념,3449
2025-10-22,daepa,대파,대파(1kg),채소류,양념,3449
2025-10-23,daepa,대파,대파(1kg),채소류,양념,3458
2025-10-23,daepa,대파,대파(1kg),채소류,양념,3458
2025-10-23,daepa,대파,대파(1kg),채소류,양념,3458
2025-10-23,daepa,대파,대파(1kg),채소류,양념,3458
2025-10-23,daepa,대파,대파(1kg),채소류,양념,3458
2025-10-23,daepa,대파,대파(1kg),채소류,양념,3458
2025-10-23,daepa,대파,대파(1kg),채소류,양념,3458
2025-10-24,daepa,대파,대파(1kg),채소류,양념,3322
2025-10-24,daepa,대파,대파(1kg),채소류,양념,3322
2025-10-24,daepa,대파,대파(1kg),채소류,양념,3322
2025-10-24,daepa,대파,대파(1kg),채소류,양념,3322
2025-10-24,daepa,대파,대파(1kg),채소류,양념,3322
2025-10-24,daepa,대파,대파(1kg),채소류,양념,3322
2025-10-24,daepa,대파,대파(1kg),채소류,양념,3322
2025-10-27,daepa,대파,대파(1kg),채소류,양념,3408
2025-10-27,daepa,대파,대파(1kg),채소류,양념,3408
2025-10-27,daepa,대파,대파(1kg),채소류,양념,3408
2025-10-27,daepa,대파,대파(1kg),채소류,양념,3408
2025-10-27,daepa,대파,대파(1kg),채소류,양념,3408
2025-10-27,daepa,대파,대파(1kg),채소류,양념,3408
2025-10-27,daepa,대파,대파(1kg),채소류,양념,3408
2025-10-28,daepa,대파,대파(1kg),채소류,양념,3422
2025-10-28,daepa,대파,대파(1kg),채소류,양념,3422
2025-10-28,daepa,대파,대파(1kg),채소류,양념,3422
2025-10-28,daepa,대파,대파(1kg),채소류,양념,3422
2025-10-28,daepa,대파,대파(1kg),채소류,양념,3422
2025-10-28,daepa,대파,대파(1kg),채소류,양념,3422
2025-10-28,daepa,대파,대파(1kg),채소류,양념,3422
2025-10-29,daepa,대파,대파(1kg),채소류,양념,3435
2025-10-29,daepa,대파,대파(1kg),채소류,양념,3435
2025-10-29,daepa,대파,대파(1kg),채소류,양념,3435
2025-10-29,daepa,대파,대파(1kg),채소류,양념,3435
2025-10-29,daepa,대파,대파(1kg),채소류,양념,3435
2025-10-29,daepa,대파,대파(1kg),채소류,양념,3435
2025-10-29,daepa,대파,대파(1kg),채소류,양념,3435
2025-10-30,daepa,대파,대파(1kg),채소류,양념,2572
2025-10-30,daepa,대파,대파(1kg),채소류,양념,2572
2025-10-30,daepa,대파,대파(1kg),채소류,양념,2572
2025-10-30,daepa,대파,대파(1kg),채소류,양념,2572
2025-10-30,daepa,대파,대파(1kg),채소류,양념,2572
2025-10-30,daepa,대파,대파(1kg),채소류,양념,2572
2025-10-30,daepa,대파,대파(1kg),채소류,양념,2572
2025-10-31,daepa,대파,대파(1kg),채소류,양념,2497
2025-10-31,daepa,대파,대파(1kg),채소류,양념,2497
2025-10-31,daepa,대파,대파(1kg),채소류,양념,2497
2025-10-31,daepa,대파,대파(1kg),채소류,양념,2497
2025-10-31,daepa,대파,대파(1kg),채소류,양념,2497
2025-10-31,daepa,대파,대파(1kg),채소류,양념,2497
2025-10-31,daepa,대파,대파(1kg),채소류,양념,2497
2025-11-03,daepa,대파,대파(1kg),채소류,양념,2845
2025-11-03,daepa,대파,대파(1kg),채소류,양념,2845
2025-11-03,daepa,대파,대파(1kg),채소류,양념,2845
2025-11-03,daepa,대파,대파(1kg),채소류,양념,2845
2025-11-03,daepa,대파,대파(1kg),채소류,양념,2845
2025-11-03,daepa,대파,대파(1kg),채소류,양념,2845
2025-11-03,daepa,대파,대파(1kg),채소류,양념,2845
2025-11-04,daepa,대파,대파(1kg),채소류,양념,2878
2025-11-04,daepa,대파,대파(1kg),채소류,양념,2878
2025-11-04,daepa,대파,대파(1kg),채소류,양념,2878
2025-11-04,daepa,대파,대파(1kg),채소류,양념,2878
2025-11-04,daepa,대파,대파(1kg),채소류,양념,2878
2025-11-04,daepa,대파,대파(1kg),채소류,양념,2878
2025-11-04,daepa,대파,대파(1kg),채소류,양념,2878
2025-11-05,daepa,대파,대파(1kg),채소류,양념,2909
2025-11-05,daepa,대파,대파(1kg),채소류,양념,2909
2025-11-05,daepa,대파,대파(1kg),채소류,양념,2909
2025-11-05,daepa,대파,대파(1kg),채소류,양념,2909
2025-11-05,daepa,대파,대파(1kg),채소류,양념,2909
2025-11-05,daepa,대파,대파(1kg),채소류,양념,2909
2025-11-05,daepa,대파,대파(1kg),채소류,양념,2909
2025-11-06,daepa,대파,대파(1kg),채소류,양념,2912
2025-11-06,daepa,대파,대파(1kg),채소류,양념,2912
2025-11-06,daepa,대파,대파(1kg),채소류,양념,2912
2025-11-06,daepa,대파,대파(1kg),채소류,양념,2912
2025-11-06,daepa,대파,대파(1kg),채소류,양념,2912
2025-11-06,daepa,대파,대파(1kg),채소류,양념,2912
2025-11-06,daepa,대파,대파(1kg),채소류,양념,2912
2025-11-07,daepa,대파,대파(1kg),채소류,양념,2914
2025-11-07,daepa,대파,대파(1kg),채소류,양념,2914
2025-11-07,daepa,대파,대파(1kg),채소류,양념,2914
2025-11-07,daepa,대파,대파(1kg),채소류,양념,2914
2025-11-07,daepa,대파,대파(1kg),채소류,양념,2914
2025-11-07,daepa,대파,대파(1kg),채소류,양념,2914
2025-11-07,daepa,대파,대파(1kg),채소류,양념,2914
2025-11-10,daepa,대파,대파(1kg),채소류,양념,2904
2025-11-10,daepa,대파,대파(1kg),채소류,양념,2904
2025-11-10,daepa,대파,대파(1kg),채소류,양념,2904
2025-11-10,daepa,대파,대파(1kg),채소류,양념,2904
2025-11-10,daepa,대파,대파(1kg),채소류,양념,2904
2025-11-10,daepa,대파,대파(1kg),채소류,양념,2904
2025-11-10,daepa,대파,대파(1kg),채소류,양념,2904
2025-11-11,daepa,대파,대파(1kg),채소류,양념,2919
2025-11-11,daepa,대파,대파(1kg),채소류,양념,2919
2025-11-11,daepa,대파,대파(1kg),채소류,양념,2919
2025-11-11,daepa,대파,대파(1kg),채소류,양념,2919
2025-11-11,daepa,대파,대파(1kg),채소류,양념,2919
2025-11-11,daepa,대파,대파(1kg),채소류,양념,2919
2025-11-11,daepa,대파,대파(1kg),채소류,양념,2919
2025-11-12,daepa,대파,대파(1kg),채소류,양념,2916
2025-11-12,daepa,대파,대파(1kg),채소류,양념,2916
2025-11-12,daepa,대파,대파(1kg),채소류,양념,2916
2025-11-12,daepa,대파,대파(1kg),채소류,양념,2916
2025-11-12,daepa,대파,대파(1kg),채소류,양념,2916
2025-11-12,daepa,대파,대파(1kg),채소류,양념,2916
2025-11-12,daepa,대파,대파(1kg),채소류,양념,2916
2025-11-13,daepa,대파,대파(1kg),채소류,양념,2956
2025-11-13,daepa,대파,대파(1kg),채소류,양념,2956
2025-11-13,daepa,대파,대파(1kg),채소류,양념,2956
2025-11-13,daepa,대파,대파(1kg),채소류,양념,2956
2025-11-13,daepa,대파,대파(1kg),채소류,양념,2956
2025-11-13,daepa,대파,대파(1kg),채소류,양념,2956
2025-11-13,daepa,대파,대파(1kg),채소류,양념,2956
2025-11-14,daepa,대파,대파(1kg),채소류,양념,2973
2025-11-14,daepa,대파,대파(1kg),채소류,양념,2973
2025-11-14,daepa,대파,대파(1kg),채소류,양념,2973
2025-11-14,daepa,대파,대파(1kg),채소류,양념,2973
2025-11-14,daepa,대파,대파(1kg),채소류,양념,2973
2025-11-14,daepa,대파,대파(1kg),채소류,양념,2973
2025-11-14,daepa,대파,대파(1kg),채소류,양념,2973
2025-11-17,daepa,대파,대파(1kg),채소류,양념,2986
2025-11-17,daepa,대파,대파(1kg),채소류,양념,2986
2025-11-17,daepa,대파,대파(1kg),채소류,양념,2986
2025-11-17,daepa,대파,대파(1kg),채소류,양념,2986
2025-11-17,daepa,대파,대파(1kg),채소류,양념,2986
2025-11-17,daepa,대파,대파(1kg),채소류,양념,2986
2025-11-17,daepa,대파,대파(1kg),채소류,양념,2986
2025-11-18,daepa,대파,대파(1kg),채소류,양념,3018
2025-11-18,daepa,대파,대파(1kg),채소류,양념,3018
2025-11-18,daepa,대파,대파(1kg),채소류,양념,3018
2025-11-18,daepa,대파,대파(1kg),채소류,양념,3018
2025-11-18,daepa,대파,대파(1kg),채소류,양념,3018
2025-11-18,daepa,대파,대파(1kg),채소류,양념,3018
2025-11-18,daepa,대파,대파(1kg),채소류,양념,3018
2025-11-19,daepa,대파,대파(1kg),채소류,양념,3020
2025-11-19,daepa,대파,대파(1kg),채소류,양념,3020
2025-11-19,daepa,대파,대파(1kg),채소류,양념,3020
2025-11-19,daepa,대파,대파(1kg),채소류,양념,3020
2025-11-19,daepa,대파,대파(1kg),채소류,양념,3020
2025-11-19,daepa,대파,대파(1kg),채소류,양념,3020
2025-11-19,daepa,대파,대파(1kg),채소류,양념,3020
2025-11-20,daepa,대파,대파(1kg),채소류,양념,3252
2025-11-20,daepa,대파,대파(1kg),채소류,양념,3252
2025-11-20,daepa,대파,대파(1kg),채소류,양념,3252
2025-11-20,daepa,대파,대파(1kg),채소류,양념,3252
2025-11-20,daepa,대파,대파(1kg),채소류,양념,3252
2025-11-20,daepa,대파,대파(1kg),채소류,양념,3252
2025-11-20,daepa,대파,대파(1kg),채소류,양념,3252
2025-11-21,daepa,대파,대파(1kg),채소류,양념,3253
2025-11-21,daepa,대파,대파(1kg),채소류,양념,3253
2025-11-21,daepa,대파,대파(1kg),채소류,양념,3253
2025-11-21,daepa,대파,대파(1kg),채소류,양념,3253
2025-11-21,daepa,대파,대파(1kg),채소류,양념,3253
2025-11-21,daepa,대파,대파(1kg),채소류,양념,3253
2025-11-21,daepa,대파,대파(1kg),채소류,양념,3253
2025-11-24,daepa,대파,대파(1kg),채소류,양념,3398
2025-11-24,daepa,대파,대파(1kg),채소류,양념,3398
2025-11-24,daepa,대파,대파(1kg),채소류,양념,3398
2025-11-24,daepa,대파,대파(1kg),채소류,양념,3398
2025-11-24,daepa,대파,대파(1kg),채소류,양념,3398
2025-11-24,daepa,대파,대파(1kg),채소류,양념,3398
2025-11-24,daepa,대파,대파(1kg),채소류,양념,3398
2025-11-25,daepa,대파,대파(1kg),채소류,양념,3388
2025-11-25,daepa,대파,대파(1kg),채소류,양념,3388
2025-11-25,daepa,대파,대파(1kg),채소류,양념,3388
2025-11-25,daepa,대파,대파(1kg),채소류,양념,3388
2025-11-25,daepa,대파,대파(1kg),채소류,양념,3388
2025-11-25,daepa,대파,대파(1kg),채소류,양념,3388
2025-11-25,daepa,대파,대파(1kg),채소류,양념,3388
2025-11-26,daepa,대파,대파(1kg),채소류,양념,3384
2025-11-26,daepa,대파,대파(1kg),채소류,양념,3384
2025-11-26,daepa,대파,대파(1kg),채소류,양념,3384
2025-11-26,daepa,대파,대파(1kg),채소류,양념,3384
2025-11-26,daepa,대파,대파(1kg),채소류,양념,3384
2025-11-26,daepa,대파,대파(1kg),채소류,양념,3384
2025-11-26,daepa,대파,대파(1kg),채소류,양념,3384
2025-11-27,daepa,대파,대파(1kg),채소류,양념,3229
2025-11-27,daepa,대파,대파(1kg),채소류,양념,3229
2025-11-27,daepa,대파,대파(1kg),채소류,양념,3229
2025-11-27,daepa,대파,대파(1kg),채소류,양념,3229
2025-11-27,daepa,대파,대파(1kg),채소류,양념,3229
2025-11-27,daepa,대파,대파(1kg),채소류,양념,3229
2025-11-27,daepa,대파,대파(1kg),채소류,양념,3229
2025-11-28,daepa,대파,대파(1kg),채소류,양념,3253
2025-11-28,daepa,대파,대파(1kg),채소류,양념,3253
2025-11-28,daepa,대파,대파(1kg),채소류,양념,3253
2025-11-28,daepa,대파,대파(1kg),채소류,양념,3253
2025-11-28,daepa,대파,대파(1kg),채소류,양념,3253
2025-11-28,daepa,대파,대파(1kg),채소류,양념,3253
2025-11-28,daepa,대파,대파(1kg),채소류,양념,3253
2025-12-01,daepa,대파,대파(1kg),채소류,양념,3254
2025-12-01,daepa,대파,대파(1kg),채소류,양념,3254
2025-12-01,daepa,대파,대파(1kg),채소류,양념,3254
2025-12-01,daepa,대파,대파(1kg),채소류,양념,3254
2025-12-01,daepa,대파,대파(1kg),채소류,양념,3254
2025-12-01,daepa,대파,대파(1kg),채소류,양념,3254
2025-12-01,daepa,대파,대파(1kg),채소류,양념,3254
2025-12-02,daepa,대파,대파(1kg),채소류,양념,3353
2025-12-02,daepa,대파,대파(1kg),채소류,양념,3353
2025-12-02,daepa,대파,대파(1kg),채소류,양념,3353
2025-12-02,daepa,대파,대파(1kg),채소류,양념,3353
2025-12-02,daepa,대파,대파(1kg),채소류,양념,3353
2025-12-02,daepa,대파,대파(1kg),채소류,양념,3353
2025-12-02,daepa,대파,대파(1kg),채소류,양념,3353
2025-12-03,daepa,대파,대파(1kg),채소류,양념,3364
2025-12-03,daepa,대파,대파(1kg),채소류,양념,3364
2025-12-03,daepa,대파,대파(1kg),채소류,양념,3364
2025-12-03,daepa,대파,대파(1kg),채소류,양념,3364
2025-12-03,daepa,대파,대파(1kg),채소류,양념,3364
2025-12-03,daepa,대파,대파(1kg),채소류,양념,3364
2025-12-03,daepa,대파,대파(1kg),채소류,양념,3364
2025-12-04,daepa,대파,대파(1kg),채소류,양념,3329
2025-12-04,daepa,대파,대파(1kg),채소류,양념,3329
2025-12-04,daepa,대파,대파(1kg),채소류,양념,3329
2025-12-04,daepa,대파,대파(1kg),채소류,양념,3329
2025-12-04,daepa,대파,대파(1kg),채소류,양념,3329
2025-12-04,daepa,대파,대파(1kg),채소류,양념,3329
2025-12-04,daepa,대파,대파(1kg),채소류,양념,3329
2025-12-08,daepa,대파,대파(1kg),채소류,양념,3237
2025-12-08,daepa,대파,대파(1kg),채소류,양념,3237
2025-12-08,daepa,대파,대파(1kg),채소류,양념,3237
2025-12-08,daepa,대파,대파(1kg),채소류,양념,3237
2025-12-08,daepa,대파,대파(1kg),채소류,양념,3237
2025-12-08,daepa,대파,대파(1kg),채소류,양념,3237
2025-12-08,daepa,대파,대파(1kg),채소류,양념,3237
2025-12-09,daepa,대파,대파(1kg),채소류,양념,3352
2025-12-09,daepa,대파,대파(1kg),채소류,양념,3352
2025-12-09,daepa,대파,대파(1kg),채소류,양념,3352
2025-12-09,daepa,대파,대파(1kg),채소류,양념,3352
2025-12-09,daepa,대파,대파(1kg),채소류,양념,3352
2025-12-09,daepa,대파,대파(1kg),채소류,양념,3352
2025-12-09,daepa,대파,대파(1kg),채소류,양념,3352
2025-12-10,daepa,대파,대파(1kg),채소류,양념,3420
2025-12-10,daepa,대파,대파(1kg),채소류,양념,3420
2025-12-10,daepa,대파,대파(1kg),채소류,양념,3420
2025-12-10,daepa,대파,대파(1kg),채소류,양념,3420
2025-12-10,daepa,대파,대파(1kg),채소류,양념,3420
2025-12-10,daepa,대파,대파(1kg),채소류,양념,3420
2025-12-10,daepa,대파,대파(1kg),채소류,양념,3420
2025-12-11,daepa,대파,대파(1kg),채소류,양념,3568
2025-12-11,daepa,대파,대파(1kg),채소류,양념,3568
2025-12-11,daepa,대파,대파(1kg),채소류,양념,3568
2025-12-11,daepa,대파,대파(1kg),채소류,양념,3568
2025-12-11,daepa,대파,대파(1kg),채소류,양념,3568
2025-12-11,daepa,대파,대파(1kg),채소류,양념,3568
2025-12-11,daepa,대파,대파(1kg),채소류,양념,3568
2025-12-12,daepa,대파,대파(1kg),채소류,양념,3631
2025-12-12,daepa,대파,대파(1kg),채소류,양념,3631
2025-12-12,daepa,대파,대파(1kg),채소류,양념,3631
2025-12-12,daepa,대파,대파(1kg),채소류,양념,3631
2025-12-12,daepa,대파,대파(1kg),채소류,양념,3631
2025-12-12,daepa,대파,대파(1kg),채소류,양념,3631
2025-12-12,daepa,대파,대파(1kg),채소류,양념,3631
2025-12-15,daepa,대파,대파(1kg),채소류,양념,3788
2025-12-15,daepa,대파,대파(1kg),채소류,양념,3788
2025-12-15,daepa,대파,대파(1kg),채소류,양념,3788
2025-12-15,daepa,대파,대파(1kg),채소류,양념,3788
2025-12-15,daepa,대파,대파(1kg),채소류,양념,3788
2025-12-15,daepa,대파,대파(1kg),채소류,양념,3788
2025-12-15,daepa,대파,대파(1kg),채소류,양념,3788
2025-12-16,daepa,대파,대파(1kg),채소류,양념,3806
2025-12-16,daepa,대파,대파(1kg),채소류,양념,3806
2025-12-16,daepa,대파,대파(1kg),채소류,양념,3806
2025-12-16,daepa,대파,대파(1kg),채소류,양념,3806
2025-12-16,daepa,대파,대파(1kg),채소류,양념,3806
2025-12-16,daepa,대파,대파(1kg),채소류,양념,3806
2025-12-16,daepa,대파,대파(1kg),채소류,양념,3806
2025-12-17,daepa,대파,대파(1kg),채소류,양념,3783
2025-12-17,daepa,대파,대파(1kg),채소류,양념,3783
2025-12-17,daepa,대파,대파(1kg),채소류,양념,3783
2025-12-17,daepa,대파,대파(1kg),채소류,양념,3783
2025-12-17,daepa,대파,대파(1kg),채소류,양념,3783
2025-12-17,daepa,대파,대파(1kg),채소류,양념,3783
2025-12-17,daepa,대파,대파(1kg),채소류,양념,3783
2025-12-18,daepa,대파,대파(1kg),채소류,양념,3819
2025-12-18,daepa,대파,대파(1kg),채소류,양념,3819
2025-12-18,daepa,대파,대파(1kg),채소류,양념,3819
2025-12-18,daepa,대파,대파(1kg),채소류,양념,3819
2025-12-18,daepa,대파,대파(1kg),채소류,양념,3819
2025-12-18,daepa,대파,대파(1kg),채소류,양념,3819
2025-12-18,daepa,대파,대파(1kg),채소류,양념,3819
2025-12-19,daepa,대파,대파(1kg),채소류,양념,3768
2025-12-19,daepa,대파,대파(1kg),채소류,양념,3768
2025-12-19,daepa,대파,대파(1kg),채소류,양념,3768
2025-12-19,daepa,대파,대파(1kg),채소류,양념,3768
2025-12-19,daepa,대파,대파(1kg),채소류,양념,3768
2025-12-19,daepa,대파,대파(1kg),채소류,양념,3768
2025-12-19,daepa,대파,대파(1kg),채소류,양념,3768
2025-12-22,daepa,대파,대파(1kg),채소류,양념,3778
2025-12-22,daepa,대파,대파(1kg),채소류,양념,3778
2025-12-22,daepa,대파,대파(1kg),채소류,양념,3778
2025-12-22,daepa,대파,대파(1kg),채소류,양념,3778
2025-12-22,daepa,대파,대파(1kg),채소류,양념,3778
2025-12-22,daepa,대파,대파(1kg),채소류,양념,3778
2025-12-22,daepa,대파,대파(1kg),채소류,양념,3778
2025-12-23,daepa,대파,대파(1kg),채소류,양념,3781
2025-12-23,daepa,대파,대파(1kg),채소류,양념,3781
2025-12-23,daepa,대파,대파(1kg),채소류,양념,3781
2025-12-23,daepa,대파,대파(1kg),채소류,양념,3781
2025-12-23,daepa,대파,대파(1kg),채소류,양념,3781
2025-12-23,daepa,대파,대파(1kg),채소류,양념,3781
2025-12-23,daepa,대파,대파(1kg),채소류,양념,3781
2025-12-24,daepa,대파,대파(1kg),채소류,양념,3793
2025-12-24,daepa,대파,대파(1kg),채소류,양념,3793
2025-12-24,daepa,대파,대파(1kg),채소류,양념,3793
2025-12-24,daepa,대파,대파(1kg),채소류,양념,3793
2025-12-24,daepa,대파,대파(1kg),채소류,양념,3793
2025-12-24,daepa,대파,대파(1kg),채소류,양념,3793
2025-12-24,daepa,대파,대파(1kg),채소류,양념,3793
2025-12-26,daepa,대파,대파(1kg),채소류,양념,3496
2025-12-26,daepa,대파,대파(1kg),채소류,양념,3496
2025-12-26,daepa,대파,대파(1kg),채소류,양념,3496
2025-12-26,daepa,대파,대파(1kg),채소류,양념,3496
2025-12-26,daepa,대파,대파(1kg),채소류,양념,3496
2025-12-26,daepa,대파,대파(1kg),채소류,양념,3496
2025-12-26,daepa,대파,대파(1kg),채소류,양념,3496
2025-12-29,daepa,대파,대파(1kg),채소류,양념,3480
2025-12-29,daepa,대파,대파(1kg),채소류,양념,3480
2025-12-29,daepa,대파,대파(1kg),채소류,양념,3480
2025-12-29,daepa,대파,대파(1kg),채소류,양념,3480
2025-12-29,daepa,대파,대파(1kg),채소류,양념,3480
2025-12-29,daepa,대파,대파(1kg),채소류,양념,3480
2025-12-29,daepa,대파,대파(1kg),채소류,양념,3480
2025-12-30,daepa,대파,대파(1kg),채소류,양념,3484
2025-12-30,daepa,대파,대파(1kg),채소류,양념,3484
2025-12-30,daepa,대파,대파(1kg),채소류,양념,3484
2025-12-30,daepa,대파,대파(1kg),채소류,양념,3484
2025-12-30,daepa,대파,대파(1kg),채소류,양념,3484
2025-12-30,daepa,대파,대파(1kg),채소류,양념,3484
2025-12-30,daepa,대파,대파(1kg),채소류,양념,3484
2025-12-31,daepa,대파,대파(1kg),채소류,양념,3506
2025-12-31,daepa,대파,대파(1kg),채소류,양념,3506
2025-12-31,daepa,대파,대파(1kg),채소류,양념,3506
2025-12-31,daepa,대파,대파(1kg),채소류,양념,3506
2025-12-31,daepa,대파,대파(1kg),채소류,양념,3506
2025-12-31,daepa,대파,대파(1kg),채소류,양념,3506
2025-12-31,daepa,대파,대파(1kg),채소류,양념,3506
2026-01-02,daepa,대파,대파(1kg),채소류,양념,3569
2026-01-02,daepa,대파,대파(1kg),채소류,양념,3569
2026-01-02,daepa,대파,대파(1kg),채소류,양념,3569
2026-01-02,daepa,대파,대파(1kg),채소류,양념,3569
2026-01-02,daepa,대파,대파(1kg),채소류,양념,3569
2026-01-02,daepa,대파,대파(1kg),채소류,양념,3569
2026-01-02,daepa,대파,대파(1kg),채소류,양념,3569
2026-01-05,daepa,대파,대파(1kg),채소류,양념,3547
2026-01-05,daepa,대파,대파(1kg),채소류,양념,3547
2026-01-05,daepa,대파,대파(1kg),채소류,양념,3547
2026-01-05,daepa,대파,대파(1kg),채소류,양념,3547
2026-01-05,daepa,대파,대파(1kg),채소류,양념,3547
2026-01-05,daepa,대파,대파(1kg),채소류,양념,3547
2026-01-05,daepa,대파,대파(1kg),채소류,양념,3547
2026-01-06,daepa,대파,대파(1kg),채소류,양념,3548
2026-01-06,daepa,대파,대파(1kg),채소류,양념,3548
2026-01-06,daepa,대파,대파(1kg),채소류,양념,3548
2026-01-06,daepa,대파,대파(1kg),채소류,양념,3548
2026-01-06,daepa,대파,대파(1kg),채소류,양념,3548
2026-01-06,daepa,대파,대파(1kg),채소류,양념,3548
2026-01-06,daepa,대파,대파(1kg),채소류,양념,3548
2026-01-07,daepa,대파,대파(1kg),채소류,양념,3545
2026-01-07,daepa,대파,대파(1kg),채소류,양념,3545
2026-01-07,daepa,대파,대파(1kg),채소류,양념,3545
2026-01-07,daepa,대파,대파(1kg),채소류,양념,3545
2026-01-07,daepa,대파,대파(1kg),채소류,양념,3545
2026-01-07,daepa,대파,대파(1kg),채소류,양념,3545
2026-01-07,daepa,대파,대파(1kg),채소류,양념,3545
2026-01-08,daepa,대파,대파(1kg),채소류,양념,3246
2026-01-08,daepa,대파,대파(1kg),채소류,양념,3246
2026-01-08,daepa,대파,대파(1kg),채소류,양념,3246
2026-01-08,daepa,대파,대파(1kg),채소류,양념,3246
2026-01-08,daepa,대파,대파(1kg),채소류,양념,3246
2026-01-08,daepa,대파,대파(1kg),채소류,양념,3246
2026-01-08,daepa,대파,대파(1kg),채소류,양념,3246
2026-01-09,daepa,대파,대파(1kg),채소류,양념,3238
2026-01-09,daepa,대파,대파(1kg),채소류,양념,3238
2026-01-09,daepa,대파,대파(1kg),채소류,양념,3238
2026-01-09,daepa,대파,대파(1kg),채소류,양념,3238
2026-01-09,daepa,대파,대파(1kg),채소류,양념,3238
2026-01-09,daepa,대파,대파(1kg),채소류,양념,3238
2026-01-09,daepa,대파,대파(1kg),채소류,양념,3238
2026-01-12,daepa,대파,대파(1kg),채소류,양념,3225
2026-01-12,daepa,대파,대파(1kg),채소류,양념,3225
2026-01-12,daepa,대파,대파(1kg),채소류,양념,3225
2026-01-12,daepa,대파,대파(1kg),채소류,양념,3225
2026-01-12,daepa,대파,대파(1kg),채소류,양념,3225
2026-01-12,daepa,대파,대파(1kg),채소류,양념,3225
2026-01-12,daepa,대파,대파(1kg),채소류,양념,3225
2026-01-13,daepa,대파,대파(1kg),채소류,양념,3210
2026-01-13,daepa,대파,대파(1kg),채소류,양념,3210
2026-01-13,daepa,대파,대파(1kg),채소류,양념,3210
2026-01-13,daepa,대파,대파(1kg),채소류,양념,3210
2026-01-13,daepa,대파,대파(1kg),채소류,양념,3210
2026-01-13,daepa,대파,대파(1kg),채소류,양념,3210
2026-01-13,daepa,대파,대파(1kg),채소류,양념,3210
2026-01-14,daepa,대파,대파(1kg),채소류,양념,3233
2026-01-14,daepa,대파,대파(1kg),채소류,양념,3233
2026-01-14,daepa,대파,대파(1kg),채소류,양념,3233
2026-01-14,daepa,대파,대파(1kg),채소류,양념,3233
2026-01-14,daepa,대파,대파(1kg),채소류,양념,3233
2026-01-14,daepa,대파,대파(1kg),채소류,양념,3233
2026-01-14,daepa,대파,대파(1kg),채소류,양념,3233
2026-01-15,daepa,대파,대파(1kg),채소류,양념,3204
2026-01-15,daepa,대파,대파(1kg),채소류,양념,3204
2026-01-15,daepa,대파,대파(1kg),채소류,양념,3204
2026-01-15,daepa,대파,대파(1kg),채소류,양념,3204
2026-01-15,daepa,대파,대파(1kg),채소류,양념,3204
2026-01-15,daepa,대파,대파(1kg),채소류,양념,3204
2026-01-15,daepa,대파,대파(1kg),채소류,양념,3204
2026-01-16,daepa,대파,대파(1kg),채소류,양념,3146
2026-01-16,daepa,대파,대파(1kg),채소류,양념,3146
2026-01-16,daepa,대파,대파(1kg),채소류,양념,3146
2026-01-16,daepa,대파,대파(1kg),채소류,양념,3146
2026-01-16,daepa,대파,대파(1kg),채소류,양념,3146
2026-01-16,daepa,대파,대파(1kg),채소류,양념,3146
2026-01-16,daepa,대파,대파(1kg),채소류,양념,3146
2026-01-19,daepa,대파,대파(1kg),채소류,양념,3135
2026-01-19,daepa,대파,대파(1kg),채소류,양념,3135
2026-01-19,daepa,대파,대파(1kg),채소류,양념,3135
2026-01-19,daepa,대파,대파(1kg),채소류,양념,3135
2026-01-19,daepa,대파,대파(1kg),채소류,양념,3135
2026-01-19,daepa,대파,대파(1kg),채소류,양념,3135
2026-01-19,daepa,대파,대파(1kg),채소류,양념,3135
2026-01-20,daepa,대파,대파(1kg),채소류,양념,3133
2026-01-20,daepa,대파,대파(1kg),채소류,양념,3133
2026-01-20,daepa,대파,대파(1kg),채소류,양념,3133
2026-01-20,daepa,대파,대파(1kg),채소류,양념,3133
2026-01-20,daepa,대파,대파(1kg),채소류,양념,3133
2026-01-20,daepa,대파,대파(1kg),채소류,양념,3133
2026-01-20,daepa,대파,대파(1kg),채소류,양념,3133
2026-01-21,daepa,대파,대파(1kg),채소류,양념,3117
2026-01-21,daepa,대파,대파(1kg),채소류,양념,3117
2026-01-21,daepa,대파,대파(1kg),채소류,양념,3117
2026-01-21,daepa,대파,대파(1kg),채소류,양념,3117
2026-01-21,daepa,대파,대파(1kg),채소류,양념,3117
2026-01-21,daepa,대파,대파(1kg),채소류,양념,3117
2026-01-21,daepa,대파,대파(1kg),채소류,양념,3117
2026-01-22,daepa,대파,대파(1kg),채소류,양념,3133
2026-01-22,daepa,대파,대파(1kg),채소류,양념,3133
2026-01-22,daepa,대파,대파(1kg),채소류,양념,3133
2026-01-22,daepa,대파,대파(1kg),채소류,양념,3133
2026-01-22,daepa,대파,대파(1kg),채소류,양념,3133
2026-01-22,daepa,대파,대파(1kg),채소류,양념,3133
2026-01-22,daepa,대파,대파(1kg),채소류,양념,3133
2026-01-23,daepa,대파,대파(1kg),채소류,양념,3119
2026-01-23,daepa,대파,대파(1kg),채소류,양념,3119
2026-01-23,daepa,대파,대파(1kg),채소류,양념,3119
2026-01-23,daepa,대파,대파(1kg),채소류,양념,3119
2026-01-23,daepa,대파,대파(1kg),채소류,양념,3119
2026-01-23,daepa,대파,대파(1kg),채소류,양념,3119
2026-01-23,daepa,대파,대파(1kg),채소류,양념,3119
2026-01-26,daepa,대파,대파(1kg),채소류,양념,3119
2026-01-26,daepa,대파,대파(1kg),채소류,양념,3119
2026-01-26,daepa,대파,대파(1kg),채소류,양념,3119
2026-01-26,daepa,대파,대파(1kg),채소류,양념,3119
2026-01-26,daepa,대파,대파(1kg),채소류,양념,3119
2026-01-26,daepa,대파,대파(1kg),채소류,양념,3119
2026-01-26,daepa,대파,대파(1kg),채소류,양념,3119
2026-01-27,daepa,대파,대파(1kg),채소류,양념,3104
2026-01-27,daepa,대파,대파(1kg),채소류,양념,3104
2026-01-27,daepa,대파,대파(1kg),채소류,양념,3104
2026-01-27,daepa,대파,대파(1kg),채소류,양념,3104
2026-01-27,daepa,대파,대파(1kg),채소류,양념,3104
2026-01-27,daepa,대파,대파(1kg),채소류,양념,3104
2026-01-27,daepa,대파,대파(1kg),채소류,양념,3104
2026-01-28,daepa,대파,대파(1kg),채소류,양념,3087
2026-01-28,daepa,대파,대파(1kg),채소류,양념,3087
2026-01-28,daepa,대파,대파(1kg),채소류,양념,3087
2026-01-28,daepa,대파,대파(1kg),채소류,양념,3087
2026-01-28,daepa,대파,대파(1kg),채소류,양념,3087
2026-01-28,daepa,대파,대파(1kg),채소류,양념,3087
2026-01-28,daepa,대파,대파(1kg),채소류,양념,3087
2026-01-29,daepa,대파,대파(1kg),채소류,양념,2929
2026-01-29,daepa,대파,대파(1kg),채소류,양념,2929
2026-01-29,daepa,대파,대파(1kg),채소류,양념,2929
2026-01-29,daepa,대파,대파(1kg),채소류,양념,2929
2026-01-29,daepa,대파,대파(1kg),채소류,양념,2929
2026-01-29,daepa,대파,대파(1kg),채소류,양념,2929
2026-01-29,daepa,대파,대파(1kg),채소류,양념,2929
2026-01-30,daepa,대파,대파(1kg),채소류,양념,2894
2026-01-30,daepa,대파,대파(1kg),채소류,양념,2894
2026-01-30,daepa,대파,대파(1kg),채소류,양념,2894
2026-01-30,daepa,대파,대파(1kg),채소류,양념,2894
2026-01-30,daepa,대파,대파(1kg),채소류,양념,2894
2026-01-30,daepa,대파,대파(1kg),채소류,양념,2894
2026-01-30,daepa,대파,대파(1kg),채소류,양념,2894
2026-02-02,daepa,대파,대파(1kg),채소류,양념,2905
2026-02-02,daepa,대파,대파(1kg),채소류,양념,2905
2026-02-02,daepa,대파,대파(1kg),채소류,양념,2905
2026-02-02,daepa,대파,대파(1kg),채소류,양념,2905
2026-02-02,daepa,대파,대파(1kg),채소류,양념,2905
2026-02-02,daepa,대파,대파(1kg),채소류,양념,2905
2026-02-02,daepa,대파,대파(1kg),채소류,양념,2905
2026-02-03,daepa,대파,대파(1kg),채소류,양념,2929
2026-02-03,daepa,대파,대파(1kg),채소류,양념,2929
2026-02-03,daepa,대파,대파(1kg),채소류,양념,2929
2026-02-03,daepa,대파,대파(1kg),채소류,양념,2929
2026-02-03,daepa,대파,대파(1kg),채소류,양념,2929
2026-02-03,daepa,대파,대파(1kg),채소류,양념,2929
2026-02-03,daepa,대파,대파(1kg),채소류,양념,2929
2026-02-04,daepa,대파,대파(1kg),채소류,양념,2909
2026-02-04,daepa,대파,대파(1kg),채소류,양념,2909
2026-02-04,daepa,대파,대파(1kg),채소류,양념,2909
2026-02-04,daepa,대파,대파(1kg),채소류,양념,2909
2026-02-04,daepa,대파,대파(1kg),채소류,양념,2909
2026-02-04,daepa,대파,대파(1kg),채소류,양념,2909
2026-02-04,daepa,대파,대파(1kg),채소류,양념,2909
2026-02-05,daepa,대파,대파(1kg),채소류,양념,2942
2026-02-05,daepa,대파,대파(1kg),채소류,양념,2942
2026-02-05,daepa,대파,대파(1kg),채소류,양념,2942
2026-02-05,daepa,대파,대파(1kg),채소류,양념,2942
2026-02-05,daepa,대파,대파(1kg),채소류,양념,2942
2026-02-05,daepa,대파,대파(1kg),채소류,양념,2942
2026-02-05,daepa,대파,대파(1kg),채소류,양념,2942
2026-02-06,daepa,대파,대파(1kg),채소류,양념,2948
2026-02-06,daepa,대파,대파(1kg),채소류,양념,2948
2026-02-06,daepa,대파,대파(1kg),채소류,양념,2948
2026-02-06,daepa,대파,대파(1kg),채소류,양념,2948
2026-02-06,daepa,대파,대파(1kg),채소류,양념,2948
2026-02-06,daepa,대파,대파(1kg),채소류,양념,2948
2026-02-06,daepa,대파,대파(1kg),채소류,양념,2948
2026-02-09,daepa,대파,대파(1kg),채소류,양념,2975
2026-02-09,daepa,대파,대파(1kg),채소류,양념,2975
2026-02-09,daepa,대파,대파(1kg),채소류,양념,2975
2026-02-09,daepa,대파,대파(1kg),채소류,양념,2975
2026-02-09,daepa,대파,대파(1kg),채소류,양념,2975
2026-02-09,daepa,대파,대파(1kg),채소류,양념,2975
2026-02-09,daepa,대파,대파(1kg),채소류,양념,2975
2026-02-10,daepa,대파,대파(1kg),채소류,양념,3004
2026-02-10,daepa,대파,대파(1kg),채소류,양념,3004
2026-02-10,daepa,대파,대파(1kg),채소류,양념,3004
2026-02-10,daepa,대파,대파(1kg),채소류,양념,3004
2026-02-10,daepa,대파,대파(1kg),채소류,양념,3004
2026-02-10,daepa,대파,대파(1kg),채소류,양념,3004
2026-02-10,daepa,대파,대파(1kg),채소류,양념,3004
2026-02-11,daepa,대파,대파(1kg),채소류,양념,2999
2026-02-11,daepa,대파,대파(1kg),채소류,양념,2999
2026-02-11,daepa,대파,대파(1kg),채소류,양념,2999
2026-02-11,daepa,대파,대파(1kg),채소류,양념,2999
2026-02-11,daepa,대파,대파(1kg),채소류,양념,2999
2026-02-11,daepa,대파,대파(1kg),채소류,양념,2999
2026-02-11,daepa,대파,대파(1kg),채소류,양념,2999
2026-02-12,daepa,대파,대파(1kg),채소류,양념,3384
2026-02-12,daepa,대파,대파(1kg),채소류,양념,3384
2026-02-12,daepa,대파,대파(1kg),채소류,양념,3384
2026-02-12,daepa,대파,대파(1kg),채소류,양념,3384
2026-02-12,daepa,대파,대파(1kg),채소류,양념,3384
2026-02-12,daepa,대파,대파(1kg),채소류,양념,3384
2026-02-12,daepa,대파,대파(1kg),채소류,양념,3384
2026-02-13,daepa,대파,대파(1kg),채소류,양념,3363
2026-02-13,daepa,대파,대파(1kg),채소류,양념,3363
2026-02-13,daepa,대파,대파(1kg),채소류,양념,3363
2026-02-13,daepa,대파,대파(1kg),채소류,양념,3363
2026-02-13,daepa,대파,대파(1kg),채소류,양념,3363
2026-02-13,daepa,대파,대파(1kg),채소류,양념,3363
2026-02-13,daepa,대파,대파(1kg),채소류,양념,3363
2026-02-19,daepa,대파,대파(1kg),채소류,양념,3357
2026-02-19,daepa,대파,대파(1kg),채소류,양념,3357
2026-02-19,daepa,대파,대파(1kg),채소류,양념,3357
2026-02-19,daepa,대파,대파(1kg),채소류,양념,3357
2026-02-19,daepa,대파,대파(1kg),채소류,양념,3357
2026-02-19,daepa,대파,대파(1kg),채소류,양념,3357
2026-02-19,daepa,대파,대파(1kg),채소류,양념,3357
2026-02-20,daepa,대파,대파(1kg),채소류,양념,3289
2026-02-20,daepa,대파,대파(1kg),채소류,양념,3289
2026-02-20,daepa,대파,대파(1kg),채소류,양념,3289
2026-02-20,daepa,대파,대파(1kg),채소류,양념,3289
2026-02-20,daepa,대파,대파(1kg),채소류,양념,3289
2026-02-20,daepa,대파,대파(1kg),채소류,양념,3289
2026-02-20,daepa,대파,대파(1kg),채소류,양념,3289
2026-02-23,daepa,대파,대파(1kg),채소류,양념,3356
2026-02-23,daepa,대파,대파(1kg),채소류,양념,3356
2026-02-23,daepa,대파,대파(1kg),채소류,양념,3356
2026-02-23,daepa,대파,대파(1kg),채소류,양념,3356
2026-02-23,daepa,대파,대파(1kg),채소류,양념,3356
2026-02-23,daepa,대파,대파(1kg),채소류,양념,3356
2026-02-23,daepa,대파,대파(1kg),채소류,양념,3356
2026-02-24,daepa,대파,대파(1kg),채소류,양념,3366
2026-02-24,daepa,대파,대파(1kg),채소류,양념,3366
2026-02-24,daepa,대파,대파(1kg),채소류,양념,3366
2026-02-24,daepa,대파,대파(1kg),채소류,양념,3366
2026-02-24,daepa,대파,대파(1kg),채소류,양념,3366
2026-02-24,daepa,대파,대파(1kg),채소류,양념,3366
2026-02-24,daepa,대파,대파(1kg),채소류,양념,3366
2026-02-25,daepa,대파,대파(1kg),채소류,양념,3395
2026-02-25,daepa,대파,대파(1kg),채소류,양념,3395
2026-02-25,daepa,대파,대파(1kg),채소류,양념,3395
2026-02-25,daepa,대파,대파(1kg),채소류,양념,3395
2026-02-25,daepa,대파,대파(1kg),채소류,양념,3395
2026-02-25,daepa,대파,대파(1kg),채소류,양념,3395
2026-02-25,daepa,대파,대파(1kg),채소류,양념,3395
2026-02-26,daepa,대파,대파(1kg),채소류,양념,3065
2026-02-26,daepa,대파,대파(1kg),채소류,양념,3065
2026-02-26,daepa,대파,대파(1kg),채소류,양념,3065
2026-02-26,daepa,대파,대파(1kg),채소류,양념,3065
2026-02-26,daepa,대파,대파(1kg),채소류,양념,3065
2026-02-26,daepa,대파,대파(1kg),채소류,양념,3065
2026-02-26,daepa,대파,대파(1kg),채소류,양념,3065
2026-02-27,daepa,대파,대파(1kg),채소류,양념,3041
2026-02-27,daepa,대파,대파(1kg),채소류,양념,3041
2026-02-27,daepa,대파,대파(1kg),채소류,양념,3041
2026-02-27,daepa,대파,대파(1kg),채소류,양념,3041
2026-02-27,daepa,대파,대파(1kg),채소류,양념,3041
2026-02-27,daepa,대파,대파(1kg),채소류,양념,3041
2026-02-27,daepa,대파,대파(1kg),채소류,양념,3041
2026-03-03,daepa,대파,대파(1kg),채소류,양념,3254
2026-03-03,daepa,대파,대파(1kg),채소류,양념,3254
2026-03-03,daepa,대파,대파(1kg),채소류,양념,3254
2026-03-03,daepa,대파,대파(1kg),채소류,양념,3254
2026-03-03,daepa,대파,대파(1kg),채소류,양념,3254
2026-03-03,daepa,대파,대파(1kg),채소류,양념,3254
2026-03-03,daepa,대파,대파(1kg),채소류,양념,3254
2026-03-04,daepa,대파,대파(1kg),채소류,양념,3209
2026-03-04,daepa,대파,대파(1kg),채소류,양념,3209
2026-03-04,daepa,대파,대파(1kg),채소류,양념,3209
2026-03-04,daepa,대파,대파(1kg),채소류,양념,3209
2026-03-04,daepa,대파,대파(1kg),채소류,양념,3209
2026-03-04,daepa,대파,대파(1kg),채소류,양념,3209
2026-03-04,daepa,대파,대파(1kg),채소류,양념,3209
2026-03-05,daepa,대파,대파(1kg),채소류,양념,3264
2026-03-05,daepa,대파,대파(1kg),채소류,양념,3264
2026-03-05,daepa,대파,대파(1kg),채소류,양념,3264
2026-03-05,daepa,대파,대파(1kg),채소류,양념,3264
2026-03-05,daepa,대파,대파(1kg),채소류,양념,3264
2026-03-05,daepa,대파,대파(1kg),채소류,양념,3264
2026-03-05,daepa,대파,대파(1kg),채소류,양념,3264
2026-03-06,daepa,대파,대파(1kg),채소류,양념,3272
2026-03-06,daepa,대파,대파(1kg),채소류,양념,3272
2026-03-06,daepa,대파,대파(1kg),채소류,양념,3272
2026-03-06,daepa,대파,대파(1kg),채소류,양념,3272
2026-03-06,daepa,대파,대파(1kg),채소류,양념,3272
2026-03-06,daepa,대파,대파(1kg),채소류,양념,3272
2026-03-06,daepa,대파,대파(1kg),채소류,양념,3272
2026-03-09,daepa,대파,대파(1kg),채소류,양념,3272
2026-03-09,daepa,대파,대파(1kg),채소류,양념,3272
2026-03-09,daepa,대파,대파(1kg),채소류,양념,3272
2026-03-09,daepa,대파,대파(1kg),채소류,양념,3272
2026-03-09,daepa,대파,대파(1kg),채소류,양념,3272
2026-03-09,daepa,대파,대파(1kg),채소류,양념,3272
2026-03-09,daepa,대파,대파(1kg),채소류,양념,3272
2026-03-10,daepa,대파,대파(1kg),채소류,양념,3256
2026-03-10,daepa,대파,대파(1kg),채소류,양념,3256
2026-03-10,daepa,대파,대파(1kg),채소류,양념,3256
2026-03-10,daepa,대파,대파(1kg),채소류,양념,3256
2026-03-10,daepa,대파,대파(1kg),채소류,양념,3256
2026-03-10,daepa,대파,대파(1kg),채소류,양념,3256
2026-03-10,daepa,대파,대파(1kg),채소류,양념,3256
2026-03-11,daepa,대파,대파(1kg),채소류,양념,3278
2026-03-11,daepa,대파,대파(1kg),채소류,양념,3278
2026-03-11,daepa,대파,대파(1kg),채소류,양념,3278
2026-03-11,daepa,대파,대파(1kg),채소류,양념,3278
2026-03-11,daepa,대파,대파(1kg),채소류,양념,3278
2026-03-11,daepa,대파,대파(1kg),채소류,양념,3278
2026-03-11,daepa,대파,대파(1kg),채소류,양념,3278
2026-03-12,daepa,대파,대파(1kg),채소류,양념,3342
2026-03-12,daepa,대파,대파(1kg),채소류,양념,3342
2026-03-12,daepa,대파,대파(1kg),채소류,양념,3342
2026-03-12,daepa,대파,대파(1kg),채소류,양념,3342
2026-03-12,daepa,대파,대파(1kg),채소류,양념,3342
2026-03-12,daepa,대파,대파(1kg),채소류,양념,3342
2026-03-12,daepa,대파,대파(1kg),채소류,양념,3342
2026-03-13,daepa,대파,대파(1kg),채소류,양념,3316
2026-03-13,daepa,대파,대파(1kg),채소류,양념,3316
2026-03-13,daepa,대파,대파(1kg),채소류,양념,3316
2026-03-13,daepa,대파,대파(1kg),채소류,양념,3316
2026-03-13,daepa,대파,대파(1kg),채소류,양념,3316
2026-03-13,daepa,대파,대파(1kg),채소류,양념,3316
2026-03-13,daepa,대파,대파(1kg),채소류,양념,3316
2026-03-16,daepa,대파,대파(1kg),채소류,양념,3329
2026-03-16,daepa,대파,대파(1kg),채소류,양념,3329
2026-03-16,daepa,대파,대파(1kg),채소류,양념,3329
2026-03-16,daepa,대파,대파(1kg),채소류,양념,3329
2026-03-16,daepa,대파,대파(1kg),채소류,양념,3329
2026-03-16,daepa,대파,대파(1kg),채소류,양념,3329
2026-03-16,daepa,대파,대파(1kg),채소류,양념,3329
2026-03-17,daepa,대파,대파(1kg),채소류,양념,3265
2026-03-17,daepa,대파,대파(1kg),채소류,양념,3265
2026-03-17,daepa,대파,대파(1kg),채소류,양념,3265
2026-03-17,daepa,대파,대파(1kg),채소류,양념,3265
2026-03-17,daepa,대파,대파(1kg),채소류,양념,3265
2026-03-17,daepa,대파,대파(1kg),채소류,양념,3265
2026-03-17,daepa,대파,대파(1kg),채소류,양념,3265
2026-03-18,daepa,대파,대파(1kg),채소류,양념,3281
2026-03-18,daepa,대파,대파(1kg),채소류,양념,3281
2026-03-18,daepa,대파,대파(1kg),채소류,양념,3281
2026-03-18,daepa,대파,대파(1kg),채소류,양념,3281
2026-03-18,daepa,대파,대파(1kg),채소류,양념,3281
2026-03-18,daepa,대파,대파(1kg),채소류,양념,3281
2026-03-18,daepa,대파,대파(1kg),채소류,양념,3281
2026-03-19,daepa,대파,대파(1kg),채소류,양념,3159
2026-03-19,daepa,대파,대파(1kg),채소류,양념,3159
2026-03-19,daepa,대파,대파(1kg),채소류,양념,3159
2026-03-19,daepa,대파,대파(1kg),채소류,양념,3159
2026-03-19,daepa,대파,대파(1kg),채소류,양념,3159
2026-03-19,daepa,대파,대파(1kg),채소류,양념,3159
2026-03-19,daepa,대파,대파(1kg),채소류,양념,3159
2026-03-20,daepa,대파,대파(1kg),채소류,양념,3155
2026-03-20,daepa,대파,대파(1kg),채소류,양념,3155
2026-03-20,daepa,대파,대파(1kg),채소류,양념,3155
2026-03-20,daepa,대파,대파(1kg),채소류,양념,3155
2026-03-20,daepa,대파,대파(1kg),채소류,양념,3155
2026-03-20,daepa,대파,대파(1kg),채소류,양념,3155
2026-03-20,daepa,대파,대파(1kg),채소류,양념,3155
2026-03-23,daepa,대파,대파(1kg),채소류,양념,3123
2026-03-23,daepa,대파,대파(1kg),채소류,양념,3123
2026-03-23,daepa,대파,대파(1kg),채소류,양념,3123
2026-03-23,daepa,대파,대파(1kg),채소류,양념,3123
2026-03-23,daepa,대파,대파(1kg),채소류,양념,3123
2026-03-23,daepa,대파,대파(1kg),채소류,양념,3123
2026-03-23,daepa,대파,대파(1kg),채소류,양념,3123
2026-03-24,daepa,대파,대파(1kg),채소류,양념,3103
2026-03-24,daepa,대파,대파(1kg),채소류,양념,3103
2026-03-24,daepa,대파,대파(1kg),채소류,양념,3103
2026-03-24,daepa,대파,대파(1kg),채소류,양념,3103
2026-03-24,daepa,대파,대파(1kg),채소류,양념,3103
2026-03-24,daepa,대파,대파(1kg),채소류,양념,3103
2026-03-24,daepa,대파,대파(1kg),채소류,양념,3103
2026-03-25,daepa,대파,대파(1kg),채소류,양념,3087
2026-03-25,daepa,대파,대파(1kg),채소류,양념,3087
2026-03-25,daepa,대파,대파(1kg),채소류,양념,3087
2026-03-25,daepa,대파,대파(1kg),채소류,양념,3087
2026-03-25,daepa,대파,대파(1kg),채소류,양념,3087
2026-03-25,daepa,대파,대파(1kg),채소류,양념,3087
2026-03-25,daepa,대파,대파(1kg),채소류,양념,3087
2026-03-26,daepa,대파,대파(1kg),채소류,양념,2784
2026-03-26,daepa,대파,대파(1kg),채소류,양념,2784
2026-03-26,daepa,대파,대파(1kg),채소류,양념,2784
2026-03-26,daepa,대파,대파(1kg),채소류,양념,2784
2026-03-26,daepa,대파,대파(1kg),채소류,양념,2784
2026-03-26,daepa,대파,대파(1kg),채소류,양념,2784
2026-03-26,daepa,대파,대파(1kg),채소류,양념,2784
2026-03-27,daepa,대파,대파(1kg),채소류,양념,2723
2026-03-27,daepa,대파,대파(1kg),채소류,양념,2723
2026-03-27,daepa,대파,대파(1kg),채소류,양념,2723
2026-03-27,daepa,대파,대파(1kg),채소류,양념,2723
2026-03-27,daepa,대파,대파(1kg),채소류,양념,2723
2026-03-27,daepa,대파,대파(1kg),채소류,양념,2723
2026-03-27,daepa,대파,대파(1kg),채소류,양념,2723
2026-03-30,daepa,대파,대파(1kg),채소류,양념,2753
2026-03-30,daepa,대파,대파(1kg),채소류,양념,2753
2026-03-30,daepa,대파,대파(1kg),채소류,양념,2753
2026-03-30,daepa,대파,대파(1kg),채소류,양념,2753
2026-03-30,daepa,대파,대파(1kg),채소류,양념,2753
2026-03-30,daepa,대파,대파(1kg),채소류,양념,2753
2026-03-30,daepa,대파,대파(1kg),채소류,양념,2753
2026-03-31,daepa,대파,대파(1kg),채소류,양념,2744
2026-03-31,daepa,대파,대파(1kg),채소류,양념,2744
2026-03-31,daepa,대파,대파(1kg),채소류,양념,2744
2026-03-31,daepa,대파,대파(1kg),채소류,양념,2744
2026-03-31,daepa,대파,대파(1kg),채소류,양념,2744
2026-03-31,daepa,대파,대파(1kg),채소류,양념,2744
2026-03-31,daepa,대파,대파(1kg),채소류,양념,2744
2026-04-01,daepa,대파,대파(1kg),채소류,양념,2637
2026-04-01,daepa,대파,대파(1kg),채소류,양념,2637
2026-04-01,daepa,대파,대파(1kg),채소류,양념,2637
2026-04-01,daepa,대파,대파(1kg),채소류,양념,2637
2026-04-01,daepa,대파,대파(1kg),채소류,양념,2637
2026-04-01,daepa,대파,대파(1kg),채소류,양념,2637
2026-04-01,daepa,대파,대파(1kg),채소류,양념,2637
2026-04-02,daepa,대파,대파(1kg),채소류,양념,2694
2026-04-02,daepa,대파,대파(1kg),채소류,양념,2694
2026-04-02,daepa,대파,대파(1kg),채소류,양념,2694
2026-04-02,daepa,대파,대파(1kg),채소류,양념,2694
2026-04-02,daepa,대파,대파(1kg),채소류,양념,2694
2026-04-02,daepa,대파,대파(1kg),채소류,양념,2694
2026-04-02,daepa,대파,대파(1kg),채소류,양념,2694
2026-04-03,daepa,대파,대파(1kg),채소류,양념,2732
2026-04-03,daepa,대파,대파(1kg),채소류,양념,2732
2026-04-03,daepa,대파,대파(1kg),채소류,양념,2732
2026-04-03,daepa,대파,대파(1kg),채소류,양념,2732
2026-04-03,daepa,대파,대파(1kg),채소류,양념,2732
2026-04-03,daepa,대파,대파(1kg),채소류,양념,2732
2026-04-03,daepa,대파,대파(1kg),채소류,양념,2732
2026-04-06,daepa,대파,대파(1kg),채소류,양념,2739
2026-04-06,daepa,대파,대파(1kg),채소류,양념,2739
2026-04-06,daepa,대파,대파(1kg),채소류,양념,2739
2026-04-06,daepa,대파,대파(1kg),채소류,양념,2739
2026-04-06,daepa,대파,대파(1kg),채소류,양념,2739
2026-04-06,daepa,대파,대파(1kg),채소류,양념,2739
2026-04-06,daepa,대파,대파(1kg),채소류,양념,2739
2026-04-07,daepa,대파,대파(1kg),채소류,양념,2732
2026-04-07,daepa,대파,대파(1kg),채소류,양념,2732
2026-04-07,daepa,대파,대파(1kg),채소류,양념,2732
2026-04-07,daepa,대파,대파(1kg),채소류,양념,2732
2026-04-07,daepa,대파,대파(1kg),채소류,양념,2732
2026-04-07,daepa,대파,대파(1kg),채소류,양념,2732
2026-04-07,daepa,대파,대파(1kg),채소류,양념,2732
2026-04-08,daepa,대파,대파(1kg),채소류,양념,2726
2026-04-08,daepa,대파,대파(1kg),채소류,양념,2726
2026-04-08,daepa,대파,대파(1kg),채소류,양념,2726
2026-04-08,daepa,대파,대파(1kg),채소류,양념,2726
2026-04-08,daepa,대파,대파(1kg),채소류,양념,2726
2026-04-08,daepa,대파,대파(1kg),채소류,양념,2726
2026-04-08,daepa,대파,대파(1kg),채소류,양념,2726
2026-04-09,daepa,대파,대파(1kg),채소류,양념,2694
2026-04-09,daepa,대파,대파(1kg),채소류,양념,2694
2026-04-09,daepa,대파,대파(1kg),채소류,양념,2694
2026-04-09,daepa,대파,대파(1kg),채소류,양념,2694
2026-04-09,daepa,대파,대파(1kg),채소류,양념,2694
2026-04-09,daepa,대파,대파(1kg),채소류,양념,2694
2026-04-09,daepa,대파,대파(1kg),채소류,양념,2694
2026-04-10,daepa,대파,대파(1kg),채소류,양념,2669
2026-04-10,daepa,대파,대파(1kg),채소류,양념,2669
2026-04-10,daepa,대파,대파(1kg),채소류,양념,2669
2026-04-10,daepa,대파,대파(1kg),채소류,양념,2669
2026-04-10,daepa,대파,대파(1kg),채소류,양념,2669
2026-04-10,daepa,대파,대파(1kg),채소류,양념,2669
2026-04-10,daepa,대파,대파(1kg),채소류,양념,2669
2026-04-13,daepa,대파,대파(1kg),채소류,양념,2690
2026-04-13,daepa,대파,대파(1kg),채소류,양념,2690
2026-04-13,daepa,대파,대파(1kg),채소류,양념,2690
2026-04-13,daepa,대파,대파(1kg),채소류,양념,2690
2026-04-13,daepa,대파,대파(1kg),채소류,양념,2690
2026-04-13,daepa,대파,대파(1kg),채소류,양념,2690
2026-04-13,daepa,대파,대파(1kg),채소류,양념,2690
2026-04-14,daepa,대파,대파(1kg),채소류,양념,2699
2026-04-14,daepa,대파,대파(1kg),채소류,양념,2699
2026-04-14,daepa,대파,대파(1kg),채소류,양념,2699
2026-04-14,daepa,대파,대파(1kg),채소류,양념,2699
2026-04-14,daepa,대파,대파(1kg),채소류,양념,2699
2026-04-14,daepa,대파,대파(1kg),채소류,양념,2699
2026-04-14,daepa,대파,대파(1kg),채소류,양념,2699
2026-04-15,daepa,대파,대파(1kg),채소류,양념,2674
2026-04-15,daepa,대파,대파(1kg),채소류,양념,2674
2026-04-15,daepa,대파,대파(1kg),채소류,양념,2674
2026-04-15,daepa,대파,대파(1kg),채소류,양념,2674
2026-04-15,daepa,대파,대파(1kg),채소류,양념,2674
2026-04-15,daepa,대파,대파(1kg),채소류,양념,2674
2026-04-15,daepa,대파,대파(1kg),채소류,양념,2674
2026-04-16,daepa,대파,대파(1kg),채소류,양념,2496
2026-04-16,daepa,대파,대파(1kg),채소류,양념,2496
2026-04-16,daepa,대파,대파(1kg),채소류,양념,2496
2026-04-16,daepa,대파,대파(1kg),채소류,양념,2496
2026-04-16,daepa,대파,대파(1kg),채소류,양념,2496
2026-04-16,daepa,대파,대파(1kg),채소류,양념,2496
2026-04-16,daepa,대파,대파(1kg),채소류,양념,2496
2026-04-17,daepa,대파,대파(1kg),채소류,양념,2511
2026-04-17,daepa,대파,대파(1kg),채소류,양념,2511
2026-04-17,daepa,대파,대파(1kg),채소류,양념,2511
2026-04-17,daepa,대파,대파(1kg),채소류,양념,2511
2026-04-17,daepa,대파,대파(1kg),채소류,양념,2511
2026-04-17,daepa,대파,대파(1kg),채소류,양념,2511
2026-04-17,daepa,대파,대파(1kg),채소류,양념,2511
2026-04-20,daepa,대파,대파(1kg),채소류,양념,2591
2026-04-20,daepa,대파,대파(1kg),채소류,양념,2591
2026-04-20,daepa,대파,대파(1kg),채소류,양념,2591
2026-04-20,daepa,대파,대파(1kg),채소류,양념,2591
2026-04-20,daepa,대파,대파(1kg),채소류,양념,2591
2026-04-20,daepa,대파,대파(1kg),채소류,양념,2591
2026-04-20,daepa,대파,대파(1kg),채소류,양념,2591
2026-04-21,daepa,대파,대파(1kg),채소류,양념,2586
2026-04-21,daepa,대파,대파(1kg),채소류,양념,2586
2026-04-21,daepa,대파,대파(1kg),채소류,양념,2586
2026-04-21,daepa,대파,대파(1kg),채소류,양념,2586
2026-04-21,daepa,대파,대파(1kg),채소류,양념,2586
2026-04-21,daepa,대파,대파(1kg),채소류,양념,2586
2026-04-21,daepa,대파,대파(1kg),채소류,양념,2586
2026-04-22,daepa,대파,대파(1kg),채소류,양념,2566
2026-04-22,daepa,대파,대파(1kg),채소류,양념,2566
2026-04-22,daepa,대파,대파(1kg),채소류,양념,2566
2026-04-22,daepa,대파,대파(1kg),채소류,양념,2566
2026-04-22,daepa,대파,대파(1kg),채소류,양념,2566
2026-04-22,daepa,대파,대파(1kg),채소류,양념,2566
2026-04-22,daepa,대파,대파(1kg),채소류,양념,2566
2026-04-23,daepa,대파,대파(1kg),채소류,양념,2372
2026-04-23,daepa,대파,대파(1kg),채소류,양념,2372
2026-04-23,daepa,대파,대파(1kg),채소류,양념,2372
2026-04-23,daepa,대파,대파(1kg),채소류,양념,2372
2026-04-23,daepa,대파,대파(1kg),채소류,양념,2372
2026-04-23,daepa,대파,대파(1kg),채소류,양념,2372
2026-04-23,daepa,대파,대파(1kg),채소류,양념,2372
2026-04-24,daepa,대파,대파(1kg),채소류,양념,2303
2026-04-24,daepa,대파,대파(1kg),채소류,양념,2303
2026-04-24,daepa,대파,대파(1kg),채소류,양념,2303
2026-04-24,daepa,대파,대파(1kg),채소류,양념,2303
2026-04-24,daepa,대파,대파(1kg),채소류,양념,2303
2026-04-24,daepa,대파,대파(1kg),채소류,양념,2303
2026-04-24,daepa,대파,대파(1kg),채소류,양념,2303
2026-04-27,daepa,대파,대파(1kg),채소류,양념,2327
2026-04-27,daepa,대파,대파(1kg),채소류,양념,2327
2026-04-27,daepa,대파,대파(1kg),채소류,양념,2327
2026-04-27,daepa,대파,대파(1kg),채소류,양념,2327
2026-04-27,daepa,대파,대파(1kg),채소류,양념,2327
2026-04-27,daepa,대파,대파(1kg),채소류,양념,2327
2026-04-27,daepa,대파,대파(1kg),채소류,양념,2327
2026-04-28,daepa,대파,대파(1kg),채소류,양념,2330
2026-04-28,daepa,대파,대파(1kg),채소류,양념,2330
2026-04-28,daepa,대파,대파(1kg),채소류,양념,2330
2026-04-28,daepa,대파,대파(1kg),채소류,양념,2330
2026-04-28,daepa,대파,대파(1kg),채소류,양념,2330
2026-04-28,daepa,대파,대파(1kg),채소류,양념,2330
2026-04-28,daepa,대파,대파(1kg),채소류,양념,2330
2026-04-29,daepa,대파,대파(1kg),채소류,양념,2358
2026-04-29,daepa,대파,대파(1kg),채소류,양념,2358
2026-04-29,daepa,대파,대파(1kg),채소류,양념,2358
2026-04-29,daepa,대파,대파(1kg),채소류,양념,2358
2026-04-29,daepa,대파,대파(1kg),채소류,양념,2358
2026-04-29,daepa,대파,대파(1kg),채소류,양념,2358
2026-04-29,daepa,대파,대파(1kg),채소류,양념,2358
2026-04-30,daepa,대파,대파(1kg),채소류,양념,2434
2026-04-30,daepa,대파,대파(1kg),채소류,양념,2434
2026-04-30,daepa,대파,대파(1kg),채소류,양념,2434
2026-04-30,daepa,대파,대파(1kg),채소류,양념,2434
2026-04-30,daepa,대파,대파(1kg),채소류,양념,2434
2026-04-30,daepa,대파,대파(1kg),채소류,양념,2434
2026-04-30,daepa,대파,대파(1kg),채소류,양념,2434
2026-05-04,daepa,대파,대파(1kg),채소류,양념,2385
2026-05-04,daepa,대파,대파(1kg),채소류,양념,2385
2026-05-04,daepa,대파,대파(1kg),채소류,양념,2385
2026-05-04,daepa,대파,대파(1kg),채소류,양념,2385
2026-05-04,daepa,대파,대파(1kg),채소류,양념,2385
2026-05-04,daepa,대파,대파(1kg),채소류,양념,2385
2026-05-04,daepa,대파,대파(1kg),채소류,양념,2385
2026-05-06,daepa,대파,대파(1kg),채소류,양념,2386
2026-05-06,daepa,대파,대파(1kg),채소류,양념,2386
2026-05-06,daepa,대파,대파(1kg),채소류,양념,2386
2026-05-06,daepa,대파,대파(1kg),채소류,양념,2386
2026-05-06,daepa,대파,대파(1kg),채소류,양념,2386
2026-05-06,daepa,대파,대파(1kg),채소류,양념,2386
2026-05-06,daepa,대파,대파(1kg),채소류,양념,2386
2026-05-07,daepa,대파,대파(1kg),채소류,양념,2611
2026-05-07,daepa,대파,대파(1kg),채소류,양념,2611
2026-05-07,daepa,대파,대파(1kg),채소류,양념,2611
2026-05-07,daepa,대파,대파(1kg),채소류,양념,2611
2026-05-07,daepa,대파,대파(1kg),채소류,양념,2611
2026-05-07,daepa,대파,대파(1kg),채소류,양념,2611
2026-05-07,daepa,대파,대파(1kg),채소류,양념,2611
2026-05-08,daepa,대파,대파(1kg),채소류,양념,2669
2026-05-08,daepa,대파,대파(1kg),채소류,양념,2669
2026-05-08,daepa,대파,대파(1kg),채소류,양념,2669
2026-05-08,daepa,대파,대파(1kg),채소류,양념,2669
2026-05-08,daepa,대파,대파(1kg),채소류,양념,2669
2026-05-08,daepa,대파,대파(1kg),채소류,양념,2669
2026-05-08,daepa,대파,대파(1kg),채소류,양념,2669
2026-05-11,daepa,대파,대파(1kg),채소류,양념,2567
2026-05-11,daepa,대파,대파(1kg),채소류,양념,2567
2026-05-11,daepa,대파,대파(1kg),채소류,양념,2567
2026-05-11,daepa,대파,대파(1kg),채소류,양념,2567
2026-05-11,daepa,대파,대파(1kg),채소류,양념,2567
2026-05-11,daepa,대파,대파(1kg),채소류,양념,2567
2026-05-11,daepa,대파,대파(1kg),채소류,양념,2567
2026-05-12,daepa,대파,대파(1kg),채소류,양념,2573
2026-05-12,daepa,대파,대파(1kg),채소류,양념,2573
2026-05-12,daepa,대파,대파(1kg),채소류,양념,2573
2026-05-12,daepa,대파,대파(1kg),채소류,양념,2573
2026-05-12,daepa,대파,대파(1kg),채소류,양념,2573
2026-05-12,daepa,대파,대파(1kg),채소류,양념,2573
2026-05-12,daepa,대파,대파(1kg),채소류,양념,2573
2026-05-13,daepa,대파,대파(1kg),채소류,양념,2600
2026-05-13,daepa,대파,대파(1kg),채소류,양념,2600
2026-05-13,daepa,대파,대파(1kg),채소류,양념,2600
2026-05-13,daepa,대파,대파(1kg),채소류,양념,2600
2026-05-13,daepa,대파,대파(1kg),채소류,양념,2600
2026-05-13,daepa,대파,대파(1kg),채소류,양념,2600
2026-05-13,daepa,대파,대파(1kg),채소류,양념,2600
2026-05-14,daepa,대파,대파(1kg),채소류,양념,2629
2026-05-14,daepa,대파,대파(1kg),채소류,양념,2629
2026-05-14,daepa,대파,대파(1kg),채소류,양념,2629
2026-05-14,daepa,대파,대파(1kg),채소류,양념,2629
2026-05-14,daepa,대파,대파(1kg),채소류,양념,2629
2026-05-14,daepa,대파,대파(1kg),채소류,양념,2629
2026-05-14,daepa,대파,대파(1kg),채소류,양념,2629
2026-05-15,daepa,대파,대파(1kg),채소류,양념,2655
2026-05-15,daepa,대파,대파(1kg),채소류,양념,2655
2026-05-15,daepa,대파,대파(1kg),채소류,양념,2655
2026-05-15,daepa,대파,대파(1kg),채소류,양념,2655
2026-05-15,daepa,대파,대파(1kg),채소류,양념,2655
2026-05-15,daepa,대파,대파(1kg),채소류,양념,2655
2026-05-15,daepa,대파,대파(1kg),채소류,양념,2655
2026-05-18,daepa,대파,대파(1kg),채소류,양념,2633
2026-05-18,daepa,대파,대파(1kg),채소류,양념,2633
2026-05-18,daepa,대파,대파(1kg),채소류,양념,2633
2026-05-18,daepa,대파,대파(1kg),채소류,양념,2633
2026-05-18,daepa,대파,대파(1kg),채소류,양념,2633
2026-05-18,daepa,대파,대파(1kg),채소류,양념,2633
2026-05-18,daepa,대파,대파(1kg),채소류,양념,2633
2026-05-19,daepa,대파,대파(1kg),채소류,양념,2619
2026-05-19,daepa,대파,대파(1kg),채소류,양념,2619
2026-05-19,daepa,대파,대파(1kg),채소류,양념,2619
2026-05-19,daepa,대파,대파(1kg),채소류,양념,2619
2026-05-19,daepa,대파,대파(1kg),채소류,양념,2619
2026-05-19,daepa,대파,대파(1kg),채소류,양념,2619
2026-05-19,daepa,대파,대파(1kg),채소류,양념,2619
2026-05-20,daepa,대파,대파(1kg),채소류,양념,2632
2026-05-20,daepa,대파,대파(1kg),채소류,양념,2632
2026-05-20,daepa,대파,대파(1kg),채소류,양념,2632
2026-05-20,daepa,대파,대파(1kg),채소류,양념,2632
2026-05-20,daepa,대파,대파(1kg),채소류,양념,2632
2026-05-20,daepa,대파,대파(1kg),채소류,양념,2632
2026-05-20,daepa,대파,대파(1kg),채소류,양념,2632
2026-05-21,daepa,대파,대파(1kg),채소류,양념,2572
2026-05-21,daepa,대파,대파(1kg),채소류,양념,2572
2026-05-21,daepa,대파,대파(1kg),채소류,양념,2572
2026-05-21,daepa,대파,대파(1kg),채소류,양념,2572
2026-05-21,daepa,대파,대파(1kg),채소류,양념,2572
2026-05-21,daepa,대파,대파(1kg),채소류,양념,2572
2026-05-21,daepa,대파,대파(1kg),채소류,양념,2572
2026-05-22,daepa,대파,대파(1kg),채소류,양념,2591
2026-05-22,daepa,대파,대파(1kg),채소류,양념,2591
2026-05-22,daepa,대파,대파(1kg),채소류,양념,2591
2026-05-22,daepa,대파,대파(1kg),채소류,양념,2591
2026-05-22,daepa,대파,대파(1kg),채소류,양념,2591
2026-05-22,daepa,대파,대파(1kg),채소류,양념,2591
2026-05-22,daepa,대파,대파(1kg),채소류,양념,2591
2026-05-26,daepa,대파,대파(1kg),채소류,양념,2709
2026-05-26,daepa,대파,대파(1kg),채소류,양념,2709
2026-05-26,daepa,대파,대파(1kg),채소류,양념,2709
2026-05-26,daepa,대파,대파(1kg),채소류,양념,2709
2026-05-26,daepa,대파,대파(1kg),채소류,양념,2709
2026-05-26,daepa,대파,대파(1kg),채소류,양념,2709
2026-05-26,daepa,대파,대파(1kg),채소류,양념,2709
2026-05-27,daepa,대파,대파(1kg),채소류,양념,2827
2026-05-27,daepa,대파,대파(1kg),채소류,양념,2827
2026-05-27,daepa,대파,대파(1kg),채소류,양념,2827
2026-05-27,daepa,대파,대파(1kg),채소류,양념,2827
2026-05-27,daepa,대파,대파(1kg),채소류,양념,2827
2026-05-27,daepa,대파,대파(1kg),채소류,양념,2827
2026-05-27,daepa,대파,대파(1kg),채소류,양념,2827
2026-05-28,daepa,대파,대파(1kg),채소류,양념,2947
2026-05-28,daepa,대파,대파(1kg),채소류,양념,2947
2026-05-28,daepa,대파,대파(1kg),채소류,양념,2947
2026-05-28,daepa,대파,대파(1kg),채소류,양념,2947
2026-05-28,daepa,대파,대파(1kg),채소류,양념,2947
2026-05-28,daepa,대파,대파(1kg),채소류,양념,2947
2026-05-28,daepa,대파,대파(1kg),채소류,양념,2947
2026-05-29,daepa,대파,대파(1kg),채소류,양념,3039
2026-05-29,daepa,대파,대파(1kg),채소류,양념,3039
2026-05-29,daepa,대파,대파(1kg),채소류,양념,3039
2026-05-29,daepa,대파,대파(1kg),채소류,양념,3039
2026-05-29,daepa,대파,대파(1kg),채소류,양념,3039
2026-05-29,daepa,대파,대파(1kg),채소류,양념,3039
2026-05-29,daepa,대파,대파(1kg),채소류,양념,3039
2026-06-01,daepa,대파,대파(1kg),채소류,양념,2965
2026-06-01,daepa,대파,대파(1kg),채소류,양념,2965
2026-06-01,daepa,대파,대파(1kg),채소류,양념,2965
2026-06-01,daepa,대파,대파(1kg),채소류,양념,2965
2026-06-01,daepa,대파,대파(1kg),채소류,양념,2965
2026-06-01,daepa,대파,대파(1kg),채소류,양념,2965
2026-06-01,daepa,대파,대파(1kg),채소류,양념,2965
2026-06-02,daepa,대파,대파(1kg),채소류,양념,3023
2026-06-02,daepa,대파,대파(1kg),채소류,양념,3023
2026-06-02,daepa,대파,대파(1kg),채소류,양념,3023
2026-06-02,daepa,대파,대파(1kg),채소류,양념,3023
2026-06-02,daepa,대파,대파(1kg),채소류,양념,3023
2026-06-02,daepa,대파,대파(1kg),채소류,양념,3023
2026-06-02,daepa,대파,대파(1kg),채소류,양념,3023
2026-06-04,daepa,대파,대파(1kg),채소류,양념,2813
2026-06-04,daepa,대파,대파(1kg),채소류,양념,2813
2026-06-04,daepa,대파,대파(1kg),채소류,양념,2813
2026-06-04,daepa,대파,대파(1kg),채소류,양념,2813
2026-06-04,daepa,대파,대파(1kg),채소류,양념,2813
2026-06-04,daepa,대파,대파(1kg),채소류,양념,2813
2026-06-04,daepa,대파,대파(1kg),채소류,양념,2813
2026-06-05,daepa,대파,대파(1kg),채소류,양념,2914
2026-06-05,daepa,대파,대파(1kg),채소류,양념,2914
2026-06-05,daepa,대파,대파(1kg),채소류,양념,2914
2026-06-05,daepa,대파,대파(1kg),채소류,양념,2914
2026-06-05,daepa,대파,대파(1kg),채소류,양념,2914
2026-06-05,daepa,대파,대파(1kg),채소류,양념,2914
2026-06-05,daepa,대파,대파(1kg),채소류,양념,2914
2026-06-08,daepa,대파,대파(1kg),채소류,양념,3001
2026-06-08,daepa,대파,대파(1kg),채소류,양념,3001
2026-06-08,daepa,대파,대파(1kg),채소류,양념,3001
2026-06-08,daepa,대파,대파(1kg),채소류,양념,3001
2026-06-08,daepa,대파,대파(1kg),채소류,양념,3001
2026-06-08,daepa,대파,대파(1kg),채소류,양념,3001
2026-06-08,daepa,대파,대파(1kg),채소류,양념,3001
2026-06-09,daepa,대파,대파(1kg),채소류,양념,2949
2026-06-09,daepa,대파,대파(1kg),채소류,양념,2949
2026-06-09,daepa,대파,대파(1kg),채소류,양념,2949
2026-06-09,daepa,대파,대파(1kg),채소류,양념,2949
2026-06-09,daepa,대파,대파(1kg),채소류,양념,2949
2026-06-09,daepa,대파,대파(1kg),채소류,양념,2949
2026-06-09,daepa,대파,대파(1kg),채소류,양념,2949
2026-06-10,daepa,대파,대파(1kg),채소류,양념,2939
2026-06-10,daepa,대파,대파(1kg),채소류,양념,2939
2026-06-10,daepa,대파,대파(1kg),채소류,양념,2939
2026-06-10,daepa,대파,대파(1kg),채소류,양념,2939
2026-06-10,daepa,대파,대파(1kg),채소류,양념,2939
2026-06-10,daepa,대파,대파(1kg),채소류,양념,2939
2026-06-10,daepa,대파,대파(1kg),채소류,양념,2939
2026-06-11,daepa,대파,대파(1kg),채소류,양념,2758
2026-06-11,daepa,대파,대파(1kg),채소류,양념,2758
2026-06-11,daepa,대파,대파(1kg),채소류,양념,2758
2026-06-11,daepa,대파,대파(1kg),채소류,양념,2758
2026-06-11,daepa,대파,대파(1kg),채소류,양념,2758
2026-06-11,daepa,대파,대파(1kg),채소류,양념,2758
2026-06-11,daepa,대파,대파(1kg),채소류,양념,2758
2026-06-12,daepa,대파,대파(1kg),채소류,양념,2736
2026-06-12,daepa,대파,대파(1kg),채소류,양념,2736
2026-06-12,daepa,대파,대파(1kg),채소류,양념,2736
2026-06-12,daepa,대파,대파(1kg),채소류,양념,2736
2026-06-12,daepa,대파,대파(1kg),채소류,양념,2736
2026-06-12,daepa,대파,대파(1kg),채소류,양념,2736
2026-06-12,daepa,대파,대파(1kg),채소류,양념,2736
2026-06-15,daepa,대파,대파(1kg),채소류,양념,2732
2026-06-15,daepa,대파,대파(1kg),채소류,양념,2732
2026-06-15,daepa,대파,대파(1kg),채소류,양념,2732
2026-06-15,daepa,대파,대파(1kg),채소류,양념,2732
2026-06-15,daepa,대파,대파(1kg),채소류,양념,2732
2026-06-15,daepa,대파,대파(1kg),채소류,양념,2732
2026-06-15,daepa,대파,대파(1kg),채소류,양념,2732
2026-06-16,daepa,대파,대파(1kg),채소류,양념,2731
2026-06-16,daepa,대파,대파(1kg),채소류,양념,2731
2026-06-16,daepa,대파,대파(1kg),채소류,양념,2731
2026-06-16,daepa,대파,대파(1kg),채소류,양념,2731
2026-06-16,daepa,대파,대파(1kg),채소류,양념,2731
2026-06-16,daepa,대파,대파(1kg),채소류,양념,2731
2026-06-16,daepa,대파,대파(1kg),채소류,양념,2731
2026-06-17,daepa,대파,대파(1kg),채소류,양념,2730
2026-06-17,daepa,대파,대파(1kg),채소류,양념,2730
2026-06-17,daepa,대파,대파(1kg),채소류,양념,2730
2026-06-17,daepa,대파,대파(1kg),채소류,양념,2730
2026-06-17,daepa,대파,대파(1kg),채소류,양념,2730
2026-06-17,daepa,대파,대파(1kg),채소류,양념,2730
2026-06-17,daepa,대파,대파(1kg),채소류,양념,2730
2026-06-18,daepa,대파,대파(1kg),채소류,양념,2637
2026-06-18,daepa,대파,대파(1kg),채소류,양념,2637
2026-06-18,daepa,대파,대파(1kg),채소류,양념,2637
2026-06-18,daepa,대파,대파(1kg),채소류,양념,2637
2026-06-18,daepa,대파,대파(1kg),채소류,양념,2637
2026-06-18,daepa,대파,대파(1kg),채소류,양념,2637
2026-06-18,daepa,대파,대파(1kg),채소류,양념,2637
2026-06-19,daepa,대파,대파(1kg),채소류,양념,2648
2026-06-19,daepa,대파,대파(1kg),채소류,양념,2648
2026-06-19,daepa,대파,대파(1kg),채소류,양념,2648
2026-06-19,daepa,대파,대파(1kg),채소류,양념,2648
2026-06-19,daepa,대파,대파(1kg),채소류,양념,2648
2026-06-19,daepa,대파,대파(1kg),채소류,양념,2648
2026-06-19,daepa,대파,대파(1kg),채소류,양념,2648
2026-06-22,daepa,대파,대파(1kg),채소류,양념,2657
2026-06-22,daepa,대파,대파(1kg),채소류,양념,2657
2026-06-22,daepa,대파,대파(1kg),채소류,양념,2657
2026-06-22,daepa,대파,대파(1kg),채소류,양념,2657
2026-06-22,daepa,대파,대파(1kg),채소류,양념,2657
2026-06-22,daepa,대파,대파(1kg),채소류,양념,2657
2026-06-22,daepa,대파,대파(1kg),채소류,양념,2657
2026-06-23,daepa,대파,대파(1kg),채소류,양념,2653
2026-06-23,daepa,대파,대파(1kg),채소류,양념,2653
2026-06-23,daepa,대파,대파(1kg),채소류,양념,2653
2026-06-23,daepa,대파,대파(1kg),채소류,양념,2653
2026-06-23,daepa,대파,대파(1kg),채소류,양념,2653
2026-06-23,daepa,대파,대파(1kg),채소류,양념,2653
2026-06-23,daepa,대파,대파(1kg),채소류,양념,2653
2026-06-24,daepa,대파,대파(1kg),채소류,양념,2700
2026-06-24,daepa,대파,대파(1kg),채소류,양념,2700
2026-06-24,daepa,대파,대파(1kg),채소류,양념,2700
2026-06-24,daepa,대파,대파(1kg),채소류,양념,2700
2026-06-24,daepa,대파,대파(1kg),채소류,양념,2700
2026-06-24,daepa,대파,대파(1kg),채소류,양념,2700
2026-06-24,daepa,대파,대파(1kg),채소류,양념,2700
2026-06-25,daepa,대파,대파(1kg),채소류,양념,2858
2026-06-25,daepa,대파,대파(1kg),채소류,양념,2858
2026-06-25,daepa,대파,대파(1kg),채소류,양념,2858
2026-06-25,daepa,대파,대파(1kg),채소류,양념,2858
2026-06-25,daepa,대파,대파(1kg),채소류,양념,2858
2026-06-25,daepa,대파,대파(1kg),채소류,양념,2858
2026-06-25,daepa,대파,대파(1kg),채소류,양념,2858
2026-06-26,daepa,대파,대파(1kg),채소류,양념,2867
2026-06-26,daepa,대파,대파(1kg),채소류,양념,2867
2026-06-26,daepa,대파,대파(1kg),채소류,양념,2867
2026-06-26,daepa,대파,대파(1kg),채소류,양념,2867
2026-06-26,daepa,대파,대파(1kg),채소류,양념,2867
2026-06-26,daepa,대파,대파(1kg),채소류,양념,2867
2026-06-26,daepa,대파,대파(1kg),채소류,양념,2867
2026-06-29,daepa,대파,대파(1kg),채소류,양념,2887
2026-06-29,daepa,대파,대파(1kg),채소류,양념,2887
2026-06-29,daepa,대파,대파(1kg),채소류,양념,2887
2026-06-29,daepa,대파,대파(1kg),채소류,양념,2887
2026-06-29,daepa,대파,대파(1kg),채소류,양념,2887
2026-06-29,daepa,대파,대파(1kg),채소류,양념,2887
2026-06-29,daepa,대파,대파(1kg),채소류,양념,2887
2026-06-30,daepa,대파,대파(1kg),채소류,양념,2900
2026-06-30,daepa,대파,대파(1kg),채소류,양념,2900
2026-06-30,daepa,대파,대파(1kg),채소류,양념,2900
2026-06-30,daepa,대파,대파(1kg),채소류,양념,2900
2026-06-30,daepa,대파,대파(1kg),채소류,양념,2900
2026-06-30,daepa,대파,대파(1kg),채소류,양념,2900
2026-06-30,daepa,대파,대파(1kg),채소류,양념,2900
2026-07-01,daepa,대파,대파(1kg),채소류,양념,2970
2026-07-01,daepa,대파,대파(1kg),채소류,양념,2970
2026-07-01,daepa,대파,대파(1kg),채소류,양념,2970
2026-07-01,daepa,대파,대파(1kg),채소류,양념,2970
2026-07-01,daepa,대파,대파(1kg),채소류,양념,2970
2026-07-01,daepa,대파,대파(1kg),채소류,양념,2970
2026-07-01,daepa,대파,대파(1kg),채소류,양념,2970
2026-07-02,daepa,대파,대파(1kg),채소류,양념,2979
2026-07-02,daepa,대파,대파(1kg),채소류,양념,2979
2026-07-02,daepa,대파,대파(1kg),채소류,양념,2979
2026-07-02,daepa,대파,대파(1kg),채소류,양념,2979
2026-07-02,daepa,대파,대파(1kg),채소류,양념,2979
2026-07-02,daepa,대파,대파(1kg),채소류,양념,2979
2026-07-02,daepa,대파,대파(1kg),채소류,양념,2979
2026-07-03,daepa,대파,대파(1kg),채소류,양념,2971
2026-07-03,daepa,대파,대파(1kg),채소류,양념,2971
2026-07-03,daepa,대파,대파(1kg),채소류,양념,2971
2026-07-03,daepa,대파,대파(1kg),채소류,양념,2971
2026-07-03,daepa,대파,대파(1kg),채소류,양념,2971
2026-07-03,daepa,대파,대파(1kg),채소류,양념,2971
2026-07-03,daepa,대파,대파(1kg),채소류,양념,2971
2026-07-06,daepa,대파,대파(1kg),채소류,양념,3066
2026-07-06,daepa,대파,대파(1kg),채소류,양념,3066
2026-07-06,daepa,대파,대파(1kg),채소류,양념,3066
2026-07-06,daepa,대파,대파(1kg),채소류,양념,3066
2026-07-06,daepa,대파,대파(1kg),채소류,양념,3066
2026-07-06,daepa,대파,대파(1kg),채소류,양념,3066
2026-07-06,daepa,대파,대파(1kg),채소류,양념,3066
2026-07-07,daepa,대파,대파(1kg),채소류,양념,2928
2026-07-07,daepa,대파,대파(1kg),채소류,양념,2928
2026-07-07,daepa,대파,대파(1kg),채소류,양념,2928
2026-07-07,daepa,대파,대파(1kg),채소류,양념,2928
2026-07-07,daepa,대파,대파(1kg),채소류,양념,2928
2026-07-07,daepa,대파,대파(1kg),채소류,양념,2928
2026-07-07,daepa,대파,대파(1kg),채소류,양념,2928
2026-07-08,daepa,대파,대파(1kg),채소류,양념,2867
2026-07-08,daepa,대파,대파(1kg),채소류,양념,2867
2026-07-08,daepa,대파,대파(1kg),채소류,양념,2867
2026-07-08,daepa,대파,대파(1kg),채소류,양념,2867
2026-07-08,daepa,대파,대파(1kg),채소류,양념,2867
2026-07-08,daepa,대파,대파(1kg),채소류,양념,2867
2026-07-08,daepa,대파,대파(1kg),채소류,양념,2867
2026-07-09,daepa,대파,대파(1kg),채소류,양념,2913
2026-07-09,daepa,대파,대파(1kg),채소류,양념,2913
2026-07-09,daepa,대파,대파(1kg),채소류,양념,2913
2026-07-09,daepa,대파,대파(1kg),채소류,양념,2913
2026-07-09,daepa,대파,대파(1kg),채소류,양념,2913
2026-07-09,daepa,대파,대파(1kg),채소류,양념,2913
2026-07-09,daepa,대파,대파(1kg),채소류,양념,2913
2026-07-10,daepa,대파,대파(1kg),채소류,양념,2570
2026-07-10,daepa,대파,대파(1kg),채소류,양념,2570
2026-07-10,daepa,대파,대파(1kg),채소류,양념,2570
2026-07-10,daepa,대파,대파(1kg),채소류,양념,2570
2026-07-10,daepa,대파,대파(1kg),채소류,양념,2570
2026-07-10,daepa,대파,대파(1kg),채소류,양념,2570
2026-07-10,daepa,대파,대파(1kg),채소류,양념,2570
2026-07-13,daepa,대파,대파(1kg),채소류,양념,2893
2026-07-13,daepa,대파,대파(1kg),채소류,양념,2893
2026-07-13,daepa,대파,대파(1kg),채소류,양념,2893
2026-07-13,daepa,대파,대파(1kg),채소류,양념,2893
2026-07-13,daepa,대파,대파(1kg),채소류,양념,2893
2026-07-13,daepa,대파,대파(1kg),채소류,양념,2893
2026-07-13,daepa,대파,대파(1kg),채소류,양념,2893
2026-07-14,daepa,대파,대파(1kg),채소류,양념,2910
2026-07-14,daepa,대파,대파(1kg),채소류,양념,2910
2026-07-14,daepa,대파,대파(1kg),채소류,양념,2910
2026-07-14,daepa,대파,대파(1kg),채소류,양념,2910
2026-07-14,daepa,대파,대파(1kg),채소류,양념,2910
2026-07-14,daepa,대파,대파(1kg),채소류,양념,2910
2026-07-14,daepa,대파,대파(1kg),채소류,양념,2910
2026-07-15,daepa,대파,대파(1kg),채소류,양념,2881
2026-07-15,daepa,대파,대파(1kg),채소류,양념,2881
2026-07-15,daepa,대파,대파(1kg),채소류,양념,2881
2026-07-15,daepa,대파,대파(1kg),채소류,양념,2881
2026-07-15,daepa,대파,대파(1kg),채소류,양념,2881
2026-07-15,daepa,대파,대파(1kg),채소류,양념,2881
2026-07-15,daepa,대파,대파(1kg),채소류,양념,2881
2026-07-16,daepa,대파,대파(1kg),채소류,양념,2793
2026-07-16,daepa,대파,대파(1kg),채소류,양념,2793
2026-07-16,daepa,대파,대파(1kg),채소류,양념,2793
2026-07-16,daepa,대파,대파(1kg),채소류,양념,2793
2026-07-16,daepa,대파,대파(1kg),채소류,양념,2793
2026-07-16,daepa,대파,대파(1kg),채소류,양념,2793
2026-07-16,daepa,대파,대파(1kg),채소류,양념,2793
2026-07-20,daepa,대파,대파(1kg),채소류,양념,2731
2026-07-20,daepa,대파,대파(1kg),채소류,양념,2731
2026-07-20,daepa,대파,대파(1kg),채소류,양념,2731
2026-07-20,daepa,대파,대파(1kg),채소류,양념,2731
2026-07-20,daepa,대파,대파(1kg),채소류,양념,2731
2026-07-20,daepa,대파,대파(1kg),채소류,양념,2731
2026-07-20,daepa,대파,대파(1kg),채소류,양념,2731
2026-07-21,daepa,대파,대파(1kg),채소류,양념,2747
2026-07-21,daepa,대파,대파(1kg),채소류,양념,2747
2026-07-21,daepa,대파,대파(1kg),채소류,양념,2747
2026-07-21,daepa,대파,대파(1kg),채소류,양념,2747
2026-07-21,daepa,대파,대파(1kg),채소류,양념,2747
2026-07-21,daepa,대파,대파(1kg),채소류,양념,2747
2026-07-21,daepa,대파,대파(1kg),채소류,양념,2747
2026-07-22,daepa,대파,대파(1kg),채소류,양념,2779
2026-07-22,daepa,대파,대파(1kg),채소류,양념,2779
2026-07-22,daepa,대파,대파(1kg),채소류,양념,2779
2026-07-22,daepa,대파,대파(1kg),채소류,양념,2779
2026-07-22,daepa,대파,대파(1kg),채소류,양념,2779
2026-07-22,daepa,대파,대파(1kg),채소류,양념,2779
2026-07-22,daepa,대파,대파(1kg),채소류,양념,2779
2026-07-23,daepa,대파,대파(1kg),채소류,양념,2797
2026-07-23,daepa,대파,대파(1kg),채소류,양념,2797
2026-07-23,daepa,대파,대파(1kg),채소류,양념,2797
2026-07-23,daepa,대파,대파(1kg),채소류,양념,2797
2026-07-23,daepa,대파,대파(1kg),채소류,양념,2797
2026-07-23,daepa,대파,대파(1kg),채소류,양념,2797
2026-07-23,daepa,대파,대파(1kg),채소류,양념,2797
2026-07-24,daepa,대파,대파(1kg),채소류,양념,2807
2026-07-24,daepa,대파,대파(1kg),채소류,양념,2807
2026-07-24,daepa,대파,대파(1kg),채소류,양념,2807
2026-07-24,daepa,대파,대파(1kg),채소류,양념,2807
2026-07-24,daepa,대파,대파(1kg),채소류,양념,2807
2026-07-24,daepa,대파,대파(1kg),채소류,양념,2807
2026-07-24,daepa,대파,대파(1kg),채소류,양념,2807
2026-07-27,daepa,대파,대파(1kg),채소류,양념,2790
2026-07-27,daepa,대파,대파(1kg),채소류,양념,2790
2026-07-27,daepa,대파,대파(1kg),채소류,양념,2790
2026-07-27,daepa,대파,대파(1kg),채소류,양념,2790
2026-07-27,daepa,대파,대파(1kg),채소류,양념,2790
2026-07-27,daepa,대파,대파(1kg),채소류,양념,2790
2026-07-27,daepa,대파,대파(1kg),채소류,양념,2790
2026-07-28,daepa,대파,대파(1kg),채소류,양념,2799
2026-07-28,daepa,대파,대파(1kg),채소류,양념,2799
2026-07-28,daepa,대파,대파(1kg),채소류,양념,2799
2026-07-28,daepa,대파,대파(1kg),채소류,양념,2799
2026-07-28,daepa,대파,대파(1kg),채소류,양념,2799
2026-07-28,daepa,대파,대파(1kg),채소류,양념,2799
2026-07-28,daepa,대파,대파(1kg),채소류,양념,2799
2026-07-29,daepa,대파,대파(1kg),채소류,양념,2796
2026-07-29,daepa,대파,대파(1kg),채소류,양념,2796
2026-07-29,daepa,대파,대파(1kg),채소류,양념,2796
2026-07-29,daepa,대파,대파(1kg),채소류,양념,2796
2026-07-29,daepa,대파,대파(1kg),채소류,양념,2796
2026-07-29,daepa,대파,대파(1kg),채소류,양념,2796
2026-07-29,daepa,대파,대파(1kg),채소류,양념,2796
2026-07-30,daepa,대파,대파(1kg),채소류,양념,2752
2026-07-30,daepa,대파,대파(1kg),채소류,양념,2752
2026-07-30,daepa,대파,대파(1kg),채소류,양념,2752
2026-07-30,daepa,대파,대파(1kg),채소류,양념,2752
2026-07-30,daepa,대파,대파(1kg),채소류,양념,2752
2026-07-30,daepa,대파,대파(1kg),채소류,양념,2752
2026-07-30,daepa,대파,대파(1kg),채소류,양념,2752
2026-07-31,daepa,대파,대파(1kg),채소류,양념,2773
2026-07-31,daepa,대파,대파(1kg),채소류,양념,2773
2026-07-31,daepa,대파,대파(1kg),채소류,양념,2773
2026-07-31,daepa,대파,대파(1kg),채소류,양념,2773
2026-07-31,daepa,대파,대파(1kg),채소류,양념,2773
2026-07-31,daepa,대파,대파(1kg),채소류,양념,2773
2026-07-31,daepa,대파,대파(1kg),채소류,양념,2773
2026-08-03,daepa,대파,대파(1kg),채소류,양념,2960
2026-08-03,daepa,대파,대파(1kg),채소류,양념,2960
2026-08-03,daepa,대파,대파(1kg),채소류,양념,2960
2026-08-03,daepa,대파,대파(1kg),채소류,양념,2960
2026-08-03,daepa,대파,대파(1kg),채소류,양념,2960
2026-08-03,daepa,대파,대파(1kg),채소류,양념,2960
2026-08-03,daepa,대파,대파(1kg),채소류,양념,2960
2026-08-04,daepa,대파,대파(1kg),채소류,양념,2975
2026-08-04,daepa,대파,대파(1kg),채소류,양념,2975
2026-08-04,daepa,대파,대파(1kg),채소류,양념,2975
2026-08-04,daepa,대파,대파(1kg),채소류,양념,2975
2026-08-04,daepa,대파,대파(1kg),채소류,양념,2975
2026-08-04,daepa,대파,대파(1kg),채소류,양념,2975
2026-08-04,daepa,대파,대파(1kg),채소류,양념,2975
2026-08-05,daepa,대파,대파(1kg),채소류,양념,3009
2026-08-05,daepa,대파,대파(1kg),채소류,양념,3009
2026-08-05,daepa,대파,대파(1kg),채소류,양념,3009
2026-08-05,daepa,대파,대파(1kg),채소류,양념,3009
2026-08-05,daepa,대파,대파(1kg),채소류,양념,3009
2026-08-05,daepa,대파,대파(1kg),채소류,양념,3009
2026-08-05,daepa,대파,대파(1kg),채소류,양념,3009
2026-08-06,daepa,대파,대파(1kg),채소류,양념,3113
2026-08-06,daepa,대파,대파(1kg),채소류,양념,3113
2026-08-06,daepa,대파,대파(1kg),채소류,양념,3113
2026-08-06,daepa,대파,대파(1kg),채소류,양념,3113
2026-08-06,daepa,대파,대파(1kg),채소류,양념,3113
2026-08-06,daepa,대파,대파(1kg),채소류,양념,3113
2026-08-06,daepa,대파,대파(1kg),채소류,양념,3113
2026-08-07,daepa,대파,대파(1kg),채소류,양념,3129
2026-08-07,daepa,대파,대파(1kg),채소류,양념,3129
2026-08-07,daepa,대파,대파(1kg),채소류,양념,3129
2026-08-07,daepa,대파,대파(1kg),채소류,양념,3129
2026-08-07,daepa,대파,대파(1kg),채소류,양념,3129
2026-08-07,daepa,대파,대파(1kg),채소류,양념,3129
2026-08-07,daepa,대파,대파(1kg),채소류,양념,3129
2026-08-10,daepa,대파,대파(1kg),채소류,양념,3097
2026-08-10,daepa,대파,대파(1kg),채소류,양념,3097
2026-08-10,daepa,대파,대파(1kg),채소류,양념,3097
2026-08-10,daepa,대파,대파(1kg),채소류,양념,3097
2026-08-10,daepa,대파,대파(1kg),채소류,양념,3097
2026-08-10,daepa,대파,대파(1kg),채소류,양념,3097
2026-08-10,daepa,대파,대파(1kg),채소류,양념,3097
2026-08-11,daepa,대파,대파(1kg),채소류,양념,3092
2026-08-11,daepa,대파,대파(1kg),채소류,양념,3092
2026-08-11,daepa,대파,대파(1kg),채소류,양념,3092
2026-08-11,daepa,대파,대파(1kg),채소류,양념,3092
2026-08-11,daepa,대파,대파(1kg),채소류,양념,3092
2026-08-11,daepa,대파,대파(1kg),채소류,양념,3092
2026-08-11,daepa,대파,대파(1kg),채소류,양념,3092
2026-08-12,daepa,대파,대파(1kg),채소류,양념,3125
2026-08-12,daepa,대파,대파(1kg),채소류,양념,3125
2026-08-12,daepa,대파,대파(1kg),채소류,양념,3125
2026-08-12,daepa,대파,대파(1kg),채소류,양념,3125
2026-08-12,daepa,대파,대파(1kg),채소류,양념,3125
2026-08-12,daepa,대파,대파(1kg),채소류,양념,3125
2026-08-12,daepa,대파,대파(1kg),채소류,양념,3125
2026-08-13,daepa,대파,대파(1kg),채소류,양념,3119
2026-08-13,daepa,대파,대파(1kg),채소류,양념,3119
2026-08-13,daepa,대파,대파(1kg),채소류,양념,3119
2026-08-13,daepa,대파,대파(1kg),채소류,양념,3119
2026-08-13,daepa,대파,대파(1kg),채소류,양념,3119
2026-08-13,daepa,대파,대파(1kg),채소류,양념,3119
2026-08-13,daepa,대파,대파(1kg),채소류,양념,3119
2026-08-14,daepa,대파,대파(1kg),채소류,양념,3088
2026-08-14,daepa,대파,대파(1kg),채소류,양념,3088
2026-08-14,daepa,대파,대파(1kg),채소류,양념,3088
2026-08-14,daepa,대파,대파(1kg),채소류,양념,3088
2026-08-14,daepa,대파,대파(1kg),채소류,양념,3088
2026-08-14,daepa,대파,대파(1kg),채소류,양념,3088
2026-08-14,daepa,대파,대파(1kg),채소류,양념,3088
2026-08-18,daepa,대파,대파(1kg),채소류,양념,3093
2026-08-18,daepa,대파,대파(1kg),채소류,양념,3093
2026-08-18,daepa,대파,대파(1kg),채소류,양념,3093
2026-08-18,daepa,대파,대파(1kg),채소류,양념,3093
2026-08-18,daepa,대파,대파(1kg),채소류,양념,3093
2026-08-18,daepa,대파,대파(1kg),채소류,양념,3093
2026-08-18,daepa,대파,대파(1kg),채소류,양념,3093
2026-08-19,daepa,대파,대파(1kg),채소류,양념,3119
2026-08-19,daepa,대파,대파(1kg),채소류,양념,3119
2026-08-19,daepa,대파,대파(1kg),채소류,양념,3119
2026-08-19,daepa,대파,대파(1kg),채소류,양념,3119
2026-08-19,daepa,대파,대파(1kg),채소류,양념,3119
2026-08-19,daepa,대파,대파(1kg),채소류,양념,3119
2026-08-19,daepa,대파,대파(1kg),채소류,양념,3119
2026-08-20,daepa,대파,대파(1kg),채소류,양념,3056
2026-08-20,daepa,대파,대파(1kg),채소류,양념,3056
2026-08-20,daepa,대파,대파(1kg),채소류,양념,3056
2026-08-20,daepa,대파,대파(1kg),채소류,양념,3056
2026-08-20,daepa,대파,대파(1kg),채소류,양념,3056
2026-08-20,daepa,대파,대파(1kg),채소류,양념,3056
2026-08-20,daepa,대파,대파(1kg),채소류,양념,3056
2026-08-21,daepa,대파,대파(1kg),채소류,양념,3050
2026-08-21,daepa,대파,대파(1kg),채소류,양념,3050
2026-08-21,daepa,대파,대파(1kg),채소류,양념,3050
2026-08-21,daepa,대파,대파(1kg),채소류,양념,3050
2026-08-21,daepa,대파,대파(1kg),채소류,양념,3050
2026-08-21,daepa,대파,대파(1kg),채소류,양념,3050
2026-08-21,daepa,대파,대파(1kg),채소류,양념,3050
2026-08-24,daepa,대파,대파(1kg),채소류,양념,3046
2026-08-24,daepa,대파,대파(1kg),채소류,양념,3046
2026-08-24,daepa,대파,대파(1kg),채소류,양념,3046
2026-08-24,daepa,대파,대파(1kg),채소류,양념,3046
2026-08-24,daepa,대파,대파(1kg),채소류,양념,3046
2026-08-24,daepa,대파,대파(1kg),채소류,양념,3046
2026-08-24,daepa,대파,대파(1kg),채소류,양념,3046
2026-08-25,daepa,대파,대파(1kg),채소류,양념,3054
2026-08-25,daepa,대파,대파(1kg),채소류,양념,3054
2026-08-25,daepa,대파,대파(1kg),채소류,양념,3054
2026-08-25,daepa,대파,대파(1kg),채소류,양념,3054
2026-08-25,daepa,대파,대파(1kg),채소류,양념,3054
2026-08-25,daepa,대파,대파(1kg),채소류,양념,3054
2026-08-25,daepa,대파,대파(1kg),채소류,양념,3054
2026-08-26,daepa,대파,대파(1kg),채소류,양념,3044
2026-08-26,daepa,대파,대파(1kg),채소류,양념,3044
2026-08-26,daepa,대파,대파(1kg),채소류,양념,3044
2026-08-26,daepa,대파,대파(1kg),채소류,양념,3044
2026-08-26,daepa,대파,대파(1kg),채소류,양념,3044
2026-08-26,daepa,대파,대파(1kg),채소류,양념,3044
2026-08-26,daepa,대파,대파(1kg),채소류,양념,3044
2026-08-27,daepa,대파,대파(1kg),채소류,양념,3011
2026-08-27,daepa,대파,대파(1kg),채소류,양념,3011
2026-08-27,daepa,대파,대파(1kg),채소류,양념,3011
2026-08-27,daepa,대파,대파(1kg),채소류,양념,3011
2026-08-27,daepa,대파,대파(1kg),채소류,양념,3011
2026-08-27,daepa,대파,대파(1kg),채소류,양념,3011
2026-08-27,daepa,대파,대파(1kg),채소류,양념,3011
2026-08-28,daepa,대파,대파(1kg),채소류,양념,2990
2026-08-28,daepa,대파,대파(1kg),채소류,양념,2990
2026-08-28,daepa,대파,대파(1kg),채소류,양념,2990
2026-08-28,daepa,대파,대파(1kg),채소류,양념,2990
2026-08-28,daepa,대파,대파(1kg),채소류,양념,2990
2026-08-28,daepa,대파,대파(1kg),채소류,양념,2990
2026-08-28,daepa,대파,대파(1kg),채소류,양념,2990
2026-08-31,daepa,대파,대파(1kg),채소류,양념,2994
2026-08-31,daepa,대파,대파(1kg),채소류,양념,2994
2026-08-31,daepa,대파,대파(1kg),채소류,양념,2994
2026-08-31,daepa,대파,대파(1kg),채소류,양념,2994
2026-08-31,daepa,대파,대파(1kg),채소류,양념,2994
2026-08-31,daepa,대파,대파(1kg),채소류,양념,2994
2026-08-31,daepa,대파,대파(1kg),채소류,양념,2994
2026-09-01,daepa,대파,대파(1kg),채소류,양념,3007
2026-09-01,daepa,대파,대파(1kg),채소류,양념,3007
2026-09-01,daepa,대파,대파(1kg),채소류,양념,3007
2026-09-01,daepa,대파,대파(1kg),채소류,양념,3007
2026-09-01,daepa,대파,대파(1kg),채소류,양념,3007
2026-09-01,daepa,대파,대파(1kg),채소류,양념,3007
2026-09-01,daepa,대파,대파(1kg),채소류,양념,3007
2026-09-02,daepa,대파,대파(1kg),채소류,양념,3002
2026-09-02,daepa,대파,대파(1kg),채소류,양념,3002
2026-09-02,daepa,대파,대파(1kg),채소류,양념,3002
2026-09-02,daepa,대파,대파(1kg),채소류,양념,3002
2026-09-02,daepa,대파,대파(1kg),채소류,양념,3002
2026-09-02,daepa,대파,대파(1kg),채소류,양념,3002
2026-09-02,daepa,대파,대파(1kg),채소류,양념,3002
2026-09-03,daepa,대파,대파(1kg),채소류,양념,2648
2026-09-03,daepa,대파,대파(1kg),채소류,양념,2648
2026-09-03,daepa,대파,대파(1kg),채소류,양념,2648
2026-09-03,daepa,대파,대파(1kg),채소류,양념,2648
2026-09-03,daepa,대파,대파(1kg),채소류,양념,2648
2026-09-03,daepa,대파,대파(1kg),채소류,양념,2648
2026-09-03,daepa,대파,대파(1kg),채소류,양념,2648
2026-09-04,daepa,대파,대파(1kg),채소류,양념,2655
2026-09-04,daepa,대파,대파(1kg),채소류,양념,2655
2026-09-04,daepa,대파,대파(1kg),채소류,양념,2655
2026-09-04,daepa,대파,대파(1kg),채소류,양념,2655
2026-09-04,daepa,대파,대파(1kg),채소류,양념,2655
2026-09-04,daepa,대파,대파(1kg),채소류,양념,2655
2026-09-04,daepa,대파,대파(1kg),채소류,양념,2655
2026-09-07,daepa,대파,대파(1kg),채소류,양념,2642
2026-09-07,daepa,대파,대파(1kg),채소류,양념,2642
2026-09-07,daepa,대파,대파(1kg),채소류,양념,2642
2026-09-07,daepa,대파,대파(1kg),채소류,양념,2642
2026-09-07,daepa,대파,대파(1kg),채소류,양념,2642
2026-09-07,daepa,대파,대파(1kg),채소류,양념,2642
2026-09-07,daepa,대파,대파(1kg),채소류,양념,2642
2026-09-08,daepa,대파,대파(1kg),채소류,양념,2650
2026-09-08,daepa,대파,대파(1kg),채소류,양념,2650
2026-09-08,daepa,대파,대파(1kg),채소류,양념,2650
2026-09-08,daepa,대파,대파(1kg),채소류,양념,2650
2026-09-08,daepa,대파,대파(1kg),채소류,양념,2650
2026-09-08,daepa,대파,대파(1kg),채소류,양념,2650
2026-09-08,daepa,대파,대파(1kg),채소류,양념,2650
2026-09-09,daepa,대파,대파(1kg),채소류,양념,2649
2026-09-09,daepa,대파,대파(1kg),채소류,양념,2649
2026-09-09,daepa,대파,대파(1kg),채소류,양념,2649
2026-09-09,daepa,대파,대파(1kg),채소류,양념,2649
2026-09-09,daepa,대파,대파(1kg),채소류,양념,2649
2026-09-09,daepa,대파,대파(1kg),채소류,양념,2649
2026-09-09,daepa,대파,대파(1kg),채소류,양념,2649
2026-09-10,daepa,대파,대파(1kg),채소류,양념,2644
2026-09-10,daepa,대파,대파(1kg),채소류,양념,2644
2026-09-10,daepa,대파,대파(1kg),채소류,양념,2644
2026-09-10,daepa,대파,대파(1kg),채소류,양념,2644
2026-09-10,daepa,대파,대파(1kg),채소류,양념,2644
2026-09-10,daepa,대파,대파(1kg),채소류,양념,2644
2025-09-10,gamja,감자,수미(노지)(100g),식량작물,면·밥,422
2025-09-11,gamja,감자,수미(노지)(100g),식량작물,면·밥,337
2025-09-12,gamja,감자,수미(노지)(100g),식량작물,면·밥,326
2025-09-15,gamja,감자,수미(노지)(100g),식량작물,면·밥,363
2025-09-16,gamja,감자,수미(노지)(100g),식량작물,면·밥,371
2025-09-17,gamja,감자,수미(노지)(100g),식량작물,면·밥,368
2025-09-18,gamja,감자,수미(노지)(100g),식량작물,면·밥,372
2025-09-19,gamja,감자,수미(노지)(100g),식량작물,면·밥,365
2025-09-22,gamja,감자,수미(노지)(100g),식량작물,면·밥,360
2025-09-23,gamja,감자,수미(노지)(100g),식량작물,면·밥,372
2025-09-24,gamja,감자,수미(노지)(100g),식량작물,면·밥,373
2025-09-25,gamja,감자,수미(노지)(100g),식량작물,면·밥,371
2025-09-26,gamja,감자,수미(노지)(100g),식량작물,면·밥,361
2025-09-29,gamja,감자,수미(노지)(100g),식량작물,면·밥,378
2025-09-30,gamja,감자,수미(노지)(100g),식량작물,면·밥,373
2025-10-01,gamja,감자,수미(노지)(100g),식량작물,면·밥,372
2025-10-02,gamja,감자,수미(노지)(100g),식량작물,면·밥,373
2025-10-10,gamja,감자,수미(노지)(100g),식량작물,면·밥,385
2025-10-13,gamja,감자,수미(노지)(100g),식량작물,면·밥,396
2025-10-14,gamja,감자,수미(노지)(100g),식량작물,면·밥,404
2025-10-15,gamja,감자,수미(노지)(100g),식량작물,면·밥,402
2025-10-16,gamja,감자,수미(노지)(100g),식량작물,면·밥,389
2025-10-17,gamja,감자,수미(노지)(100g),식량작물,면·밥,364
2025-10-20,gamja,감자,수미(노지)(100g),식량작물,면·밥,365
2025-10-21,gamja,감자,수미(노지)(100g),식량작물,면·밥,362
2025-10-22,gamja,감자,수미(노지)(100g),식량작물,면·밥,363
2025-10-23,gamja,감자,수미(노지)(100g),식량작물,면·밥,354
2025-10-24,gamja,감자,수미(노지)(100g),식량작물,면·밥,355
2025-10-27,gamja,감자,수미(노지)(100g),식량작물,면·밥,355
2025-10-28,gamja,감자,수미(노지)(100g),식량작물,면·밥,356
2025-10-29,gamja,감자,수미(노지)(100g),식량작물,면·밥,359
2025-10-30,gamja,감자,수미(노지)(100g),식량작물,면·밥,359
2025-10-31,gamja,감자,수미(노지)(100g),식량작물,면·밥,364
2025-11-03,gamja,감자,수미(노지)(100g),식량작물,면·밥,363
2025-11-04,gamja,감자,수미(노지)(100g),식량작물,면·밥,369
2025-11-05,gamja,감자,수미(노지)(100g),식량작물,면·밥,366
2025-11-06,gamja,감자,수미(노지)(100g),식량작물,면·밥,358
2025-11-07,gamja,감자,수미(노지)(100g),식량작물,면·밥,359
2025-11-10,gamja,감자,수미(노지)(100g),식량작물,면·밥,357
2025-11-11,gamja,감자,수미(노지)(100g),식량작물,면·밥,359
2025-11-12,gamja,감자,수미(노지)(100g),식량작물,면·밥,359
2025-11-13,gamja,감자,수미(노지)(100g),식량작물,면·밥,379
2025-11-14,gamja,감자,수미(노지)(100g),식량작물,면·밥,383
2025-11-17,gamja,감자,수미(노지)(100g),식량작물,면·밥,387
2025-11-18,gamja,감자,수미(노지)(100g),식량작물,면·밥,387
2025-11-19,gamja,감자,수미(노지)(100g),식량작물,면·밥,388
2025-11-20,gamja,감자,수미(노지)(100g),식량작물,면·밥,393
2025-11-21,gamja,감자,수미(노지)(100g),식량작물,면·밥,393
2025-11-24,gamja,감자,수미(노지)(100g),식량작물,면·밥,394
2025-11-25,gamja,감자,수미(노지)(100g),식량작물,면·밥,395
2025-11-26,gamja,감자,수미(노지)(100g),식량작물,면·밥,395
2025-11-27,gamja,감자,수미(노지)(100g),식량작물,면·밥,394
2025-11-28,gamja,감자,수미(노지)(100g),식량작물,면·밥,394
2025-12-01,gamja,감자,수미(노지)(100g),식량작물,면·밥,392
2025-12-02,gamja,감자,수미(노지)(100g),식량작물,면·밥,395
2025-12-03,gamja,감자,수미(노지)(100g),식량작물,면·밥,395
2025-12-04,gamja,감자,수미(노지)(100g),식량작물,면·밥,407
2025-12-08,gamja,감자,수미(노지)(100g),식량작물,면·밥,405
2025-12-09,gamja,감자,수미(노지)(100g),식량작물,면·밥,406
2025-12-10,gamja,감자,수미(노지)(100g),식량작물,면·밥,411
2025-12-11,gamja,감자,수미(노지)(100g),식량작물,면·밥,415
2025-12-12,gamja,감자,수미(노지)(100g),식량작물,면·밥,414
2025-12-15,gamja,감자,수미(노지)(100g),식량작물,면·밥,413
2025-12-16,gamja,감자,수미(노지)(100g),식량작물,면·밥,414
2025-12-17,gamja,감자,수미(노지)(100g),식량작물,면·밥,414
2025-12-18,gamja,감자,수미(노지)(100g),식량작물,면·밥,387
2025-12-19,gamja,감자,수미(노지)(100g),식량작물,면·밥,382
2025-12-22,gamja,감자,수미(노지)(100g),식량작물,면·밥,382
2025-12-23,gamja,감자,수미(노지)(100g),식량작물,면·밥,384
2025-12-24,gamja,감자,수미(노지)(100g),식량작물,면·밥,384
2025-12-26,gamja,감자,수미(노지)(100g),식량작물,면·밥,389
2025-12-29,gamja,감자,수미(노지)(100g),식량작물,면·밥,389
2025-12-30,gamja,감자,수미(노지)(100g),식량작물,면·밥,389
2025-12-31,gamja,감자,수미(노지)(100g),식량작물,면·밥,397
2026-01-02,gamja,감자,수미(노지)(100g),식량작물,면·밥,375
2026-01-05,gamja,감자,수미(노지)(100g),식량작물,면·밥,376
2026-01-06,gamja,감자,수미(노지)(100g),식량작물,면·밥,376
2026-01-07,gamja,감자,수미(노지)(100g),식량작물,면·밥,377
2026-01-08,gamja,감자,수미(노지)(100g),식량작물,면·밥,372
2026-01-09,gamja,감자,수미(노지)(100g),식량작물,면·밥,375
2026-01-12,gamja,감자,수미(노지)(100g),식량작물,면·밥,378
2026-01-13,gamja,감자,수미(노지)(100g),식량작물,면·밥,378
2026-01-14,gamja,감자,수미(노지)(100g),식량작물,면·밥,380
2026-01-15,gamja,감자,수미(노지)(100g),식량작물,면·밥,372
2026-01-16,gamja,감자,수미(노지)(100g),식량작물,면·밥,374
2026-01-19,gamja,감자,수미(노지)(100g),식량작물,면·밥,372
2026-01-20,gamja,감자,수미(노지)(100g),식량작물,면·밥,362
2026-01-21,gamja,감자,수미(노지)(100g),식량작물,면·밥,365
2026-01-22,gamja,감자,수미(노지)(100g),식량작물,면·밥,379
2026-01-23,gamja,감자,수미(노지)(100g),식량작물,면·밥,385
2026-01-26,gamja,감자,수미(노지)(100g),식량작물,면·밥,383
2026-01-27,gamja,감자,수미(노지)(100g),식량작물,면·밥,383
2026-01-28,gamja,감자,수미(노지)(100g),식량작물,면·밥,385
2026-01-29,gamja,감자,수미(노지)(100g),식량작물,면·밥,393
2026-01-30,gamja,감자,수미(노지)(100g),식량작물,면·밥,390
2026-02-02,gamja,감자,수미(노지)(100g),식량작물,면·밥,386
2026-02-03,gamja,감자,수미(노지)(100g),식량작물,면·밥,389
2026-02-04,gamja,감자,수미(노지)(100g),식량작물,면·밥,395
2026-02-05,gamja,감자,수미(노지)(100g),식량작물,면·밥,389
2026-02-06,gamja,감자,수미(노지)(100g),식량작물,면·밥,517
2026-02-09,gamja,감자,수미(노지)(100g),식량작물,면·밥,518
2026-02-10,gamja,감자,수미(노지)(100g),식량작물,면·밥,520
2026-02-11,gamja,감자,수미(노지)(100g),식량작물,면·밥,543
2026-02-12,gamja,감자,수미(노지)(100g),식량작물,면·밥,502
2026-02-13,gamja,감자,수미(노지)(100g),식량작물,면·밥,518
2026-02-19,gamja,감자,수미(노지)(100g),식량작물,면·밥,516
2026-02-20,gamja,감자,수미(노지)(100g),식량작물,면·밥,518
2026-02-23,gamja,감자,수미(노지)(100g),식량작물,면·밥,512
2026-02-24,gamja,감자,수미(노지)(100g),식량작물,면·밥,510
2026-02-25,gamja,감자,수미(노지)(100g),식량작물,면·밥,516
2026-02-26,gamja,감자,수미(노지)(100g),식량작물,면·밥,526
2026-02-27,gamja,감자,수미(노지)(100g),식량작물,면·밥,531
2026-03-03,gamja,감자,수미(노지)(100g),식량작물,면·밥,523
2026-03-04,gamja,감자,수미(노지)(100g),식량작물,면·밥,526
2026-03-05,gamja,감자,수미(노지)(100g),식량작물,면·밥,552
2026-03-06,gamja,감자,수미(노지)(100g),식량작물,면·밥,556
2026-03-09,gamja,감자,수미(노지)(100g),식량작물,면·밥,561
2026-03-10,gamja,감자,수미(노지)(100g),식량작물,면·밥,561
2026-03-11,gamja,감자,수미(노지)(100g),식량작물,면·밥,558
2026-03-12,gamja,감자,수미(노지)(100g),식량작물,면·밥,558
2026-03-13,gamja,감자,수미(노지)(100g),식량작물,면·밥,559
2026-03-16,gamja,감자,수미(노지)(100g),식량작물,면·밥,576
2026-03-17,gamja,감자,수미(노지)(100g),식량작물,면·밥,576
2026-03-18,gamja,감자,수미(노지)(100g),식량작물,면·밥,572
2026-03-19,gamja,감자,수미(노지)(100g),식량작물,면·밥,555
2026-03-20,gamja,감자,수미(노지)(100g),식량작물,면·밥,553
2026-03-23,gamja,감자,수미(노지)(100g),식량작물,면·밥,565
2026-03-24,gamja,감자,수미(노지)(100g),식량작물,면·밥,565
2026-03-25,gamja,감자,수미(노지)(100g),식량작물,면·밥,565
2026-03-26,gamja,감자,수미(노지)(100g),식량작물,면·밥,559
2026-03-27,gamja,감자,수미(노지)(100g),식량작물,면·밥,559
2026-03-30,gamja,감자,수미(노지)(100g),식량작물,면·밥,568
2026-03-31,gamja,감자,수미(노지)(100g),식량작물,면·밥,573
2026-04-01,gamja,감자,수미(노지)(100g),식량작물,면·밥,593
2026-04-02,gamja,감자,수미(노지)(100g),식량작물,면·밥,575
2026-04-03,gamja,감자,수미(노지)(100g),식량작물,면·밥,571
2026-04-06,gamja,감자,수미(노지)(100g),식량작물,면·밥,565
2026-04-07,gamja,감자,수미(노지)(100g),식량작물,면·밥,585
2026-04-08,gamja,감자,수미(노지)(100g),식량작물,면·밥,582
2026-04-09,gamja,감자,수미(노지)(100g),식량작물,면·밥,573
2026-04-10,gamja,감자,수미(노지)(100g),식량작물,면·밥,569
2026-04-13,gamja,감자,수미(노지)(100g),식량작물,면·밥,569
2026-04-14,gamja,감자,수미(노지)(100g),식량작물,면·밥,578
2026-04-15,gamja,감자,수미(노지)(100g),식량작물,면·밥,582
2026-04-16,gamja,감자,수미(노지)(100g),식량작물,면·밥,588
2026-04-17,gamja,감자,수미(노지)(100g),식량작물,면·밥,555
2026-04-20,gamja,감자,수미(노지)(100g),식량작물,면·밥,596
2026-04-21,gamja,감자,수미(노지)(100g),식량작물,면·밥,605
2026-04-22,gamja,감자,수미(노지)(100g),식량작물,면·밥,596
2026-04-23,gamja,감자,수미(노지)(100g),식량작물,면·밥,590
2026-04-24,gamja,감자,수미(노지)(100g),식량작물,면·밥,588
2026-04-27,gamja,감자,수미(노지)(100g),식량작물,면·밥,588
2026-04-28,gamja,감자,수미(노지)(100g),식량작물,면·밥,589
2026-04-29,gamja,감자,수미(노지)(100g),식량작물,면·밥,592
2026-04-30,gamja,감자,수미(노지)(100g),식량작물,면·밥,577
2026-05-04,gamja,감자,수미(노지)(100g),식량작물,면·밥,569
2026-05-06,gamja,감자,수미(노지)(100g),식량작물,면·밥,569
2026-05-07,gamja,감자,수미(노지)(100g),식량작물,면·밥,584
2026-05-08,gamja,감자,수미(노지)(100g),식량작물,면·밥,584
2026-05-11,gamja,감자,수미(노지)(100g),식량작물,면·밥,584
2026-05-12,gamja,감자,수미(노지)(100g),식량작물,면·밥,612
2026-05-13,gamja,감자,수미(노지)(100g),식량작물,면·밥,608
2026-05-14,gamja,감자,수미(노지)(100g),식량작물,면·밥,597
2026-05-15,gamja,감자,수미(노지)(100g),식량작물,면·밥,576
2026-05-18,gamja,감자,수미(노지)(100g),식량작물,면·밥,550
2026-05-19,gamja,감자,수미(노지)(100g),식량작물,면·밥,541
2026-05-20,gamja,감자,수미(노지)(100g),식량작물,면·밥,535
2026-05-21,gamja,감자,수미(노지)(100g),식량작물,면·밥,519
2026-05-22,gamja,감자,수미(노지)(100g),식량작물,면·밥,500
2026-05-26,gamja,감자,수미(노지)(100g),식량작물,면·밥,498
2026-05-27,gamja,감자,수미(노지)(100g),식량작물,면·밥,492
2026-05-28,gamja,감자,수미(노지)(100g),식량작물,면·밥,481
2026-05-29,gamja,감자,수미(노지)(100g),식량작물,면·밥,481
2026-06-01,gamja,감자,수미(노지)(100g),식량작물,면·밥,498
2026-06-02,gamja,감자,수미(노지)(100g),식량작물,면·밥,496
2026-06-04,gamja,감자,수미(노지)(100g),식량작물,면·밥,429
2026-06-05,gamja,감자,수미(노지)(100g),식량작물,면·밥,420
2026-06-08,gamja,감자,수미(노지)(100g),식량작물,면·밥,427
2026-06-09,gamja,감자,수미(노지)(100g),식량작물,면·밥,420
2026-06-10,gamja,감자,수미(노지)(100g),식량작물,면·밥,416
2026-06-11,gamja,감자,수미(노지)(100g),식량작물,면·밥,416
2026-06-12,gamja,감자,수미(노지)(100g),식량작물,면·밥,411
2026-06-15,gamja,감자,수미(노지)(100g),식량작물,면·밥,409
2026-06-16,gamja,감자,수미(노지)(100g),식량작물,면·밥,403
2026-06-17,gamja,감자,수미(노지)(100g),식량작물,면·밥,368
2026-06-18,gamja,감자,수미(노지)(100g),식량작물,면·밥,350
2026-06-19,gamja,감자,수미(노지)(100g),식량작물,면·밥,338
2026-06-22,gamja,감자,수미(노지)(100g),식량작물,면·밥,320
2026-06-23,gamja,감자,수미(노지)(100g),식량작물,면·밥,321
2026-06-24,gamja,감자,수미(노지)(100g),식량작물,면·밥,316
2026-06-25,gamja,감자,수미(노지)(100g),식량작물,면·밥,313
2026-06-26,gamja,감자,수미(노지)(100g),식량작물,면·밥,311
2026-06-29,gamja,감자,수미(노지)(100g),식량작물,면·밥,308
2026-06-30,gamja,감자,수미(노지)(100g),식량작물,면·밥,320
2026-07-01,gamja,감자,수미(노지)(100g),식량작물,면·밥,317
2026-07-02,gamja,감자,수미(노지)(100g),식량작물,면·밥,294
2026-07-03,gamja,감자,수미(노지)(100g),식량작물,면·밥,293
2026-07-06,gamja,감자,수미(노지)(100g),식량작물,면·밥,312
2026-07-07,gamja,감자,수미(노지)(100g),식량작물,면·밥,307
2026-07-08,gamja,감자,수미(노지)(100g),식량작물,면·밥,300
2026-07-09,gamja,감자,수미(노지)(100g),식량작물,면·밥,313
2026-07-10,gamja,감자,수미(노지)(100g),식량작물,면·밥,312
2026-07-13,gamja,감자,수미(노지)(100g),식량작물,면·밥,315
2026-07-14,gamja,감자,수미(노지)(100g),식량작물,면·밥,314
2026-07-15,gamja,감자,수미(노지)(100g),식량작물,면·밥,311
2026-07-16,gamja,감자,수미(노지)(100g),식량작물,면·밥,321
2026-07-20,gamja,감자,수미(노지)(100g),식량작물,면·밥,310
2026-07-21,gamja,감자,수미(노지)(100g),식량작물,면·밥,312
2026-07-22,gamja,감자,수미(노지)(100g),식량작물,면·밥,313
2026-07-23,gamja,감자,수미(노지)(100g),식량작물,면·밥,308
2026-07-24,gamja,감자,수미(노지)(100g),식량작물,면·밥,308
2026-07-27,gamja,감자,수미(노지)(100g),식량작물,면·밥,310
2026-07-28,gamja,감자,수미(노지)(100g),식량작물,면·밥,311
2026-07-29,gamja,감자,수미(노지)(100g),식량작물,면·밥,303
2026-07-30,gamja,감자,수미(노지)(100g),식량작물,면·밥,320
2026-07-31,gamja,감자,수미(노지)(100g),식량작물,면·밥,322
2026-08-03,gamja,감자,수미(노지)(100g),식량작물,면·밥,332
2026-08-04,gamja,감자,수미(노지)(100g),식량작물,면·밥,333
2026-08-05,gamja,감자,수미(노지)(100g),식량작물,면·밥,334
2026-08-06,gamja,감자,수미(노지)(100g),식량작물,면·밥,286
2026-08-07,gamja,감자,수미(노지)(100g),식량작물,면·밥,282
2026-08-10,gamja,감자,수미(노지)(100g),식량작물,면·밥,282
2026-08-11,gamja,감자,수미(노지)(100g),식량작물,면·밥,283
2026-08-12,gamja,감자,수미(노지)(100g),식량작물,면·밥,282
2026-08-13,gamja,감자,수미(노지)(100g),식량작물,면·밥,280
2026-08-14,gamja,감자,수미(노지)(100g),식량작물,면·밥,262
2026-08-18,gamja,감자,수미(노지)(100g),식량작물,면·밥,263
2026-08-19,gamja,감자,수미(노지)(100g),식량작물,면·밥,267
2026-08-20,gamja,감자,수미(노지)(100g),식량작물,면·밥,312
2026-08-21,gamja,감자,수미(노지)(100g),식량작물,면·밥,316
2026-08-24,gamja,감자,수미(노지)(100g),식량작물,면·밥,320
2026-08-25,gamja,감자,수미(노지)(100g),식량작물,면·밥,331
2026-08-26,gamja,감자,수미(노지)(100g),식량작물,면·밥,334
2026-08-27,gamja,감자,수미(노지)(100g),식량작물,면·밥,335
2026-08-28,gamja,감자,수미(노지)(100g),식량작물,면·밥,339
2026-08-31,gamja,감자,수미(노지)(100g),식량작물,면·밥,340
2026-09-01,gamja,감자,수미(노지)(100g),식량작물,면·밥,340
2026-09-02,gamja,감자,수미(노지)(100g),식량작물,면·밥,341
2026-09-03,gamja,감자,수미(노지)(100g),식량작물,면·밥,318
2026-09-04,gamja,감자,수미(노지)(100g),식량작물,면·밥,319
2026-09-07,gamja,감자,수미(노지)(100g),식량작물,면·밥,319
2026-09-08,gamja,감자,수미(노지)(100g),식량작물,면·밥,320
2026-09-09,gamja,감자,수미(노지)(100g),식량작물,면·밥,320
2025-09-10,goguma,고구마,밤(1kg),식량작물,간식,5627
2025-09-10,goguma,고구마,밤(1kg),식량작물,간식,5627
2025-09-10,goguma,고구마,밤(1kg),식량작물,간식,5627
2025-09-10,goguma,고구마,밤(1kg),식량작물,간식,5627
2025-09-10,goguma,고구마,밤(1kg),식량작물,간식,5627
2025-09-10,goguma,고구마,밤(1kg),식량작물,간식,5627
2025-09-10,goguma,고구마,밤(1kg),식량작물,간식,5627
2025-09-11,goguma,고구마,밤(1kg),식량작물,간식,5333
2025-09-11,goguma,고구마,밤(1kg),식량작물,간식,5333
2025-09-11,goguma,고구마,밤(1kg),식량작물,간식,5333
2025-09-11,goguma,고구마,밤(1kg),식량작물,간식,5333
2025-09-11,goguma,고구마,밤(1kg),식량작물,간식,5333
2025-09-11,goguma,고구마,밤(1kg),식량작물,간식,5333
2025-09-11,goguma,고구마,밤(1kg),식량작물,간식,5333
2025-09-12,goguma,고구마,밤(1kg),식량작물,간식,5293
2025-09-12,goguma,고구마,밤(1kg),식량작물,간식,5293
2025-09-12,goguma,고구마,밤(1kg),식량작물,간식,5293
2025-09-12,goguma,고구마,밤(1kg),식량작물,간식,5293
2025-09-12,goguma,고구마,밤(1kg),식량작물,간식,5293
2025-09-12,goguma,고구마,밤(1kg),식량작물,간식,5293
2025-09-12,goguma,고구마,밤(1kg),식량작물,간식,5293
2025-09-15,goguma,고구마,밤(1kg),식량작물,간식,5462
2025-09-15,goguma,고구마,밤(1kg),식량작물,간식,5462
2025-09-15,goguma,고구마,밤(1kg),식량작물,간식,5462
2025-09-15,goguma,고구마,밤(1kg),식량작물,간식,5462
2025-09-15,goguma,고구마,밤(1kg),식량작물,간식,5462
2025-09-15,goguma,고구마,밤(1kg),식량작물,간식,5462
2025-09-15,goguma,고구마,밤(1kg),식량작물,간식,5462
2025-09-16,goguma,고구마,밤(1kg),식량작물,간식,5481
2025-09-16,goguma,고구마,밤(1kg),식량작물,간식,5481
2025-09-16,goguma,고구마,밤(1kg),식량작물,간식,5481
2025-09-16,goguma,고구마,밤(1kg),식량작물,간식,5481
2025-09-16,goguma,고구마,밤(1kg),식량작물,간식,5481
2025-09-16,goguma,고구마,밤(1kg),식량작물,간식,5481
2025-09-16,goguma,고구마,밤(1kg),식량작물,간식,5481
2025-09-17,goguma,고구마,밤(1kg),식량작물,간식,5620
2025-09-17,goguma,고구마,밤(1kg),식량작물,간식,5620
2025-09-17,goguma,고구마,밤(1kg),식량작물,간식,5620
2025-09-17,goguma,고구마,밤(1kg),식량작물,간식,5620
2025-09-17,goguma,고구마,밤(1kg),식량작물,간식,5620
2025-09-17,goguma,고구마,밤(1kg),식량작물,간식,5620
2025-09-17,goguma,고구마,밤(1kg),식량작물,간식,5620
2025-09-18,goguma,고구마,밤(1kg),식량작물,간식,5310
2025-09-18,goguma,고구마,밤(1kg),식량작물,간식,5310
2025-09-18,goguma,고구마,밤(1kg),식량작물,간식,5310
2025-09-18,goguma,고구마,밤(1kg),식량작물,간식,5310
2025-09-18,goguma,고구마,밤(1kg),식량작물,간식,5310
2025-09-18,goguma,고구마,밤(1kg),식량작물,간식,5310
2025-09-18,goguma,고구마,밤(1kg),식량작물,간식,5310
2025-09-19,goguma,고구마,밤(1kg),식량작물,간식,5243
2025-09-19,goguma,고구마,밤(1kg),식량작물,간식,5243
2025-09-19,goguma,고구마,밤(1kg),식량작물,간식,5243
2025-09-19,goguma,고구마,밤(1kg),식량작물,간식,5243
2025-09-19,goguma,고구마,밤(1kg),식량작물,간식,5243
2025-09-19,goguma,고구마,밤(1kg),식량작물,간식,5243
2025-09-19,goguma,고구마,밤(1kg),식량작물,간식,5243
2025-09-22,goguma,고구마,밤(1kg),식량작물,간식,5198
2025-09-22,goguma,고구마,밤(1kg),식량작물,간식,5198
2025-09-22,goguma,고구마,밤(1kg),식량작물,간식,5198
2025-09-22,goguma,고구마,밤(1kg),식량작물,간식,5198
2025-09-22,goguma,고구마,밤(1kg),식량작물,간식,5198
2025-09-22,goguma,고구마,밤(1kg),식량작물,간식,5198
2025-09-22,goguma,고구마,밤(1kg),식량작물,간식,5198
2025-09-23,goguma,고구마,밤(1kg),식량작물,간식,5238
2025-09-23,goguma,고구마,밤(1kg),식량작물,간식,5238
2025-09-23,goguma,고구마,밤(1kg),식량작물,간식,5238
2025-09-23,goguma,고구마,밤(1kg),식량작물,간식,5238
2025-09-23,goguma,고구마,밤(1kg),식량작물,간식,5238
2025-09-23,goguma,고구마,밤(1kg),식량작물,간식,5238
2025-09-23,goguma,고구마,밤(1kg),식량작물,간식,5238
2025-09-24,goguma,고구마,밤(1kg),식량작물,간식,5240
2025-09-24,goguma,고구마,밤(1kg),식량작물,간식,5240
2025-09-24,goguma,고구마,밤(1kg),식량작물,간식,5240
2025-09-24,goguma,고구마,밤(1kg),식량작물,간식,5240
2025-09-24,goguma,고구마,밤(1kg),식량작물,간식,5240
2025-09-24,goguma,고구마,밤(1kg),식량작물,간식,5240
2025-09-24,goguma,고구마,밤(1kg),식량작물,간식,5240
2025-09-25,goguma,고구마,밤(1kg),식량작물,간식,5282
2025-09-25,goguma,고구마,밤(1kg),식량작물,간식,5282
2025-09-25,goguma,고구마,밤(1kg),식량작물,간식,5282
2025-09-25,goguma,고구마,밤(1kg),식량작물,간식,5282
2025-09-25,goguma,고구마,밤(1kg),식량작물,간식,5282
2025-09-25,goguma,고구마,밤(1kg),식량작물,간식,5282
2025-09-25,goguma,고구마,밤(1kg),식량작물,간식,5282
2025-09-26,goguma,고구마,밤(1kg),식량작물,간식,5310
2025-09-26,goguma,고구마,밤(1kg),식량작물,간식,5310
2025-09-26,goguma,고구마,밤(1kg),식량작물,간식,5310
2025-09-26,goguma,고구마,밤(1kg),식량작물,간식,5310
2025-09-26,goguma,고구마,밤(1kg),식량작물,간식,5310
2025-09-26,goguma,고구마,밤(1kg),식량작물,간식,5310
2025-09-26,goguma,고구마,밤(1kg),식량작물,간식,5310
2025-09-29,goguma,고구마,밤(1kg),식량작물,간식,5398
2025-09-29,goguma,고구마,밤(1kg),식량작물,간식,5398
2025-09-29,goguma,고구마,밤(1kg),식량작물,간식,5398
2025-09-29,goguma,고구마,밤(1kg),식량작물,간식,5398
2025-09-29,goguma,고구마,밤(1kg),식량작물,간식,5398
2025-09-29,goguma,고구마,밤(1kg),식량작물,간식,5398
2025-09-29,goguma,고구마,밤(1kg),식량작물,간식,5398
2025-09-30,goguma,고구마,밤(1kg),식량작물,간식,5059
2025-09-30,goguma,고구마,밤(1kg),식량작물,간식,5059
2025-09-30,goguma,고구마,밤(1kg),식량작물,간식,5059
2025-09-30,goguma,고구마,밤(1kg),식량작물,간식,5059
2025-09-30,goguma,고구마,밤(1kg),식량작물,간식,5059
2025-09-30,goguma,고구마,밤(1kg),식량작물,간식,5059
2025-09-30,goguma,고구마,밤(1kg),식량작물,간식,5059
2025-10-01,goguma,고구마,밤(1kg),식량작물,간식,4980
2025-10-01,goguma,고구마,밤(1kg),식량작물,간식,4980
2025-10-01,goguma,고구마,밤(1kg),식량작물,간식,4980
2025-10-01,goguma,고구마,밤(1kg),식량작물,간식,4980
2025-10-01,goguma,고구마,밤(1kg),식량작물,간식,4980
2025-10-01,goguma,고구마,밤(1kg),식량작물,간식,4980
2025-10-01,goguma,고구마,밤(1kg),식량작물,간식,4980
2025-10-02,goguma,고구마,밤(1kg),식량작물,간식,4921
2025-10-02,goguma,고구마,밤(1kg),식량작물,간식,4921
2025-10-02,goguma,고구마,밤(1kg),식량작물,간식,4921
2025-10-02,goguma,고구마,밤(1kg),식량작물,간식,4921
2025-10-02,goguma,고구마,밤(1kg),식량작물,간식,4921
2025-10-02,goguma,고구마,밤(1kg),식량작물,간식,4921
2025-10-02,goguma,고구마,밤(1kg),식량작물,간식,4921
2025-10-10,goguma,고구마,밤(1kg),식량작물,간식,4988
2025-10-10,goguma,고구마,밤(1kg),식량작물,간식,4988
2025-10-10,goguma,고구마,밤(1kg),식량작물,간식,4988
2025-10-10,goguma,고구마,밤(1kg),식량작물,간식,4988
2025-10-10,goguma,고구마,밤(1kg),식량작물,간식,4988
2025-10-10,goguma,고구마,밤(1kg),식량작물,간식,4988
2025-10-10,goguma,고구마,밤(1kg),식량작물,간식,4988
2025-10-13,goguma,고구마,밤(1kg),식량작물,간식,5202
2025-10-13,goguma,고구마,밤(1kg),식량작물,간식,5202
2025-10-13,goguma,고구마,밤(1kg),식량작물,간식,5202
2025-10-13,goguma,고구마,밤(1kg),식량작물,간식,5202
2025-10-13,goguma,고구마,밤(1kg),식량작물,간식,5202
2025-10-13,goguma,고구마,밤(1kg),식량작물,간식,5202
2025-10-13,goguma,고구마,밤(1kg),식량작물,간식,5202
2025-10-14,goguma,고구마,밤(1kg),식량작물,간식,5222
2025-10-14,goguma,고구마,밤(1kg),식량작물,간식,5222
2025-10-14,goguma,고구마,밤(1kg),식량작물,간식,5222
2025-10-14,goguma,고구마,밤(1kg),식량작물,간식,5222
2025-10-14,goguma,고구마,밤(1kg),식량작물,간식,5222
2025-10-14,goguma,고구마,밤(1kg),식량작물,간식,5222
2025-10-14,goguma,고구마,밤(1kg),식량작물,간식,5222
2025-10-15,goguma,고구마,밤(1kg),식량작물,간식,5380
2025-10-15,goguma,고구마,밤(1kg),식량작물,간식,5380
2025-10-15,goguma,고구마,밤(1kg),식량작물,간식,5380
2025-10-15,goguma,고구마,밤(1kg),식량작물,간식,5380
2025-10-15,goguma,고구마,밤(1kg),식량작물,간식,5380
2025-10-15,goguma,고구마,밤(1kg),식량작물,간식,5380
2025-10-15,goguma,고구마,밤(1kg),식량작물,간식,5380
2025-10-16,goguma,고구마,밤(1kg),식량작물,간식,5272
2025-10-16,goguma,고구마,밤(1kg),식량작물,간식,5272
2025-10-16,goguma,고구마,밤(1kg),식량작물,간식,5272
2025-10-16,goguma,고구마,밤(1kg),식량작물,간식,5272
2025-10-16,goguma,고구마,밤(1kg),식량작물,간식,5272
2025-10-16,goguma,고구마,밤(1kg),식량작물,간식,5272
2025-10-16,goguma,고구마,밤(1kg),식량작물,간식,5272
2025-10-17,goguma,고구마,밤(1kg),식량작물,간식,5299
2025-10-17,goguma,고구마,밤(1kg),식량작물,간식,5299
2025-10-17,goguma,고구마,밤(1kg),식량작물,간식,5299
2025-10-17,goguma,고구마,밤(1kg),식량작물,간식,5299
2025-10-17,goguma,고구마,밤(1kg),식량작물,간식,5299
2025-10-17,goguma,고구마,밤(1kg),식량작물,간식,5299
2025-10-17,goguma,고구마,밤(1kg),식량작물,간식,5299
2025-10-20,goguma,고구마,밤(1kg),식량작물,간식,5301
2025-10-20,goguma,고구마,밤(1kg),식량작물,간식,5301
2025-10-20,goguma,고구마,밤(1kg),식량작물,간식,5301
2025-10-20,goguma,고구마,밤(1kg),식량작물,간식,5301
2025-10-20,goguma,고구마,밤(1kg),식량작물,간식,5301
2025-10-20,goguma,고구마,밤(1kg),식량작물,간식,5301
2025-10-20,goguma,고구마,밤(1kg),식량작물,간식,5301
2025-10-21,goguma,고구마,밤(1kg),식량작물,간식,5290
2025-10-21,goguma,고구마,밤(1kg),식량작물,간식,5290
2025-10-21,goguma,고구마,밤(1kg),식량작물,간식,5290
2025-10-21,goguma,고구마,밤(1kg),식량작물,간식,5290
2025-10-21,goguma,고구마,밤(1kg),식량작물,간식,5290
2025-10-21,goguma,고구마,밤(1kg),식량작물,간식,5290
2025-10-21,goguma,고구마,밤(1kg),식량작물,간식,5290
2025-10-22,goguma,고구마,밤(1kg),식량작물,간식,5290
2025-10-22,goguma,고구마,밤(1kg),식량작물,간식,5290
2025-10-22,goguma,고구마,밤(1kg),식량작물,간식,5290
2025-10-22,goguma,고구마,밤(1kg),식량작물,간식,5290
2025-10-22,goguma,고구마,밤(1kg),식량작물,간식,5290
2025-10-22,goguma,고구마,밤(1kg),식량작물,간식,5290
2025-10-22,goguma,고구마,밤(1kg),식량작물,간식,5290
2025-10-23,goguma,고구마,밤(1kg),식량작물,간식,5582
2025-10-23,goguma,고구마,밤(1kg),식량작물,간식,5582
2025-10-23,goguma,고구마,밤(1kg),식량작물,간식,5582
2025-10-23,goguma,고구마,밤(1kg),식량작물,간식,5582
2025-10-23,goguma,고구마,밤(1kg),식량작물,간식,5582
2025-10-23,goguma,고구마,밤(1kg),식량작물,간식,5582
2025-10-23,goguma,고구마,밤(1kg),식량작물,간식,5582
2025-10-24,goguma,고구마,밤(1kg),식량작물,간식,5481
2025-10-24,goguma,고구마,밤(1kg),식량작물,간식,5481
2025-10-24,goguma,고구마,밤(1kg),식량작물,간식,5481
2025-10-24,goguma,고구마,밤(1kg),식량작물,간식,5481
2025-10-24,goguma,고구마,밤(1kg),식량작물,간식,5481
2025-10-24,goguma,고구마,밤(1kg),식량작물,간식,5481
2025-10-24,goguma,고구마,밤(1kg),식량작물,간식,5481
2025-10-27,goguma,고구마,밤(1kg),식량작물,간식,5461
2025-10-27,goguma,고구마,밤(1kg),식량작물,간식,5461
2025-10-27,goguma,고구마,밤(1kg),식량작물,간식,5461
2025-10-27,goguma,고구마,밤(1kg),식량작물,간식,5461
2025-10-27,goguma,고구마,밤(1kg),식량작물,간식,5461
2025-10-27,goguma,고구마,밤(1kg),식량작물,간식,5461
2025-10-27,goguma,고구마,밤(1kg),식량작물,간식,5461
2025-10-28,goguma,고구마,밤(1kg),식량작물,간식,5374
2025-10-28,goguma,고구마,밤(1kg),식량작물,간식,5374
2025-10-28,goguma,고구마,밤(1kg),식량작물,간식,5374
2025-10-28,goguma,고구마,밤(1kg),식량작물,간식,5374
2025-10-28,goguma,고구마,밤(1kg),식량작물,간식,5374
2025-10-28,goguma,고구마,밤(1kg),식량작물,간식,5374
2025-10-28,goguma,고구마,밤(1kg),식량작물,간식,5374
2025-10-29,goguma,고구마,밤(1kg),식량작물,간식,5404
2025-10-29,goguma,고구마,밤(1kg),식량작물,간식,5404
2025-10-29,goguma,고구마,밤(1kg),식량작물,간식,5404
2025-10-29,goguma,고구마,밤(1kg),식량작물,간식,5404
2025-10-29,goguma,고구마,밤(1kg),식량작물,간식,5404
2025-10-29,goguma,고구마,밤(1kg),식량작물,간식,5404
2025-10-29,goguma,고구마,밤(1kg),식량작물,간식,5404
2025-10-30,goguma,고구마,밤(1kg),식량작물,간식,4060
2025-10-30,goguma,고구마,밤(1kg),식량작물,간식,4060
2025-10-30,goguma,고구마,밤(1kg),식량작물,간식,4060
2025-10-30,goguma,고구마,밤(1kg),식량작물,간식,4060
2025-10-30,goguma,고구마,밤(1kg),식량작물,간식,4060
2025-10-30,goguma,고구마,밤(1kg),식량작물,간식,4060
2025-10-30,goguma,고구마,밤(1kg),식량작물,간식,4060
2025-10-31,goguma,고구마,밤(1kg),식량작물,간식,4053
2025-10-31,goguma,고구마,밤(1kg),식량작물,간식,4053
2025-10-31,goguma,고구마,밤(1kg),식량작물,간식,4053
2025-10-31,goguma,고구마,밤(1kg),식량작물,간식,4053
2025-10-31,goguma,고구마,밤(1kg),식량작물,간식,4053
2025-10-31,goguma,고구마,밤(1kg),식량작물,간식,4053
2025-10-31,goguma,고구마,밤(1kg),식량작물,간식,4053
2025-11-03,goguma,고구마,밤(1kg),식량작물,간식,4212
2025-11-03,goguma,고구마,밤(1kg),식량작물,간식,4212
2025-11-03,goguma,고구마,밤(1kg),식량작물,간식,4212
2025-11-03,goguma,고구마,밤(1kg),식량작물,간식,4212
2025-11-03,goguma,고구마,밤(1kg),식량작물,간식,4212
2025-11-03,goguma,고구마,밤(1kg),식량작물,간식,4212
2025-11-03,goguma,고구마,밤(1kg),식량작물,간식,4212
2025-11-04,goguma,고구마,밤(1kg),식량작물,간식,4163
2025-11-04,goguma,고구마,밤(1kg),식량작물,간식,4163
2025-11-04,goguma,고구마,밤(1kg),식량작물,간식,4163
2025-11-04,goguma,고구마,밤(1kg),식량작물,간식,4163
2025-11-04,goguma,고구마,밤(1kg),식량작물,간식,4163
2025-11-04,goguma,고구마,밤(1kg),식량작물,간식,4163
2025-11-04,goguma,고구마,밤(1kg),식량작물,간식,4163
2025-11-05,goguma,고구마,밤(1kg),식량작물,간식,4228
2025-11-05,goguma,고구마,밤(1kg),식량작물,간식,4228
2025-11-05,goguma,고구마,밤(1kg),식량작물,간식,4228
2025-11-05,goguma,고구마,밤(1kg),식량작물,간식,4228
2025-11-05,goguma,고구마,밤(1kg),식량작물,간식,4228
2025-11-05,goguma,고구마,밤(1kg),식량작물,간식,4228
2025-11-05,goguma,고구마,밤(1kg),식량작물,간식,4228
2025-11-06,goguma,고구마,밤(1kg),식량작물,간식,4457
2025-11-06,goguma,고구마,밤(1kg),식량작물,간식,4457
2025-11-06,goguma,고구마,밤(1kg),식량작물,간식,4457
2025-11-06,goguma,고구마,밤(1kg),식량작물,간식,4457
2025-11-06,goguma,고구마,밤(1kg),식량작물,간식,4457
2025-11-06,goguma,고구마,밤(1kg),식량작물,간식,4457
2025-11-06,goguma,고구마,밤(1kg),식량작물,간식,4457
2025-11-07,goguma,고구마,밤(1kg),식량작물,간식,4389
2025-11-07,goguma,고구마,밤(1kg),식량작물,간식,4389
2025-11-07,goguma,고구마,밤(1kg),식량작물,간식,4389
2025-11-07,goguma,고구마,밤(1kg),식량작물,간식,4389
2025-11-07,goguma,고구마,밤(1kg),식량작물,간식,4389
2025-11-07,goguma,고구마,밤(1kg),식량작물,간식,4389
2025-11-07,goguma,고구마,밤(1kg),식량작물,간식,4389
2025-11-10,goguma,고구마,밤(1kg),식량작물,간식,4518
2025-11-10,goguma,고구마,밤(1kg),식량작물,간식,4518
2025-11-10,goguma,고구마,밤(1kg),식량작물,간식,4518
2025-11-10,goguma,고구마,밤(1kg),식량작물,간식,4518
2025-11-10,goguma,고구마,밤(1kg),식량작물,간식,4518
2025-11-10,goguma,고구마,밤(1kg),식량작물,간식,4518
2025-11-10,goguma,고구마,밤(1kg),식량작물,간식,4518
2025-11-11,goguma,고구마,밤(1kg),식량작물,간식,4585
2025-11-11,goguma,고구마,밤(1kg),식량작물,간식,4585
2025-11-11,goguma,고구마,밤(1kg),식량작물,간식,4585
2025-11-11,goguma,고구마,밤(1kg),식량작물,간식,4585
2025-11-11,goguma,고구마,밤(1kg),식량작물,간식,4585
2025-11-11,goguma,고구마,밤(1kg),식량작물,간식,4585
2025-11-11,goguma,고구마,밤(1kg),식량작물,간식,4585
2025-11-12,goguma,고구마,밤(1kg),식량작물,간식,4598
2025-11-12,goguma,고구마,밤(1kg),식량작물,간식,4598
2025-11-12,goguma,고구마,밤(1kg),식량작물,간식,4598
2025-11-12,goguma,고구마,밤(1kg),식량작물,간식,4598
2025-11-12,goguma,고구마,밤(1kg),식량작물,간식,4598
2025-11-12,goguma,고구마,밤(1kg),식량작물,간식,4598
2025-11-12,goguma,고구마,밤(1kg),식량작물,간식,4598
2025-11-13,goguma,고구마,밤(1kg),식량작물,간식,4812
2025-11-13,goguma,고구마,밤(1kg),식량작물,간식,4812
2025-11-13,goguma,고구마,밤(1kg),식량작물,간식,4812
2025-11-13,goguma,고구마,밤(1kg),식량작물,간식,4812
2025-11-13,goguma,고구마,밤(1kg),식량작물,간식,4812
2025-11-13,goguma,고구마,밤(1kg),식량작물,간식,4812
2025-11-13,goguma,고구마,밤(1kg),식량작물,간식,4812
2025-11-14,goguma,고구마,밤(1kg),식량작물,간식,4752
2025-11-14,goguma,고구마,밤(1kg),식량작물,간식,4752
2025-11-14,goguma,고구마,밤(1kg),식량작물,간식,4752
2025-11-14,goguma,고구마,밤(1kg),식량작물,간식,4752
2025-11-14,goguma,고구마,밤(1kg),식량작물,간식,4752
2025-11-14,goguma,고구마,밤(1kg),식량작물,간식,4752
2025-11-14,goguma,고구마,밤(1kg),식량작물,간식,4752
2025-11-17,goguma,고구마,밤(1kg),식량작물,간식,4773
2025-11-17,goguma,고구마,밤(1kg),식량작물,간식,4773
2025-11-17,goguma,고구마,밤(1kg),식량작물,간식,4773
2025-11-17,goguma,고구마,밤(1kg),식량작물,간식,4773
2025-11-17,goguma,고구마,밤(1kg),식량작물,간식,4773
2025-11-17,goguma,고구마,밤(1kg),식량작물,간식,4773
2025-11-17,goguma,고구마,밤(1kg),식량작물,간식,4773
2025-11-18,goguma,고구마,밤(1kg),식량작물,간식,4818
2025-11-18,goguma,고구마,밤(1kg),식량작물,간식,4818
2025-11-18,goguma,고구마,밤(1kg),식량작물,간식,4818
2025-11-18,goguma,고구마,밤(1kg),식량작물,간식,4818
2025-11-18,goguma,고구마,밤(1kg),식량작물,간식,4818
2025-11-18,goguma,고구마,밤(1kg),식량작물,간식,4818
2025-11-18,goguma,고구마,밤(1kg),식량작물,간식,4818
2025-11-19,goguma,고구마,밤(1kg),식량작물,간식,4771
2025-11-19,goguma,고구마,밤(1kg),식량작물,간식,4771
2025-11-19,goguma,고구마,밤(1kg),식량작물,간식,4771
2025-11-19,goguma,고구마,밤(1kg),식량작물,간식,4771
2025-11-19,goguma,고구마,밤(1kg),식량작물,간식,4771
2025-11-19,goguma,고구마,밤(1kg),식량작물,간식,4771
2025-11-19,goguma,고구마,밤(1kg),식량작물,간식,4771
2025-11-20,goguma,고구마,밤(1kg),식량작물,간식,4853
2025-11-20,goguma,고구마,밤(1kg),식량작물,간식,4853
2025-11-20,goguma,고구마,밤(1kg),식량작물,간식,4853
2025-11-20,goguma,고구마,밤(1kg),식량작물,간식,4853
2025-11-20,goguma,고구마,밤(1kg),식량작물,간식,4853
2025-11-20,goguma,고구마,밤(1kg),식량작물,간식,4853
2025-11-20,goguma,고구마,밤(1kg),식량작물,간식,4853
2025-11-21,goguma,고구마,밤(1kg),식량작물,간식,4866
2025-11-21,goguma,고구마,밤(1kg),식량작물,간식,4866
2025-11-21,goguma,고구마,밤(1kg),식량작물,간식,4866
2025-11-21,goguma,고구마,밤(1kg),식량작물,간식,4866
2025-11-21,goguma,고구마,밤(1kg),식량작물,간식,4866
2025-11-21,goguma,고구마,밤(1kg),식량작물,간식,4866
2025-11-21,goguma,고구마,밤(1kg),식량작물,간식,4866
2025-11-24,goguma,고구마,밤(1kg),식량작물,간식,4874
2025-11-24,goguma,고구마,밤(1kg),식량작물,간식,4874
2025-11-24,goguma,고구마,밤(1kg),식량작물,간식,4874
2025-11-24,goguma,고구마,밤(1kg),식량작물,간식,4874
2025-11-24,goguma,고구마,밤(1kg),식량작물,간식,4874
2025-11-24,goguma,고구마,밤(1kg),식량작물,간식,4874
2025-11-24,goguma,고구마,밤(1kg),식량작물,간식,4874
2025-11-25,goguma,고구마,밤(1kg),식량작물,간식,4911
2025-11-25,goguma,고구마,밤(1kg),식량작물,간식,4911
2025-11-25,goguma,고구마,밤(1kg),식량작물,간식,4911
2025-11-25,goguma,고구마,밤(1kg),식량작물,간식,4911
2025-11-25,goguma,고구마,밤(1kg),식량작물,간식,4911
2025-11-25,goguma,고구마,밤(1kg),식량작물,간식,4911
2025-11-25,goguma,고구마,밤(1kg),식량작물,간식,4911
2025-11-26,goguma,고구마,밤(1kg),식량작물,간식,4911
2025-11-26,goguma,고구마,밤(1kg),식량작물,간식,4911
2025-11-26,goguma,고구마,밤(1kg),식량작물,간식,4911
2025-11-26,goguma,고구마,밤(1kg),식량작물,간식,4911
2025-11-26,goguma,고구마,밤(1kg),식량작물,간식,4911
2025-11-26,goguma,고구마,밤(1kg),식량작물,간식,4911
2025-11-26,goguma,고구마,밤(1kg),식량작물,간식,4911
2025-11-27,goguma,고구마,밤(1kg),식량작물,간식,4312
2025-11-27,goguma,고구마,밤(1kg),식량작물,간식,4312
2025-11-27,goguma,고구마,밤(1kg),식량작물,간식,4312
2025-11-27,goguma,고구마,밤(1kg),식량작물,간식,4312
2025-11-27,goguma,고구마,밤(1kg),식량작물,간식,4312
2025-11-27,goguma,고구마,밤(1kg),식량작물,간식,4312
2025-11-27,goguma,고구마,밤(1kg),식량작물,간식,4312
2025-11-28,goguma,고구마,밤(1kg),식량작물,간식,4333
2025-11-28,goguma,고구마,밤(1kg),식량작물,간식,4333
2025-11-28,goguma,고구마,밤(1kg),식량작물,간식,4333
2025-11-28,goguma,고구마,밤(1kg),식량작물,간식,4333
2025-11-28,goguma,고구마,밤(1kg),식량작물,간식,4333
2025-11-28,goguma,고구마,밤(1kg),식량작물,간식,4333
2025-11-28,goguma,고구마,밤(1kg),식량작물,간식,4333
2025-12-01,goguma,고구마,밤(1kg),식량작물,간식,4397
2025-12-01,goguma,고구마,밤(1kg),식량작물,간식,4397
2025-12-01,goguma,고구마,밤(1kg),식량작물,간식,4397
2025-12-01,goguma,고구마,밤(1kg),식량작물,간식,4397
2025-12-01,goguma,고구마,밤(1kg),식량작물,간식,4397
2025-12-01,goguma,고구마,밤(1kg),식량작물,간식,4397
2025-12-01,goguma,고구마,밤(1kg),식량작물,간식,4397
2025-12-02,goguma,고구마,밤(1kg),식량작물,간식,4585
2025-12-02,goguma,고구마,밤(1kg),식량작물,간식,4585
2025-12-02,goguma,고구마,밤(1kg),식량작물,간식,4585
2025-12-02,goguma,고구마,밤(1kg),식량작물,간식,4585
2025-12-02,goguma,고구마,밤(1kg),식량작물,간식,4585
2025-12-02,goguma,고구마,밤(1kg),식량작물,간식,4585
2025-12-02,goguma,고구마,밤(1kg),식량작물,간식,4585
2025-12-03,goguma,고구마,밤(1kg),식량작물,간식,4714
2025-12-03,goguma,고구마,밤(1kg),식량작물,간식,4714
2025-12-03,goguma,고구마,밤(1kg),식량작물,간식,4714
2025-12-03,goguma,고구마,밤(1kg),식량작물,간식,4714
2025-12-03,goguma,고구마,밤(1kg),식량작물,간식,4714
2025-12-03,goguma,고구마,밤(1kg),식량작물,간식,4714
2025-12-03,goguma,고구마,밤(1kg),식량작물,간식,4714
2025-12-04,goguma,고구마,밤(1kg),식량작물,간식,4457
2025-12-04,goguma,고구마,밤(1kg),식량작물,간식,4457
2025-12-04,goguma,고구마,밤(1kg),식량작물,간식,4457
2025-12-04,goguma,고구마,밤(1kg),식량작물,간식,4457
2025-12-04,goguma,고구마,밤(1kg),식량작물,간식,4457
2025-12-04,goguma,고구마,밤(1kg),식량작물,간식,4457
2025-12-04,goguma,고구마,밤(1kg),식량작물,간식,4457
2025-12-08,goguma,고구마,밤(1kg),식량작물,간식,4751
2025-12-08,goguma,고구마,밤(1kg),식량작물,간식,4751
2025-12-08,goguma,고구마,밤(1kg),식량작물,간식,4751
2025-12-08,goguma,고구마,밤(1kg),식량작물,간식,4751
2025-12-08,goguma,고구마,밤(1kg),식량작물,간식,4751
2025-12-08,goguma,고구마,밤(1kg),식량작물,간식,4751
2025-12-08,goguma,고구마,밤(1kg),식량작물,간식,4751
2025-12-09,goguma,고구마,밤(1kg),식량작물,간식,4799
2025-12-09,goguma,고구마,밤(1kg),식량작물,간식,4799
2025-12-09,goguma,고구마,밤(1kg),식량작물,간식,4799
2025-12-09,goguma,고구마,밤(1kg),식량작물,간식,4799
2025-12-09,goguma,고구마,밤(1kg),식량작물,간식,4799
2025-12-09,goguma,고구마,밤(1kg),식량작물,간식,4799
2025-12-09,goguma,고구마,밤(1kg),식량작물,간식,4799
2025-12-10,goguma,고구마,밤(1kg),식량작물,간식,4734
2025-12-10,goguma,고구마,밤(1kg),식량작물,간식,4734
2025-12-10,goguma,고구마,밤(1kg),식량작물,간식,4734
2025-12-10,goguma,고구마,밤(1kg),식량작물,간식,4734
2025-12-10,goguma,고구마,밤(1kg),식량작물,간식,4734
2025-12-10,goguma,고구마,밤(1kg),식량작물,간식,4734
2025-12-10,goguma,고구마,밤(1kg),식량작물,간식,4734
2025-12-11,goguma,고구마,밤(1kg),식량작물,간식,4684
2025-12-11,goguma,고구마,밤(1kg),식량작물,간식,4684
2025-12-11,goguma,고구마,밤(1kg),식량작물,간식,4684
2025-12-11,goguma,고구마,밤(1kg),식량작물,간식,4684
2025-12-11,goguma,고구마,밤(1kg),식량작물,간식,4684
2025-12-11,goguma,고구마,밤(1kg),식량작물,간식,4684
2025-12-11,goguma,고구마,밤(1kg),식량작물,간식,4684
2025-12-12,goguma,고구마,밤(1kg),식량작물,간식,4687
2025-12-12,goguma,고구마,밤(1kg),식량작물,간식,4687
2025-12-12,goguma,고구마,밤(1kg),식량작물,간식,4687
2025-12-12,goguma,고구마,밤(1kg),식량작물,간식,4687
2025-12-12,goguma,고구마,밤(1kg),식량작물,간식,4687
2025-12-12,goguma,고구마,밤(1kg),식량작물,간식,4687
2025-12-12,goguma,고구마,밤(1kg),식량작물,간식,4687
2025-12-15,goguma,고구마,밤(1kg),식량작물,간식,4827
2025-12-15,goguma,고구마,밤(1kg),식량작물,간식,4827
2025-12-15,goguma,고구마,밤(1kg),식량작물,간식,4827
2025-12-15,goguma,고구마,밤(1kg),식량작물,간식,4827
2025-12-15,goguma,고구마,밤(1kg),식량작물,간식,4827
2025-12-15,goguma,고구마,밤(1kg),식량작물,간식,4827
2025-12-15,goguma,고구마,밤(1kg),식량작물,간식,4827
2025-12-16,goguma,고구마,밤(1kg),식량작물,간식,4787
2025-12-16,goguma,고구마,밤(1kg),식량작물,간식,4787
2025-12-16,goguma,고구마,밤(1kg),식량작물,간식,4787
2025-12-16,goguma,고구마,밤(1kg),식량작물,간식,4787
2025-12-16,goguma,고구마,밤(1kg),식량작물,간식,4787
2025-12-16,goguma,고구마,밤(1kg),식량작물,간식,4787
2025-12-16,goguma,고구마,밤(1kg),식량작물,간식,4787
2025-12-17,goguma,고구마,밤(1kg),식량작물,간식,4809
2025-12-17,goguma,고구마,밤(1kg),식량작물,간식,4809
2025-12-17,goguma,고구마,밤(1kg),식량작물,간식,4809
2025-12-17,goguma,고구마,밤(1kg),식량작물,간식,4809
2025-12-17,goguma,고구마,밤(1kg),식량작물,간식,4809
2025-12-17,goguma,고구마,밤(1kg),식량작물,간식,4809
2025-12-17,goguma,고구마,밤(1kg),식량작물,간식,4809
2025-12-18,goguma,고구마,밤(1kg),식량작물,간식,4543
2025-12-18,goguma,고구마,밤(1kg),식량작물,간식,4543
2025-12-18,goguma,고구마,밤(1kg),식량작물,간식,4543
2025-12-18,goguma,고구마,밤(1kg),식량작물,간식,4543
2025-12-18,goguma,고구마,밤(1kg),식량작물,간식,4543
2025-12-18,goguma,고구마,밤(1kg),식량작물,간식,4543
2025-12-18,goguma,고구마,밤(1kg),식량작물,간식,4543
2025-12-19,goguma,고구마,밤(1kg),식량작물,간식,4518
2025-12-19,goguma,고구마,밤(1kg),식량작물,간식,4518
2025-12-19,goguma,고구마,밤(1kg),식량작물,간식,4518
2025-12-19,goguma,고구마,밤(1kg),식량작물,간식,4518
2025-12-19,goguma,고구마,밤(1kg),식량작물,간식,4518
2025-12-19,goguma,고구마,밤(1kg),식량작물,간식,4518
2025-12-19,goguma,고구마,밤(1kg),식량작물,간식,4518
2025-12-22,goguma,고구마,밤(1kg),식량작물,간식,4574
2025-12-22,goguma,고구마,밤(1kg),식량작물,간식,4574
2025-12-22,goguma,고구마,밤(1kg),식량작물,간식,4574
2025-12-22,goguma,고구마,밤(1kg),식량작물,간식,4574
2025-12-22,goguma,고구마,밤(1kg),식량작물,간식,4574
2025-12-22,goguma,고구마,밤(1kg),식량작물,간식,4574
2025-12-22,goguma,고구마,밤(1kg),식량작물,간식,4574
2025-12-23,goguma,고구마,밤(1kg),식량작물,간식,4639
2025-12-23,goguma,고구마,밤(1kg),식량작물,간식,4639
2025-12-23,goguma,고구마,밤(1kg),식량작물,간식,4639
2025-12-23,goguma,고구마,밤(1kg),식량작물,간식,4639
2025-12-23,goguma,고구마,밤(1kg),식량작물,간식,4639
2025-12-23,goguma,고구마,밤(1kg),식량작물,간식,4639
2025-12-23,goguma,고구마,밤(1kg),식량작물,간식,4639
2025-12-24,goguma,고구마,밤(1kg),식량작물,간식,4912
2025-12-24,goguma,고구마,밤(1kg),식량작물,간식,4912
2025-12-24,goguma,고구마,밤(1kg),식량작물,간식,4912
2025-12-24,goguma,고구마,밤(1kg),식량작물,간식,4912
2025-12-24,goguma,고구마,밤(1kg),식량작물,간식,4912
2025-12-24,goguma,고구마,밤(1kg),식량작물,간식,4912
2025-12-24,goguma,고구마,밤(1kg),식량작물,간식,4912
2025-12-26,goguma,고구마,밤(1kg),식량작물,간식,4997
2025-12-26,goguma,고구마,밤(1kg),식량작물,간식,4997
2025-12-26,goguma,고구마,밤(1kg),식량작물,간식,4997
2025-12-26,goguma,고구마,밤(1kg),식량작물,간식,4997
2025-12-26,goguma,고구마,밤(1kg),식량작물,간식,4997
2025-12-26,goguma,고구마,밤(1kg),식량작물,간식,4997
2025-12-26,goguma,고구마,밤(1kg),식량작물,간식,4997
2025-12-29,goguma,고구마,밤(1kg),식량작물,간식,4997
2025-12-29,goguma,고구마,밤(1kg),식량작물,간식,4997
2025-12-29,goguma,고구마,밤(1kg),식량작물,간식,4997
2025-12-29,goguma,고구마,밤(1kg),식량작물,간식,4997
2025-12-29,goguma,고구마,밤(1kg),식량작물,간식,4997
2025-12-29,goguma,고구마,밤(1kg),식량작물,간식,4997
2025-12-29,goguma,고구마,밤(1kg),식량작물,간식,4997
2025-12-30,goguma,고구마,밤(1kg),식량작물,간식,5043
2025-12-30,goguma,고구마,밤(1kg),식량작물,간식,5043
2025-12-30,goguma,고구마,밤(1kg),식량작물,간식,5043
2025-12-30,goguma,고구마,밤(1kg),식량작물,간식,5043
2025-12-30,goguma,고구마,밤(1kg),식량작물,간식,5043
2025-12-30,goguma,고구마,밤(1kg),식량작물,간식,5043
2025-12-30,goguma,고구마,밤(1kg),식량작물,간식,5043
2025-12-31,goguma,고구마,밤(1kg),식량작물,간식,4856
2025-12-31,goguma,고구마,밤(1kg),식량작물,간식,4856
2025-12-31,goguma,고구마,밤(1kg),식량작물,간식,4856
2025-12-31,goguma,고구마,밤(1kg),식량작물,간식,4856
2025-12-31,goguma,고구마,밤(1kg),식량작물,간식,4856
2025-12-31,goguma,고구마,밤(1kg),식량작물,간식,4856
2025-12-31,goguma,고구마,밤(1kg),식량작물,간식,4856
2026-01-02,goguma,고구마,밤(1kg),식량작물,간식,4347
2026-01-02,goguma,고구마,밤(1kg),식량작물,간식,4347
2026-01-02,goguma,고구마,밤(1kg),식량작물,간식,4347
2026-01-02,goguma,고구마,밤(1kg),식량작물,간식,4347
2026-01-02,goguma,고구마,밤(1kg),식량작물,간식,4347
2026-01-02,goguma,고구마,밤(1kg),식량작물,간식,4347
2026-01-02,goguma,고구마,밤(1kg),식량작물,간식,4347
2026-01-05,goguma,고구마,밤(1kg),식량작물,간식,4627
2026-01-05,goguma,고구마,밤(1kg),식량작물,간식,4627
2026-01-05,goguma,고구마,밤(1kg),식량작물,간식,4627
2026-01-05,goguma,고구마,밤(1kg),식량작물,간식,4627
2026-01-05,goguma,고구마,밤(1kg),식량작물,간식,4627
2026-01-05,goguma,고구마,밤(1kg),식량작물,간식,4627
2026-01-05,goguma,고구마,밤(1kg),식량작물,간식,4627
2026-01-06,goguma,고구마,밤(1kg),식량작물,간식,4747
2026-01-06,goguma,고구마,밤(1kg),식량작물,간식,4747
2026-01-06,goguma,고구마,밤(1kg),식량작물,간식,4747
2026-01-06,goguma,고구마,밤(1kg),식량작물,간식,4747
2026-01-06,goguma,고구마,밤(1kg),식량작물,간식,4747
2026-01-06,goguma,고구마,밤(1kg),식량작물,간식,4747
2026-01-06,goguma,고구마,밤(1kg),식량작물,간식,4747
2026-01-07,goguma,고구마,밤(1kg),식량작물,간식,4938
2026-01-07,goguma,고구마,밤(1kg),식량작물,간식,4938
2026-01-07,goguma,고구마,밤(1kg),식량작물,간식,4938
2026-01-07,goguma,고구마,밤(1kg),식량작물,간식,4938
2026-01-07,goguma,고구마,밤(1kg),식량작물,간식,4938
2026-01-07,goguma,고구마,밤(1kg),식량작물,간식,4938
2026-01-07,goguma,고구마,밤(1kg),식량작물,간식,4938
2026-01-08,goguma,고구마,밤(1kg),식량작물,간식,4575
2026-01-08,goguma,고구마,밤(1kg),식량작물,간식,4575
2026-01-08,goguma,고구마,밤(1kg),식량작물,간식,4575
2026-01-08,goguma,고구마,밤(1kg),식량작물,간식,4575
2026-01-08,goguma,고구마,밤(1kg),식량작물,간식,4575
2026-01-08,goguma,고구마,밤(1kg),식량작물,간식,4575
2026-01-08,goguma,고구마,밤(1kg),식량작물,간식,4575
2026-01-09,goguma,고구마,밤(1kg),식량작물,간식,4584
2026-01-09,goguma,고구마,밤(1kg),식량작물,간식,4584
2026-01-09,goguma,고구마,밤(1kg),식량작물,간식,4584
2026-01-09,goguma,고구마,밤(1kg),식량작물,간식,4584
2026-01-09,goguma,고구마,밤(1kg),식량작물,간식,4584
2026-01-09,goguma,고구마,밤(1kg),식량작물,간식,4584
2026-01-09,goguma,고구마,밤(1kg),식량작물,간식,4584
2026-01-12,goguma,고구마,밤(1kg),식량작물,간식,4616
2026-01-12,goguma,고구마,밤(1kg),식량작물,간식,4616
2026-01-12,goguma,고구마,밤(1kg),식량작물,간식,4616
2026-01-12,goguma,고구마,밤(1kg),식량작물,간식,4616
2026-01-12,goguma,고구마,밤(1kg),식량작물,간식,4616
2026-01-12,goguma,고구마,밤(1kg),식량작물,간식,4616
2026-01-12,goguma,고구마,밤(1kg),식량작물,간식,4616
2026-01-13,goguma,고구마,밤(1kg),식량작물,간식,4613
2026-01-13,goguma,고구마,밤(1kg),식량작물,간식,4613
2026-01-13,goguma,고구마,밤(1kg),식량작물,간식,4613
2026-01-13,goguma,고구마,밤(1kg),식량작물,간식,4613
2026-01-13,goguma,고구마,밤(1kg),식량작물,간식,4613
2026-01-13,goguma,고구마,밤(1kg),식량작물,간식,4613
2026-01-13,goguma,고구마,밤(1kg),식량작물,간식,4613
2026-01-14,goguma,고구마,밤(1kg),식량작물,간식,4590
2026-01-14,goguma,고구마,밤(1kg),식량작물,간식,4590
2026-01-14,goguma,고구마,밤(1kg),식량작물,간식,4590
2026-01-14,goguma,고구마,밤(1kg),식량작물,간식,4590
2026-01-14,goguma,고구마,밤(1kg),식량작물,간식,4590
2026-01-14,goguma,고구마,밤(1kg),식량작물,간식,4590
2026-01-14,goguma,고구마,밤(1kg),식량작물,간식,4590
2026-01-15,goguma,고구마,밤(1kg),식량작물,간식,4809
2026-01-15,goguma,고구마,밤(1kg),식량작물,간식,4809
2026-01-15,goguma,고구마,밤(1kg),식량작물,간식,4809
2026-01-15,goguma,고구마,밤(1kg),식량작물,간식,4809
2026-01-15,goguma,고구마,밤(1kg),식량작물,간식,4809
2026-01-15,goguma,고구마,밤(1kg),식량작물,간식,4809
2026-01-15,goguma,고구마,밤(1kg),식량작물,간식,4809
2026-01-16,goguma,고구마,밤(1kg),식량작물,간식,4598
2026-01-16,goguma,고구마,밤(1kg),식량작물,간식,4598
2026-01-16,goguma,고구마,밤(1kg),식량작물,간식,4598
2026-01-16,goguma,고구마,밤(1kg),식량작물,간식,4598
2026-01-16,goguma,고구마,밤(1kg),식량작물,간식,4598
2026-01-16,goguma,고구마,밤(1kg),식량작물,간식,4598
2026-01-16,goguma,고구마,밤(1kg),식량작물,간식,4598
2026-01-19,goguma,고구마,밤(1kg),식량작물,간식,4738
2026-01-19,goguma,고구마,밤(1kg),식량작물,간식,4738
2026-01-19,goguma,고구마,밤(1kg),식량작물,간식,4738
2026-01-19,goguma,고구마,밤(1kg),식량작물,간식,4738
2026-01-19,goguma,고구마,밤(1kg),식량작물,간식,4738
2026-01-19,goguma,고구마,밤(1kg),식량작물,간식,4738
2026-01-19,goguma,고구마,밤(1kg),식량작물,간식,4738
2026-01-20,goguma,고구마,밤(1kg),식량작물,간식,4854
2026-01-20,goguma,고구마,밤(1kg),식량작물,간식,4854
2026-01-20,goguma,고구마,밤(1kg),식량작물,간식,4854
2026-01-20,goguma,고구마,밤(1kg),식량작물,간식,4854
2026-01-20,goguma,고구마,밤(1kg),식량작물,간식,4854
2026-01-20,goguma,고구마,밤(1kg),식량작물,간식,4854
2026-01-20,goguma,고구마,밤(1kg),식량작물,간식,4854
2026-01-21,goguma,고구마,밤(1kg),식량작물,간식,4949
2026-01-21,goguma,고구마,밤(1kg),식량작물,간식,4949
2026-01-21,goguma,고구마,밤(1kg),식량작물,간식,4949
2026-01-21,goguma,고구마,밤(1kg),식량작물,간식,4949
2026-01-21,goguma,고구마,밤(1kg),식량작물,간식,4949
2026-01-21,goguma,고구마,밤(1kg),식량작물,간식,4949
2026-01-21,goguma,고구마,밤(1kg),식량작물,간식,4949
2026-01-22,goguma,고구마,밤(1kg),식량작물,간식,5022
2026-01-22,goguma,고구마,밤(1kg),식량작물,간식,5022
2026-01-22,goguma,고구마,밤(1kg),식량작물,간식,5022
2026-01-22,goguma,고구마,밤(1kg),식량작물,간식,5022
2026-01-22,goguma,고구마,밤(1kg),식량작물,간식,5022
2026-01-22,goguma,고구마,밤(1kg),식량작물,간식,5022
2026-01-22,goguma,고구마,밤(1kg),식량작물,간식,5022
2026-01-23,goguma,고구마,밤(1kg),식량작물,간식,5003
2026-01-23,goguma,고구마,밤(1kg),식량작물,간식,5003
2026-01-23,goguma,고구마,밤(1kg),식량작물,간식,5003
2026-01-23,goguma,고구마,밤(1kg),식량작물,간식,5003
2026-01-23,goguma,고구마,밤(1kg),식량작물,간식,5003
2026-01-23,goguma,고구마,밤(1kg),식량작물,간식,5003
2026-01-23,goguma,고구마,밤(1kg),식량작물,간식,5003
2026-01-26,goguma,고구마,밤(1kg),식량작물,간식,5118
2026-01-26,goguma,고구마,밤(1kg),식량작물,간식,5118
2026-01-26,goguma,고구마,밤(1kg),식량작물,간식,5118
2026-01-26,goguma,고구마,밤(1kg),식량작물,간식,5118
2026-01-26,goguma,고구마,밤(1kg),식량작물,간식,5118
2026-01-26,goguma,고구마,밤(1kg),식량작물,간식,5118
2026-01-26,goguma,고구마,밤(1kg),식량작물,간식,5118
2026-01-27,goguma,고구마,밤(1kg),식량작물,간식,5159
2026-01-27,goguma,고구마,밤(1kg),식량작물,간식,5159
2026-01-27,goguma,고구마,밤(1kg),식량작물,간식,5159
2026-01-27,goguma,고구마,밤(1kg),식량작물,간식,5159
2026-01-27,goguma,고구마,밤(1kg),식량작물,간식,5159
2026-01-27,goguma,고구마,밤(1kg),식량작물,간식,5159
2026-01-27,goguma,고구마,밤(1kg),식량작물,간식,5159
2026-01-28,goguma,고구마,밤(1kg),식량작물,간식,5243
2026-01-28,goguma,고구마,밤(1kg),식량작물,간식,5243
2026-01-28,goguma,고구마,밤(1kg),식량작물,간식,5243
2026-01-28,goguma,고구마,밤(1kg),식량작물,간식,5243
2026-01-28,goguma,고구마,밤(1kg),식량작물,간식,5243
2026-01-28,goguma,고구마,밤(1kg),식량작물,간식,5243
2026-01-28,goguma,고구마,밤(1kg),식량작물,간식,5243
2026-01-29,goguma,고구마,밤(1kg),식량작물,간식,4887
2026-01-29,goguma,고구마,밤(1kg),식량작물,간식,4887
2026-01-29,goguma,고구마,밤(1kg),식량작물,간식,4887
2026-01-29,goguma,고구마,밤(1kg),식량작물,간식,4887
2026-01-29,goguma,고구마,밤(1kg),식량작물,간식,4887
2026-01-29,goguma,고구마,밤(1kg),식량작물,간식,4887
2026-01-29,goguma,고구마,밤(1kg),식량작물,간식,4887
2026-01-30,goguma,고구마,밤(1kg),식량작물,간식,4874
2026-01-30,goguma,고구마,밤(1kg),식량작물,간식,4874
2026-01-30,goguma,고구마,밤(1kg),식량작물,간식,4874
2026-01-30,goguma,고구마,밤(1kg),식량작물,간식,4874
2026-01-30,goguma,고구마,밤(1kg),식량작물,간식,4874
2026-01-30,goguma,고구마,밤(1kg),식량작물,간식,4874
2026-01-30,goguma,고구마,밤(1kg),식량작물,간식,4874
2026-02-02,goguma,고구마,밤(1kg),식량작물,간식,4832
2026-02-02,goguma,고구마,밤(1kg),식량작물,간식,4832
2026-02-02,goguma,고구마,밤(1kg),식량작물,간식,4832
2026-02-02,goguma,고구마,밤(1kg),식량작물,간식,4832
2026-02-02,goguma,고구마,밤(1kg),식량작물,간식,4832
2026-02-02,goguma,고구마,밤(1kg),식량작물,간식,4832
2026-02-02,goguma,고구마,밤(1kg),식량작물,간식,4832
2026-02-03,goguma,고구마,밤(1kg),식량작물,간식,4857
2026-02-03,goguma,고구마,밤(1kg),식량작물,간식,4857
2026-02-03,goguma,고구마,밤(1kg),식량작물,간식,4857
2026-02-03,goguma,고구마,밤(1kg),식량작물,간식,4857
2026-02-03,goguma,고구마,밤(1kg),식량작물,간식,4857
2026-02-03,goguma,고구마,밤(1kg),식량작물,간식,4857
2026-02-03,goguma,고구마,밤(1kg),식량작물,간식,4857
2026-02-04,goguma,고구마,밤(1kg),식량작물,간식,4778
2026-02-04,goguma,고구마,밤(1kg),식량작물,간식,4778
2026-02-04,goguma,고구마,밤(1kg),식량작물,간식,4778
2026-02-04,goguma,고구마,밤(1kg),식량작물,간식,4778
2026-02-04,goguma,고구마,밤(1kg),식량작물,간식,4778
2026-02-04,goguma,고구마,밤(1kg),식량작물,간식,4778
2026-02-04,goguma,고구마,밤(1kg),식량작물,간식,4778
2026-02-05,goguma,고구마,밤(1kg),식량작물,간식,4664
2026-02-05,goguma,고구마,밤(1kg),식량작물,간식,4664
2026-02-05,goguma,고구마,밤(1kg),식량작물,간식,4664
2026-02-05,goguma,고구마,밤(1kg),식량작물,간식,4664
2026-02-05,goguma,고구마,밤(1kg),식량작물,간식,4664
2026-02-05,goguma,고구마,밤(1kg),식량작물,간식,4664
2026-02-05,goguma,고구마,밤(1kg),식량작물,간식,4664
2026-02-06,goguma,고구마,밤(1kg),식량작물,간식,4683
2026-02-06,goguma,고구마,밤(1kg),식량작물,간식,4683
2026-02-06,goguma,고구마,밤(1kg),식량작물,간식,4683
2026-02-06,goguma,고구마,밤(1kg),식량작물,간식,4683
2026-02-06,goguma,고구마,밤(1kg),식량작물,간식,4683
2026-02-06,goguma,고구마,밤(1kg),식량작물,간식,4683
2026-02-06,goguma,고구마,밤(1kg),식량작물,간식,4683
2026-02-09,goguma,고구마,밤(1kg),식량작물,간식,4810
2026-02-09,goguma,고구마,밤(1kg),식량작물,간식,4810
2026-02-09,goguma,고구마,밤(1kg),식량작물,간식,4810
2026-02-09,goguma,고구마,밤(1kg),식량작물,간식,4810
2026-02-09,goguma,고구마,밤(1kg),식량작물,간식,4810
2026-02-09,goguma,고구마,밤(1kg),식량작물,간식,4810
2026-02-09,goguma,고구마,밤(1kg),식량작물,간식,4810
2026-02-10,goguma,고구마,밤(1kg),식량작물,간식,4840
2026-02-10,goguma,고구마,밤(1kg),식량작물,간식,4840
2026-02-10,goguma,고구마,밤(1kg),식량작물,간식,4840
2026-02-10,goguma,고구마,밤(1kg),식량작물,간식,4840
2026-02-10,goguma,고구마,밤(1kg),식량작물,간식,4840
2026-02-10,goguma,고구마,밤(1kg),식량작물,간식,4840
2026-02-10,goguma,고구마,밤(1kg),식량작물,간식,4840
2026-02-11,goguma,고구마,밤(1kg),식량작물,간식,4998
2026-02-11,goguma,고구마,밤(1kg),식량작물,간식,4998
2026-02-11,goguma,고구마,밤(1kg),식량작물,간식,4998
2026-02-11,goguma,고구마,밤(1kg),식량작물,간식,4998
2026-02-11,goguma,고구마,밤(1kg),식량작물,간식,4998
2026-02-11,goguma,고구마,밤(1kg),식량작물,간식,4998
2026-02-11,goguma,고구마,밤(1kg),식량작물,간식,4998
2026-02-12,goguma,고구마,밤(1kg),식량작물,간식,5290
2026-02-12,goguma,고구마,밤(1kg),식량작물,간식,5290
2026-02-12,goguma,고구마,밤(1kg),식량작물,간식,5290
2026-02-12,goguma,고구마,밤(1kg),식량작물,간식,5290
2026-02-12,goguma,고구마,밤(1kg),식량작물,간식,5290
2026-02-12,goguma,고구마,밤(1kg),식량작물,간식,5290
2026-02-12,goguma,고구마,밤(1kg),식량작물,간식,5290
2026-02-13,goguma,고구마,밤(1kg),식량작물,간식,5277
2026-02-13,goguma,고구마,밤(1kg),식량작물,간식,5277
2026-02-13,goguma,고구마,밤(1kg),식량작물,간식,5277
2026-02-13,goguma,고구마,밤(1kg),식량작물,간식,5277
2026-02-13,goguma,고구마,밤(1kg),식량작물,간식,5277
2026-02-13,goguma,고구마,밤(1kg),식량작물,간식,5277
2026-02-13,goguma,고구마,밤(1kg),식량작물,간식,5277
2026-02-19,goguma,고구마,밤(1kg),식량작물,간식,5424
2026-02-19,goguma,고구마,밤(1kg),식량작물,간식,5424
2026-02-19,goguma,고구마,밤(1kg),식량작물,간식,5424
2026-02-19,goguma,고구마,밤(1kg),식량작물,간식,5424
2026-02-19,goguma,고구마,밤(1kg),식량작물,간식,5424
2026-02-19,goguma,고구마,밤(1kg),식량작물,간식,5424
2026-02-19,goguma,고구마,밤(1kg),식량작물,간식,5424
2026-02-20,goguma,고구마,밤(1kg),식량작물,간식,5397
2026-02-20,goguma,고구마,밤(1kg),식량작물,간식,5397
2026-02-20,goguma,고구마,밤(1kg),식량작물,간식,5397
2026-02-20,goguma,고구마,밤(1kg),식량작물,간식,5397
2026-02-20,goguma,고구마,밤(1kg),식량작물,간식,5397
2026-02-20,goguma,고구마,밤(1kg),식량작물,간식,5397
2026-02-20,goguma,고구마,밤(1kg),식량작물,간식,5397
2026-02-23,goguma,고구마,밤(1kg),식량작물,간식,5517
2026-02-23,goguma,고구마,밤(1kg),식량작물,간식,5517
2026-02-23,goguma,고구마,밤(1kg),식량작물,간식,5517
2026-02-23,goguma,고구마,밤(1kg),식량작물,간식,5517
2026-02-23,goguma,고구마,밤(1kg),식량작물,간식,5517
2026-02-23,goguma,고구마,밤(1kg),식량작물,간식,5517
2026-02-23,goguma,고구마,밤(1kg),식량작물,간식,5517
2026-02-24,goguma,고구마,밤(1kg),식량작물,간식,5532
2026-02-24,goguma,고구마,밤(1kg),식량작물,간식,5532
2026-02-24,goguma,고구마,밤(1kg),식량작물,간식,5532
2026-02-24,goguma,고구마,밤(1kg),식량작물,간식,5532
2026-02-24,goguma,고구마,밤(1kg),식량작물,간식,5532
2026-02-24,goguma,고구마,밤(1kg),식량작물,간식,5532
2026-02-24,goguma,고구마,밤(1kg),식량작물,간식,5532
2026-02-25,goguma,고구마,밤(1kg),식량작물,간식,5545
2026-02-25,goguma,고구마,밤(1kg),식량작물,간식,5545
2026-02-25,goguma,고구마,밤(1kg),식량작물,간식,5545
2026-02-25,goguma,고구마,밤(1kg),식량작물,간식,5545
2026-02-25,goguma,고구마,밤(1kg),식량작물,간식,5545
2026-02-25,goguma,고구마,밤(1kg),식량작물,간식,5545
2026-02-25,goguma,고구마,밤(1kg),식량작물,간식,5545
2026-02-26,goguma,고구마,밤(1kg),식량작물,간식,5207
2026-02-26,goguma,고구마,밤(1kg),식량작물,간식,5207
2026-02-26,goguma,고구마,밤(1kg),식량작물,간식,5207
2026-02-26,goguma,고구마,밤(1kg),식량작물,간식,5207
2026-02-26,goguma,고구마,밤(1kg),식량작물,간식,5207
2026-02-26,goguma,고구마,밤(1kg),식량작물,간식,5207
2026-02-26,goguma,고구마,밤(1kg),식량작물,간식,5207
2026-02-27,goguma,고구마,밤(1kg),식량작물,간식,5174
2026-02-27,goguma,고구마,밤(1kg),식량작물,간식,5174
2026-02-27,goguma,고구마,밤(1kg),식량작물,간식,5174
2026-02-27,goguma,고구마,밤(1kg),식량작물,간식,5174
2026-02-27,goguma,고구마,밤(1kg),식량작물,간식,5174
2026-02-27,goguma,고구마,밤(1kg),식량작물,간식,5174
2026-02-27,goguma,고구마,밤(1kg),식량작물,간식,5174
2026-03-03,goguma,고구마,밤(1kg),식량작물,간식,5101
2026-03-03,goguma,고구마,밤(1kg),식량작물,간식,5101
2026-03-03,goguma,고구마,밤(1kg),식량작물,간식,5101
2026-03-03,goguma,고구마,밤(1kg),식량작물,간식,5101
2026-03-03,goguma,고구마,밤(1kg),식량작물,간식,5101
2026-03-03,goguma,고구마,밤(1kg),식량작물,간식,5101
2026-03-03,goguma,고구마,밤(1kg),식량작물,간식,5101
2026-03-04,goguma,고구마,밤(1kg),식량작물,간식,5110
2026-03-04,goguma,고구마,밤(1kg),식량작물,간식,5110
2026-03-04,goguma,고구마,밤(1kg),식량작물,간식,5110
2026-03-04,goguma,고구마,밤(1kg),식량작물,간식,5110
2026-03-04,goguma,고구마,밤(1kg),식량작물,간식,5110
2026-03-04,goguma,고구마,밤(1kg),식량작물,간식,5110
2026-03-04,goguma,고구마,밤(1kg),식량작물,간식,5110
2026-03-05,goguma,고구마,밤(1kg),식량작물,간식,4992
2026-03-05,goguma,고구마,밤(1kg),식량작물,간식,4992
2026-03-05,goguma,고구마,밤(1kg),식량작물,간식,4992
2026-03-05,goguma,고구마,밤(1kg),식량작물,간식,4992
2026-03-05,goguma,고구마,밤(1kg),식량작물,간식,4992
2026-03-05,goguma,고구마,밤(1kg),식량작물,간식,4992
2026-03-05,goguma,고구마,밤(1kg),식량작물,간식,4992
2026-03-06,goguma,고구마,밤(1kg),식량작물,간식,4988
2026-03-06,goguma,고구마,밤(1kg),식량작물,간식,4988
2026-03-06,goguma,고구마,밤(1kg),식량작물,간식,4988
2026-03-06,goguma,고구마,밤(1kg),식량작물,간식,4988
2026-03-06,goguma,고구마,밤(1kg),식량작물,간식,4988
2026-03-06,goguma,고구마,밤(1kg),식량작물,간식,4988
2026-03-06,goguma,고구마,밤(1kg),식량작물,간식,4988
2026-03-09,goguma,고구마,밤(1kg),식량작물,간식,5028
2026-03-09,goguma,고구마,밤(1kg),식량작물,간식,5028
2026-03-09,goguma,고구마,밤(1kg),식량작물,간식,5028
2026-03-09,goguma,고구마,밤(1kg),식량작물,간식,5028
2026-03-09,goguma,고구마,밤(1kg),식량작물,간식,5028
2026-03-09,goguma,고구마,밤(1kg),식량작물,간식,5028
2026-03-09,goguma,고구마,밤(1kg),식량작물,간식,5028
2026-03-10,goguma,고구마,밤(1kg),식량작물,간식,5156
2026-03-10,goguma,고구마,밤(1kg),식량작물,간식,5156
2026-03-10,goguma,고구마,밤(1kg),식량작물,간식,5156
2026-03-10,goguma,고구마,밤(1kg),식량작물,간식,5156
2026-03-10,goguma,고구마,밤(1kg),식량작물,간식,5156
2026-03-10,goguma,고구마,밤(1kg),식량작물,간식,5156
2026-03-10,goguma,고구마,밤(1kg),식량작물,간식,5156
2026-03-11,goguma,고구마,밤(1kg),식량작물,간식,5097
2026-03-11,goguma,고구마,밤(1kg),식량작물,간식,5097
2026-03-11,goguma,고구마,밤(1kg),식량작물,간식,5097
2026-03-11,goguma,고구마,밤(1kg),식량작물,간식,5097
2026-03-11,goguma,고구마,밤(1kg),식량작물,간식,5097
2026-03-11,goguma,고구마,밤(1kg),식량작물,간식,5097
2026-03-11,goguma,고구마,밤(1kg),식량작물,간식,5097
2026-03-12,goguma,고구마,밤(1kg),식량작물,간식,5331
2026-03-12,goguma,고구마,밤(1kg),식량작물,간식,5331
2026-03-12,goguma,고구마,밤(1kg),식량작물,간식,5331
2026-03-12,goguma,고구마,밤(1kg),식량작물,간식,5331
2026-03-12,goguma,고구마,밤(1kg),식량작물,간식,5331
2026-03-12,goguma,고구마,밤(1kg),식량작물,간식,5331
2026-03-12,goguma,고구마,밤(1kg),식량작물,간식,5331
2026-03-13,goguma,고구마,밤(1kg),식량작물,간식,5322
2026-03-13,goguma,고구마,밤(1kg),식량작물,간식,5322
2026-03-13,goguma,고구마,밤(1kg),식량작물,간식,5322
2026-03-13,goguma,고구마,밤(1kg),식량작물,간식,5322
2026-03-13,goguma,고구마,밤(1kg),식량작물,간식,5322
2026-03-13,goguma,고구마,밤(1kg),식량작물,간식,5322
2026-03-13,goguma,고구마,밤(1kg),식량작물,간식,5322
2026-03-16,goguma,고구마,밤(1kg),식량작물,간식,5284
2026-03-16,goguma,고구마,밤(1kg),식량작물,간식,5284
2026-03-16,goguma,고구마,밤(1kg),식량작물,간식,5284
2026-03-16,goguma,고구마,밤(1kg),식량작물,간식,5284
2026-03-16,goguma,고구마,밤(1kg),식량작물,간식,5284
2026-03-16,goguma,고구마,밤(1kg),식량작물,간식,5284
2026-03-16,goguma,고구마,밤(1kg),식량작물,간식,5284
2026-03-17,goguma,고구마,밤(1kg),식량작물,간식,5378
2026-03-17,goguma,고구마,밤(1kg),식량작물,간식,5378
2026-03-17,goguma,고구마,밤(1kg),식량작물,간식,5378
2026-03-17,goguma,고구마,밤(1kg),식량작물,간식,5378
2026-03-17,goguma,고구마,밤(1kg),식량작물,간식,5378
2026-03-17,goguma,고구마,밤(1kg),식량작물,간식,5378
2026-03-17,goguma,고구마,밤(1kg),식량작물,간식,5378
2026-03-18,goguma,고구마,밤(1kg),식량작물,간식,5388
2026-03-18,goguma,고구마,밤(1kg),식량작물,간식,5388
2026-03-18,goguma,고구마,밤(1kg),식량작물,간식,5388
2026-03-18,goguma,고구마,밤(1kg),식량작물,간식,5388
2026-03-18,goguma,고구마,밤(1kg),식량작물,간식,5388
2026-03-18,goguma,고구마,밤(1kg),식량작물,간식,5388
2026-03-18,goguma,고구마,밤(1kg),식량작물,간식,5388
2026-03-19,goguma,고구마,밤(1kg),식량작물,간식,5549
2026-03-19,goguma,고구마,밤(1kg),식량작물,간식,5549
2026-03-19,goguma,고구마,밤(1kg),식량작물,간식,5549
2026-03-19,goguma,고구마,밤(1kg),식량작물,간식,5549
2026-03-19,goguma,고구마,밤(1kg),식량작물,간식,5549
2026-03-19,goguma,고구마,밤(1kg),식량작물,간식,5549
2026-03-19,goguma,고구마,밤(1kg),식량작물,간식,5549
2026-03-20,goguma,고구마,밤(1kg),식량작물,간식,5539
2026-03-20,goguma,고구마,밤(1kg),식량작물,간식,5539
2026-03-20,goguma,고구마,밤(1kg),식량작물,간식,5539
2026-03-20,goguma,고구마,밤(1kg),식량작물,간식,5539
2026-03-20,goguma,고구마,밤(1kg),식량작물,간식,5539
2026-03-20,goguma,고구마,밤(1kg),식량작물,간식,5539
2026-03-20,goguma,고구마,밤(1kg),식량작물,간식,5539
2026-03-23,goguma,고구마,밤(1kg),식량작물,간식,5605
2026-03-23,goguma,고구마,밤(1kg),식량작물,간식,5605
2026-03-23,goguma,고구마,밤(1kg),식량작물,간식,5605
2026-03-23,goguma,고구마,밤(1kg),식량작물,간식,5605
2026-03-23,goguma,고구마,밤(1kg),식량작물,간식,5605
2026-03-23,goguma,고구마,밤(1kg),식량작물,간식,5605
2026-03-23,goguma,고구마,밤(1kg),식량작물,간식,5605
2026-03-24,goguma,고구마,밤(1kg),식량작물,간식,5618
2026-03-24,goguma,고구마,밤(1kg),식량작물,간식,5618
2026-03-24,goguma,고구마,밤(1kg),식량작물,간식,5618
2026-03-24,goguma,고구마,밤(1kg),식량작물,간식,5618
2026-03-24,goguma,고구마,밤(1kg),식량작물,간식,5618
2026-03-24,goguma,고구마,밤(1kg),식량작물,간식,5618
2026-03-24,goguma,고구마,밤(1kg),식량작물,간식,5618
2026-03-25,goguma,고구마,밤(1kg),식량작물,간식,5697
2026-03-25,goguma,고구마,밤(1kg),식량작물,간식,5697
2026-03-25,goguma,고구마,밤(1kg),식량작물,간식,5697
2026-03-25,goguma,고구마,밤(1kg),식량작물,간식,5697
2026-03-25,goguma,고구마,밤(1kg),식량작물,간식,5697
2026-03-25,goguma,고구마,밤(1kg),식량작물,간식,5697
2026-03-25,goguma,고구마,밤(1kg),식량작물,간식,5697
2026-03-26,goguma,고구마,밤(1kg),식량작물,간식,4965
2026-03-26,goguma,고구마,밤(1kg),식량작물,간식,4965
2026-03-26,goguma,고구마,밤(1kg),식량작물,간식,4965
2026-03-26,goguma,고구마,밤(1kg),식량작물,간식,4965
2026-03-26,goguma,고구마,밤(1kg),식량작물,간식,4965
2026-03-26,goguma,고구마,밤(1kg),식량작물,간식,4965
2026-03-26,goguma,고구마,밤(1kg),식량작물,간식,4965
2026-03-27,goguma,고구마,밤(1kg),식량작물,간식,4865
2026-03-27,goguma,고구마,밤(1kg),식량작물,간식,4865
2026-03-27,goguma,고구마,밤(1kg),식량작물,간식,4865
2026-03-27,goguma,고구마,밤(1kg),식량작물,간식,4865
2026-03-27,goguma,고구마,밤(1kg),식량작물,간식,4865
2026-03-27,goguma,고구마,밤(1kg),식량작물,간식,4865
2026-03-27,goguma,고구마,밤(1kg),식량작물,간식,4865
2026-03-30,goguma,고구마,밤(1kg),식량작물,간식,4878
2026-03-30,goguma,고구마,밤(1kg),식량작물,간식,4878
2026-03-30,goguma,고구마,밤(1kg),식량작물,간식,4878
2026-03-30,goguma,고구마,밤(1kg),식량작물,간식,4878
2026-03-30,goguma,고구마,밤(1kg),식량작물,간식,4878
2026-03-30,goguma,고구마,밤(1kg),식량작물,간식,4878
2026-03-30,goguma,고구마,밤(1kg),식량작물,간식,4878
2026-03-31,goguma,고구마,밤(1kg),식량작물,간식,4878
2026-03-31,goguma,고구마,밤(1kg),식량작물,간식,4878
2026-03-31,goguma,고구마,밤(1kg),식량작물,간식,4878
2026-03-31,goguma,고구마,밤(1kg),식량작물,간식,4878
2026-03-31,goguma,고구마,밤(1kg),식량작물,간식,4878
2026-03-31,goguma,고구마,밤(1kg),식량작물,간식,4878
2026-03-31,goguma,고구마,밤(1kg),식량작물,간식,4878
2026-04-01,goguma,고구마,밤(1kg),식량작물,간식,5240
2026-04-01,goguma,고구마,밤(1kg),식량작물,간식,5240
2026-04-01,goguma,고구마,밤(1kg),식량작물,간식,5240
2026-04-01,goguma,고구마,밤(1kg),식량작물,간식,5240
2026-04-01,goguma,고구마,밤(1kg),식량작물,간식,5240
2026-04-01,goguma,고구마,밤(1kg),식량작물,간식,5240
2026-04-01,goguma,고구마,밤(1kg),식량작물,간식,5240
2026-04-02,goguma,고구마,밤(1kg),식량작물,간식,5226
2026-04-02,goguma,고구마,밤(1kg),식량작물,간식,5226
2026-04-02,goguma,고구마,밤(1kg),식량작물,간식,5226
2026-04-02,goguma,고구마,밤(1kg),식량작물,간식,5226
2026-04-02,goguma,고구마,밤(1kg),식량작물,간식,5226
2026-04-02,goguma,고구마,밤(1kg),식량작물,간식,5226
2026-04-02,goguma,고구마,밤(1kg),식량작물,간식,5226
2026-04-03,goguma,고구마,밤(1kg),식량작물,간식,4696
2026-04-03,goguma,고구마,밤(1kg),식량작물,간식,4696
2026-04-03,goguma,고구마,밤(1kg),식량작물,간식,4696
2026-04-03,goguma,고구마,밤(1kg),식량작물,간식,4696
2026-04-03,goguma,고구마,밤(1kg),식량작물,간식,4696
2026-04-03,goguma,고구마,밤(1kg),식량작물,간식,4696
2026-04-03,goguma,고구마,밤(1kg),식량작물,간식,4696
2026-04-06,goguma,고구마,밤(1kg),식량작물,간식,5051
2026-04-06,goguma,고구마,밤(1kg),식량작물,간식,5051
2026-04-06,goguma,고구마,밤(1kg),식량작물,간식,5051
2026-04-06,goguma,고구마,밤(1kg),식량작물,간식,5051
2026-04-06,goguma,고구마,밤(1kg),식량작물,간식,5051
2026-04-06,goguma,고구마,밤(1kg),식량작물,간식,5051
2026-04-06,goguma,고구마,밤(1kg),식량작물,간식,5051
2026-04-07,goguma,고구마,밤(1kg),식량작물,간식,5093
2026-04-07,goguma,고구마,밤(1kg),식량작물,간식,5093
2026-04-07,goguma,고구마,밤(1kg),식량작물,간식,5093
2026-04-07,goguma,고구마,밤(1kg),식량작물,간식,5093
2026-04-07,goguma,고구마,밤(1kg),식량작물,간식,5093
2026-04-07,goguma,고구마,밤(1kg),식량작물,간식,5093
2026-04-07,goguma,고구마,밤(1kg),식량작물,간식,5093
2026-04-08,goguma,고구마,밤(1kg),식량작물,간식,5205
2026-04-08,goguma,고구마,밤(1kg),식량작물,간식,5205
2026-04-08,goguma,고구마,밤(1kg),식량작물,간식,5205
2026-04-08,goguma,고구마,밤(1kg),식량작물,간식,5205
2026-04-08,goguma,고구마,밤(1kg),식량작물,간식,5205
2026-04-08,goguma,고구마,밤(1kg),식량작물,간식,5205
2026-04-08,goguma,고구마,밤(1kg),식량작물,간식,5205
2026-04-09,goguma,고구마,밤(1kg),식량작물,간식,5430
2026-04-09,goguma,고구마,밤(1kg),식량작물,간식,5430
2026-04-09,goguma,고구마,밤(1kg),식량작물,간식,5430
2026-04-09,goguma,고구마,밤(1kg),식량작물,간식,5430
2026-04-09,goguma,고구마,밤(1kg),식량작물,간식,5430
2026-04-09,goguma,고구마,밤(1kg),식량작물,간식,5430
2026-04-09,goguma,고구마,밤(1kg),식량작물,간식,5430
2026-04-10,goguma,고구마,밤(1kg),식량작물,간식,5366
2026-04-10,goguma,고구마,밤(1kg),식량작물,간식,5366
2026-04-10,goguma,고구마,밤(1kg),식량작물,간식,5366
2026-04-10,goguma,고구마,밤(1kg),식량작물,간식,5366
2026-04-10,goguma,고구마,밤(1kg),식량작물,간식,5366
2026-04-10,goguma,고구마,밤(1kg),식량작물,간식,5366
2026-04-10,goguma,고구마,밤(1kg),식량작물,간식,5366
2026-04-13,goguma,고구마,밤(1kg),식량작물,간식,5538
2026-04-13,goguma,고구마,밤(1kg),식량작물,간식,5538
2026-04-13,goguma,고구마,밤(1kg),식량작물,간식,5538
2026-04-13,goguma,고구마,밤(1kg),식량작물,간식,5538
2026-04-13,goguma,고구마,밤(1kg),식량작물,간식,5538
2026-04-13,goguma,고구마,밤(1kg),식량작물,간식,5538
2026-04-13,goguma,고구마,밤(1kg),식량작물,간식,5538
2026-04-14,goguma,고구마,밤(1kg),식량작물,간식,5792
2026-04-14,goguma,고구마,밤(1kg),식량작물,간식,5792
2026-04-14,goguma,고구마,밤(1kg),식량작물,간식,5792
2026-04-14,goguma,고구마,밤(1kg),식량작물,간식,5792
2026-04-14,goguma,고구마,밤(1kg),식량작물,간식,5792
2026-04-14,goguma,고구마,밤(1kg),식량작물,간식,5792
2026-04-14,goguma,고구마,밤(1kg),식량작물,간식,5792
2026-04-15,goguma,고구마,밤(1kg),식량작물,간식,5799
2026-04-15,goguma,고구마,밤(1kg),식량작물,간식,5799
2026-04-15,goguma,고구마,밤(1kg),식량작물,간식,5799
2026-04-15,goguma,고구마,밤(1kg),식량작물,간식,5799
2026-04-15,goguma,고구마,밤(1kg),식량작물,간식,5799
2026-04-15,goguma,고구마,밤(1kg),식량작물,간식,5799
2026-04-15,goguma,고구마,밤(1kg),식량작물,간식,5799
2026-04-16,goguma,고구마,밤(1kg),식량작물,간식,5265
2026-04-16,goguma,고구마,밤(1kg),식량작물,간식,5265
2026-04-16,goguma,고구마,밤(1kg),식량작물,간식,5265
2026-04-16,goguma,고구마,밤(1kg),식량작물,간식,5265
2026-04-16,goguma,고구마,밤(1kg),식량작물,간식,5265
2026-04-16,goguma,고구마,밤(1kg),식량작물,간식,5265
2026-04-16,goguma,고구마,밤(1kg),식량작물,간식,5265
2026-04-17,goguma,고구마,밤(1kg),식량작물,간식,5215
2026-04-17,goguma,고구마,밤(1kg),식량작물,간식,5215
2026-04-17,goguma,고구마,밤(1kg),식량작물,간식,5215
2026-04-17,goguma,고구마,밤(1kg),식량작물,간식,5215
2026-04-17,goguma,고구마,밤(1kg),식량작물,간식,5215
2026-04-17,goguma,고구마,밤(1kg),식량작물,간식,5215
2026-04-17,goguma,고구마,밤(1kg),식량작물,간식,5215
2026-04-20,goguma,고구마,밤(1kg),식량작물,간식,5354
2026-04-20,goguma,고구마,밤(1kg),식량작물,간식,5354
2026-04-20,goguma,고구마,밤(1kg),식량작물,간식,5354
2026-04-20,goguma,고구마,밤(1kg),식량작물,간식,5354
2026-04-20,goguma,고구마,밤(1kg),식량작물,간식,5354
2026-04-20,goguma,고구마,밤(1kg),식량작물,간식,5354
2026-04-20,goguma,고구마,밤(1kg),식량작물,간식,5354
2026-04-21,goguma,고구마,밤(1kg),식량작물,간식,5371
2026-04-21,goguma,고구마,밤(1kg),식량작물,간식,5371
2026-04-21,goguma,고구마,밤(1kg),식량작물,간식,5371
2026-04-21,goguma,고구마,밤(1kg),식량작물,간식,5371
2026-04-21,goguma,고구마,밤(1kg),식량작물,간식,5371
2026-04-21,goguma,고구마,밤(1kg),식량작물,간식,5371
2026-04-21,goguma,고구마,밤(1kg),식량작물,간식,5371
2026-04-22,goguma,고구마,밤(1kg),식량작물,간식,5412
2026-04-22,goguma,고구마,밤(1kg),식량작물,간식,5412
2026-04-22,goguma,고구마,밤(1kg),식량작물,간식,5412
2026-04-22,goguma,고구마,밤(1kg),식량작물,간식,5412
2026-04-22,goguma,고구마,밤(1kg),식량작물,간식,5412
2026-04-22,goguma,고구마,밤(1kg),식량작물,간식,5412
2026-04-22,goguma,고구마,밤(1kg),식량작물,간식,5412
2026-04-23,goguma,고구마,밤(1kg),식량작물,간식,5613
2026-04-23,goguma,고구마,밤(1kg),식량작물,간식,5613
2026-04-23,goguma,고구마,밤(1kg),식량작물,간식,5613
2026-04-23,goguma,고구마,밤(1kg),식량작물,간식,5613
2026-04-23,goguma,고구마,밤(1kg),식량작물,간식,5613
2026-04-23,goguma,고구마,밤(1kg),식량작물,간식,5613
2026-04-23,goguma,고구마,밤(1kg),식량작물,간식,5613
2026-04-24,goguma,고구마,밤(1kg),식량작물,간식,5623
2026-04-24,goguma,고구마,밤(1kg),식량작물,간식,5623
2026-04-24,goguma,고구마,밤(1kg),식량작물,간식,5623
2026-04-24,goguma,고구마,밤(1kg),식량작물,간식,5623
2026-04-24,goguma,고구마,밤(1kg),식량작물,간식,5623
2026-04-24,goguma,고구마,밤(1kg),식량작물,간식,5623
2026-04-24,goguma,고구마,밤(1kg),식량작물,간식,5623
2026-04-27,goguma,고구마,밤(1kg),식량작물,간식,5683
2026-04-27,goguma,고구마,밤(1kg),식량작물,간식,5683
2026-04-27,goguma,고구마,밤(1kg),식량작물,간식,5683
2026-04-27,goguma,고구마,밤(1kg),식량작물,간식,5683
2026-04-27,goguma,고구마,밤(1kg),식량작물,간식,5683
2026-04-27,goguma,고구마,밤(1kg),식량작물,간식,5683
2026-04-27,goguma,고구마,밤(1kg),식량작물,간식,5683
2026-04-28,goguma,고구마,밤(1kg),식량작물,간식,5625
2026-04-28,goguma,고구마,밤(1kg),식량작물,간식,5625
2026-04-28,goguma,고구마,밤(1kg),식량작물,간식,5625
2026-04-28,goguma,고구마,밤(1kg),식량작물,간식,5625
2026-04-28,goguma,고구마,밤(1kg),식량작물,간식,5625
2026-04-28,goguma,고구마,밤(1kg),식량작물,간식,5625
2026-04-28,goguma,고구마,밤(1kg),식량작물,간식,5625
2026-04-29,goguma,고구마,밤(1kg),식량작물,간식,5659
2026-04-29,goguma,고구마,밤(1kg),식량작물,간식,5659
2026-04-29,goguma,고구마,밤(1kg),식량작물,간식,5659
2026-04-29,goguma,고구마,밤(1kg),식량작물,간식,5659
2026-04-29,goguma,고구마,밤(1kg),식량작물,간식,5659
2026-04-29,goguma,고구마,밤(1kg),식량작물,간식,5659
2026-04-29,goguma,고구마,밤(1kg),식량작물,간식,5659
2026-04-30,goguma,고구마,밤(1kg),식량작물,간식,5241
2026-04-30,goguma,고구마,밤(1kg),식량작물,간식,5241
2026-04-30,goguma,고구마,밤(1kg),식량작물,간식,5241
2026-04-30,goguma,고구마,밤(1kg),식량작물,간식,5241
2026-04-30,goguma,고구마,밤(1kg),식량작물,간식,5241
2026-04-30,goguma,고구마,밤(1kg),식량작물,간식,5241
2026-04-30,goguma,고구마,밤(1kg),식량작물,간식,5241
2026-05-04,goguma,고구마,밤(1kg),식량작물,간식,5207
2026-05-04,goguma,고구마,밤(1kg),식량작물,간식,5207
2026-05-04,goguma,고구마,밤(1kg),식량작물,간식,5207
2026-05-04,goguma,고구마,밤(1kg),식량작물,간식,5207
2026-05-04,goguma,고구마,밤(1kg),식량작물,간식,5207
2026-05-04,goguma,고구마,밤(1kg),식량작물,간식,5207
2026-05-04,goguma,고구마,밤(1kg),식량작물,간식,5207
2026-05-06,goguma,고구마,밤(1kg),식량작물,간식,5188
2026-05-06,goguma,고구마,밤(1kg),식량작물,간식,5188
2026-05-06,goguma,고구마,밤(1kg),식량작물,간식,5188
2026-05-06,goguma,고구마,밤(1kg),식량작물,간식,5188
2026-05-06,goguma,고구마,밤(1kg),식량작물,간식,5188
2026-05-06,goguma,고구마,밤(1kg),식량작물,간식,5188
2026-05-06,goguma,고구마,밤(1kg),식량작물,간식,5188
2026-05-07,goguma,고구마,밤(1kg),식량작물,간식,5452
2026-05-07,goguma,고구마,밤(1kg),식량작물,간식,5452
2026-05-07,goguma,고구마,밤(1kg),식량작물,간식,5452
2026-05-07,goguma,고구마,밤(1kg),식량작물,간식,5452
2026-05-07,goguma,고구마,밤(1kg),식량작물,간식,5452
2026-05-07,goguma,고구마,밤(1kg),식량작물,간식,5452
2026-05-07,goguma,고구마,밤(1kg),식량작물,간식,5452
2026-05-08,goguma,고구마,밤(1kg),식량작물,간식,5497
2026-05-08,goguma,고구마,밤(1kg),식량작물,간식,5497
2026-05-08,goguma,고구마,밤(1kg),식량작물,간식,5497
2026-05-08,goguma,고구마,밤(1kg),식량작물,간식,5497
2026-05-08,goguma,고구마,밤(1kg),식량작물,간식,5497
2026-05-08,goguma,고구마,밤(1kg),식량작물,간식,5497
2026-05-08,goguma,고구마,밤(1kg),식량작물,간식,5497
2026-05-11,goguma,고구마,밤(1kg),식량작물,간식,5566
2026-05-11,goguma,고구마,밤(1kg),식량작물,간식,5566
2026-05-11,goguma,고구마,밤(1kg),식량작물,간식,5566
2026-05-11,goguma,고구마,밤(1kg),식량작물,간식,5566
2026-05-11,goguma,고구마,밤(1kg),식량작물,간식,5566
2026-05-11,goguma,고구마,밤(1kg),식량작물,간식,5566
2026-05-11,goguma,고구마,밤(1kg),식량작물,간식,5566
2026-05-12,goguma,고구마,밤(1kg),식량작물,간식,5809
2026-05-12,goguma,고구마,밤(1kg),식량작물,간식,5809
2026-05-12,goguma,고구마,밤(1kg),식량작물,간식,5809
2026-05-12,goguma,고구마,밤(1kg),식량작물,간식,5809
2026-05-12,goguma,고구마,밤(1kg),식량작물,간식,5809
2026-05-12,goguma,고구마,밤(1kg),식량작물,간식,5809
2026-05-12,goguma,고구마,밤(1kg),식량작물,간식,5809
2026-05-13,goguma,고구마,밤(1kg),식량작물,간식,5813
2026-05-13,goguma,고구마,밤(1kg),식량작물,간식,5813
2026-05-13,goguma,고구마,밤(1kg),식량작물,간식,5813
2026-05-13,goguma,고구마,밤(1kg),식량작물,간식,5813
2026-05-13,goguma,고구마,밤(1kg),식량작물,간식,5813
2026-05-13,goguma,고구마,밤(1kg),식량작물,간식,5813
2026-05-13,goguma,고구마,밤(1kg),식량작물,간식,5813
2026-05-14,goguma,고구마,밤(1kg),식량작물,간식,5500
2026-05-14,goguma,고구마,밤(1kg),식량작물,간식,5500
2026-05-14,goguma,고구마,밤(1kg),식량작물,간식,5500
2026-05-14,goguma,고구마,밤(1kg),식량작물,간식,5500
2026-05-14,goguma,고구마,밤(1kg),식량작물,간식,5500
2026-05-14,goguma,고구마,밤(1kg),식량작물,간식,5500
2026-05-14,goguma,고구마,밤(1kg),식량작물,간식,5500
2026-05-15,goguma,고구마,밤(1kg),식량작물,간식,5677
2026-05-15,goguma,고구마,밤(1kg),식량작물,간식,5677
2026-05-15,goguma,고구마,밤(1kg),식량작물,간식,5677
2026-05-15,goguma,고구마,밤(1kg),식량작물,간식,5677
2026-05-15,goguma,고구마,밤(1kg),식량작물,간식,5677
2026-05-15,goguma,고구마,밤(1kg),식량작물,간식,5677
2026-05-15,goguma,고구마,밤(1kg),식량작물,간식,5677
2026-05-18,goguma,고구마,밤(1kg),식량작물,간식,5659
2026-05-18,goguma,고구마,밤(1kg),식량작물,간식,5659
2026-05-18,goguma,고구마,밤(1kg),식량작물,간식,5659
2026-05-18,goguma,고구마,밤(1kg),식량작물,간식,5659
2026-05-18,goguma,고구마,밤(1kg),식량작물,간식,5659
2026-05-18,goguma,고구마,밤(1kg),식량작물,간식,5659
2026-05-18,goguma,고구마,밤(1kg),식량작물,간식,5659
2026-05-19,goguma,고구마,밤(1kg),식량작물,간식,5728
2026-05-19,goguma,고구마,밤(1kg),식량작물,간식,5728
2026-05-19,goguma,고구마,밤(1kg),식량작물,간식,5728
2026-05-19,goguma,고구마,밤(1kg),식량작물,간식,5728
2026-05-19,goguma,고구마,밤(1kg),식량작물,간식,5728
2026-05-19,goguma,고구마,밤(1kg),식량작물,간식,5728
2026-05-19,goguma,고구마,밤(1kg),식량작물,간식,5728
2026-05-20,goguma,고구마,밤(1kg),식량작물,간식,5729
2026-05-20,goguma,고구마,밤(1kg),식량작물,간식,5729
2026-05-20,goguma,고구마,밤(1kg),식량작물,간식,5729
2026-05-20,goguma,고구마,밤(1kg),식량작물,간식,5729
2026-05-20,goguma,고구마,밤(1kg),식량작물,간식,5729
2026-05-20,goguma,고구마,밤(1kg),식량작물,간식,5729
2026-05-20,goguma,고구마,밤(1kg),식량작물,간식,5729
2026-05-21,goguma,고구마,밤(1kg),식량작물,간식,5488
2026-05-21,goguma,고구마,밤(1kg),식량작물,간식,5488
2026-05-21,goguma,고구마,밤(1kg),식량작물,간식,5488
2026-05-21,goguma,고구마,밤(1kg),식량작물,간식,5488
2026-05-21,goguma,고구마,밤(1kg),식량작물,간식,5488
2026-05-21,goguma,고구마,밤(1kg),식량작물,간식,5488
2026-05-21,goguma,고구마,밤(1kg),식량작물,간식,5488
2026-05-22,goguma,고구마,밤(1kg),식량작물,간식,5398
2026-05-22,goguma,고구마,밤(1kg),식량작물,간식,5398
2026-05-22,goguma,고구마,밤(1kg),식량작물,간식,5398
2026-05-22,goguma,고구마,밤(1kg),식량작물,간식,5398
2026-05-22,goguma,고구마,밤(1kg),식량작물,간식,5398
2026-05-22,goguma,고구마,밤(1kg),식량작물,간식,5398
2026-05-22,goguma,고구마,밤(1kg),식량작물,간식,5398
2026-05-26,goguma,고구마,밤(1kg),식량작물,간식,5535
2026-05-26,goguma,고구마,밤(1kg),식량작물,간식,5535
2026-05-26,goguma,고구마,밤(1kg),식량작물,간식,5535
2026-05-26,goguma,고구마,밤(1kg),식량작물,간식,5535
2026-05-26,goguma,고구마,밤(1kg),식량작물,간식,5535
2026-05-26,goguma,고구마,밤(1kg),식량작물,간식,5535
2026-05-26,goguma,고구마,밤(1kg),식량작물,간식,5535
2026-05-27,goguma,고구마,밤(1kg),식량작물,간식,5560
2026-05-27,goguma,고구마,밤(1kg),식량작물,간식,5560
2026-05-27,goguma,고구마,밤(1kg),식량작물,간식,5560
2026-05-27,goguma,고구마,밤(1kg),식량작물,간식,5560
2026-05-27,goguma,고구마,밤(1kg),식량작물,간식,5560
2026-05-27,goguma,고구마,밤(1kg),식량작물,간식,5560
2026-05-27,goguma,고구마,밤(1kg),식량작물,간식,5560
2026-05-28,goguma,고구마,밤(1kg),식량작물,간식,5644
2026-05-28,goguma,고구마,밤(1kg),식량작물,간식,5644
2026-05-28,goguma,고구마,밤(1kg),식량작물,간식,5644
2026-05-28,goguma,고구마,밤(1kg),식량작물,간식,5644
2026-05-28,goguma,고구마,밤(1kg),식량작물,간식,5644
2026-05-28,goguma,고구마,밤(1kg),식량작물,간식,5644
2026-05-28,goguma,고구마,밤(1kg),식량작물,간식,5644
2026-05-29,goguma,고구마,밤(1kg),식량작물,간식,5661
2026-05-29,goguma,고구마,밤(1kg),식량작물,간식,5661
2026-05-29,goguma,고구마,밤(1kg),식량작물,간식,5661
2026-05-29,goguma,고구마,밤(1kg),식량작물,간식,5661
2026-05-29,goguma,고구마,밤(1kg),식량작물,간식,5661
2026-05-29,goguma,고구마,밤(1kg),식량작물,간식,5661
2026-05-29,goguma,고구마,밤(1kg),식량작물,간식,5661
2026-06-01,goguma,고구마,밤(1kg),식량작물,간식,5695
2026-06-01,goguma,고구마,밤(1kg),식량작물,간식,5695
2026-06-01,goguma,고구마,밤(1kg),식량작물,간식,5695
2026-06-01,goguma,고구마,밤(1kg),식량작물,간식,5695
2026-06-01,goguma,고구마,밤(1kg),식량작물,간식,5695
2026-06-01,goguma,고구마,밤(1kg),식량작물,간식,5695
2026-06-01,goguma,고구마,밤(1kg),식량작물,간식,5695
2026-06-02,goguma,고구마,밤(1kg),식량작물,간식,5638
2026-06-02,goguma,고구마,밤(1kg),식량작물,간식,5638
2026-06-02,goguma,고구마,밤(1kg),식량작물,간식,5638
2026-06-02,goguma,고구마,밤(1kg),식량작물,간식,5638
2026-06-02,goguma,고구마,밤(1kg),식량작물,간식,5638
2026-06-02,goguma,고구마,밤(1kg),식량작물,간식,5638
2026-06-02,goguma,고구마,밤(1kg),식량작물,간식,5638
2026-06-04,goguma,고구마,밤(1kg),식량작물,간식,5650
2026-06-04,goguma,고구마,밤(1kg),식량작물,간식,5650
2026-06-04,goguma,고구마,밤(1kg),식량작물,간식,5650
2026-06-04,goguma,고구마,밤(1kg),식량작물,간식,5650
2026-06-04,goguma,고구마,밤(1kg),식량작물,간식,5650
2026-06-04,goguma,고구마,밤(1kg),식량작물,간식,5650
2026-06-04,goguma,고구마,밤(1kg),식량작물,간식,5650
2026-06-05,goguma,고구마,밤(1kg),식량작물,간식,5709
2026-06-05,goguma,고구마,밤(1kg),식량작물,간식,5709
2026-06-05,goguma,고구마,밤(1kg),식량작물,간식,5709
2026-06-05,goguma,고구마,밤(1kg),식량작물,간식,5709
2026-06-05,goguma,고구마,밤(1kg),식량작물,간식,5709
2026-06-05,goguma,고구마,밤(1kg),식량작물,간식,5709
2026-06-05,goguma,고구마,밤(1kg),식량작물,간식,5709
2026-06-08,goguma,고구마,밤(1kg),식량작물,간식,5815
2026-06-08,goguma,고구마,밤(1kg),식량작물,간식,5815
2026-06-08,goguma,고구마,밤(1kg),식량작물,간식,5815
2026-06-08,goguma,고구마,밤(1kg),식량작물,간식,5815
2026-06-08,goguma,고구마,밤(1kg),식량작물,간식,5815
2026-06-08,goguma,고구마,밤(1kg),식량작물,간식,5815
2026-06-08,goguma,고구마,밤(1kg),식량작물,간식,5815
2026-06-09,goguma,고구마,밤(1kg),식량작물,간식,5935
2026-06-09,goguma,고구마,밤(1kg),식량작물,간식,5935
2026-06-09,goguma,고구마,밤(1kg),식량작물,간식,5935
2026-06-09,goguma,고구마,밤(1kg),식량작물,간식,5935
2026-06-09,goguma,고구마,밤(1kg),식량작물,간식,5935
2026-06-09,goguma,고구마,밤(1kg),식량작물,간식,5935
2026-06-09,goguma,고구마,밤(1kg),식량작물,간식,5935
2026-06-10,goguma,고구마,밤(1kg),식량작물,간식,5874
2026-06-10,goguma,고구마,밤(1kg),식량작물,간식,5874
2026-06-10,goguma,고구마,밤(1kg),식량작물,간식,5874
2026-06-10,goguma,고구마,밤(1kg),식량작물,간식,5874
2026-06-10,goguma,고구마,밤(1kg),식량작물,간식,5874
2026-06-10,goguma,고구마,밤(1kg),식량작물,간식,5874
2026-06-10,goguma,고구마,밤(1kg),식량작물,간식,5874
2026-06-11,goguma,고구마,밤(1kg),식량작물,간식,5323
2026-06-11,goguma,고구마,밤(1kg),식량작물,간식,5323
2026-06-11,goguma,고구마,밤(1kg),식량작물,간식,5323
2026-06-11,goguma,고구마,밤(1kg),식량작물,간식,5323
2026-06-11,goguma,고구마,밤(1kg),식량작물,간식,5323
2026-06-11,goguma,고구마,밤(1kg),식량작물,간식,5323
2026-06-11,goguma,고구마,밤(1kg),식량작물,간식,5323
2026-06-12,goguma,고구마,밤(1kg),식량작물,간식,5247
2026-06-12,goguma,고구마,밤(1kg),식량작물,간식,5247
2026-06-12,goguma,고구마,밤(1kg),식량작물,간식,5247
2026-06-12,goguma,고구마,밤(1kg),식량작물,간식,5247
2026-06-12,goguma,고구마,밤(1kg),식량작물,간식,5247
2026-06-12,goguma,고구마,밤(1kg),식량작물,간식,5247
2026-06-12,goguma,고구마,밤(1kg),식량작물,간식,5247
2026-06-15,goguma,고구마,밤(1kg),식량작물,간식,5270
2026-06-15,goguma,고구마,밤(1kg),식량작물,간식,5270
2026-06-15,goguma,고구마,밤(1kg),식량작물,간식,5270
2026-06-15,goguma,고구마,밤(1kg),식량작물,간식,5270
2026-06-15,goguma,고구마,밤(1kg),식량작물,간식,5270
2026-06-15,goguma,고구마,밤(1kg),식량작물,간식,5270
2026-06-15,goguma,고구마,밤(1kg),식량작물,간식,5270
2026-06-16,goguma,고구마,밤(1kg),식량작물,간식,5347
2026-06-16,goguma,고구마,밤(1kg),식량작물,간식,5347
2026-06-16,goguma,고구마,밤(1kg),식량작물,간식,5347
2026-06-16,goguma,고구마,밤(1kg),식량작물,간식,5347
2026-06-16,goguma,고구마,밤(1kg),식량작물,간식,5347
2026-06-16,goguma,고구마,밤(1kg),식량작물,간식,5347
2026-06-16,goguma,고구마,밤(1kg),식량작물,간식,5347
2026-06-17,goguma,고구마,밤(1kg),식량작물,간식,5347
2026-06-17,goguma,고구마,밤(1kg),식량작물,간식,5347
2026-06-17,goguma,고구마,밤(1kg),식량작물,간식,5347
2026-06-17,goguma,고구마,밤(1kg),식량작물,간식,5347
2026-06-17,goguma,고구마,밤(1kg),식량작물,간식,5347
2026-06-17,goguma,고구마,밤(1kg),식량작물,간식,5347
2026-06-17,goguma,고구마,밤(1kg),식량작물,간식,5347
2026-06-18,goguma,고구마,밤(1kg),식량작물,간식,5453
2026-06-18,goguma,고구마,밤(1kg),식량작물,간식,5453
2026-06-18,goguma,고구마,밤(1kg),식량작물,간식,5453
2026-06-18,goguma,고구마,밤(1kg),식량작물,간식,5453
2026-06-18,goguma,고구마,밤(1kg),식량작물,간식,5453
2026-06-18,goguma,고구마,밤(1kg),식량작물,간식,5453
2026-06-18,goguma,고구마,밤(1kg),식량작물,간식,5453
2026-06-19,goguma,고구마,밤(1kg),식량작물,간식,5367
2026-06-19,goguma,고구마,밤(1kg),식량작물,간식,5367
2026-06-19,goguma,고구마,밤(1kg),식량작물,간식,5367
2026-06-19,goguma,고구마,밤(1kg),식량작물,간식,5367
2026-06-19,goguma,고구마,밤(1kg),식량작물,간식,5367
2026-06-19,goguma,고구마,밤(1kg),식량작물,간식,5367
2026-06-19,goguma,고구마,밤(1kg),식량작물,간식,5367
2026-06-22,goguma,고구마,밤(1kg),식량작물,간식,5572
2026-06-22,goguma,고구마,밤(1kg),식량작물,간식,5572
2026-06-22,goguma,고구마,밤(1kg),식량작물,간식,5572
2026-06-22,goguma,고구마,밤(1kg),식량작물,간식,5572
2026-06-22,goguma,고구마,밤(1kg),식량작물,간식,5572
2026-06-22,goguma,고구마,밤(1kg),식량작물,간식,5572
2026-06-22,goguma,고구마,밤(1kg),식량작물,간식,5572
2026-06-23,goguma,고구마,밤(1kg),식량작물,간식,5578
2026-06-23,goguma,고구마,밤(1kg),식량작물,간식,5578
2026-06-23,goguma,고구마,밤(1kg),식량작물,간식,5578
2026-06-23,goguma,고구마,밤(1kg),식량작물,간식,5578
2026-06-23,goguma,고구마,밤(1kg),식량작물,간식,5578
2026-06-23,goguma,고구마,밤(1kg),식량작물,간식,5578
2026-06-23,goguma,고구마,밤(1kg),식량작물,간식,5578
2026-06-24,goguma,고구마,밤(1kg),식량작물,간식,5607
2026-06-24,goguma,고구마,밤(1kg),식량작물,간식,5607
2026-06-24,goguma,고구마,밤(1kg),식량작물,간식,5607
2026-06-24,goguma,고구마,밤(1kg),식량작물,간식,5607
2026-06-24,goguma,고구마,밤(1kg),식량작물,간식,5607
2026-06-24,goguma,고구마,밤(1kg),식량작물,간식,5607
2026-06-24,goguma,고구마,밤(1kg),식량작물,간식,5607
2026-06-25,goguma,고구마,밤(1kg),식량작물,간식,5600
2026-06-25,goguma,고구마,밤(1kg),식량작물,간식,5600
2026-06-25,goguma,고구마,밤(1kg),식량작물,간식,5600
2026-06-25,goguma,고구마,밤(1kg),식량작물,간식,5600
2026-06-25,goguma,고구마,밤(1kg),식량작물,간식,5600
2026-06-25,goguma,고구마,밤(1kg),식량작물,간식,5600
2026-06-25,goguma,고구마,밤(1kg),식량작물,간식,5600
2026-06-26,goguma,고구마,밤(1kg),식량작물,간식,5609
2026-06-26,goguma,고구마,밤(1kg),식량작물,간식,5609
2026-06-26,goguma,고구마,밤(1kg),식량작물,간식,5609
2026-06-26,goguma,고구마,밤(1kg),식량작물,간식,5609
2026-06-26,goguma,고구마,밤(1kg),식량작물,간식,5609
2026-06-26,goguma,고구마,밤(1kg),식량작물,간식,5609
2026-06-26,goguma,고구마,밤(1kg),식량작물,간식,5609
2026-06-29,goguma,고구마,밤(1kg),식량작물,간식,5616
2026-06-29,goguma,고구마,밤(1kg),식량작물,간식,5616
2026-06-29,goguma,고구마,밤(1kg),식량작물,간식,5616
2026-06-29,goguma,고구마,밤(1kg),식량작물,간식,5616
2026-06-29,goguma,고구마,밤(1kg),식량작물,간식,5616
2026-06-29,goguma,고구마,밤(1kg),식량작물,간식,5616
2026-06-29,goguma,고구마,밤(1kg),식량작물,간식,5616
2026-06-30,goguma,고구마,밤(1kg),식량작물,간식,5683
2026-06-30,goguma,고구마,밤(1kg),식량작물,간식,5683
2026-06-30,goguma,고구마,밤(1kg),식량작물,간식,5683
2026-06-30,goguma,고구마,밤(1kg),식량작물,간식,5683
2026-06-30,goguma,고구마,밤(1kg),식량작물,간식,5683
2026-06-30,goguma,고구마,밤(1kg),식량작물,간식,5683
2026-06-30,goguma,고구마,밤(1kg),식량작물,간식,5683
2026-07-01,goguma,고구마,밤(1kg),식량작물,간식,5648
2026-07-01,goguma,고구마,밤(1kg),식량작물,간식,5648
2026-07-01,goguma,고구마,밤(1kg),식량작물,간식,5648
2026-07-01,goguma,고구마,밤(1kg),식량작물,간식,5648
2026-07-01,goguma,고구마,밤(1kg),식량작물,간식,5648
2026-07-01,goguma,고구마,밤(1kg),식량작물,간식,5648
2026-07-01,goguma,고구마,밤(1kg),식량작물,간식,5648
2026-07-02,goguma,고구마,밤(1kg),식량작물,간식,5340
2026-07-02,goguma,고구마,밤(1kg),식량작물,간식,5340
2026-07-02,goguma,고구마,밤(1kg),식량작물,간식,5340
2026-07-02,goguma,고구마,밤(1kg),식량작물,간식,5340
2026-07-02,goguma,고구마,밤(1kg),식량작물,간식,5340
2026-07-02,goguma,고구마,밤(1kg),식량작물,간식,5340
2026-07-02,goguma,고구마,밤(1kg),식량작물,간식,5340
2026-07-03,goguma,고구마,밤(1kg),식량작물,간식,5287
2026-07-03,goguma,고구마,밤(1kg),식량작물,간식,5287
2026-07-03,goguma,고구마,밤(1kg),식량작물,간식,5287
2026-07-03,goguma,고구마,밤(1kg),식량작물,간식,5287
2026-07-03,goguma,고구마,밤(1kg),식량작물,간식,5287
2026-07-03,goguma,고구마,밤(1kg),식량작물,간식,5287
2026-07-03,goguma,고구마,밤(1kg),식량작물,간식,5287
2026-07-06,goguma,고구마,밤(1kg),식량작물,간식,5226
2026-07-06,goguma,고구마,밤(1kg),식량작물,간식,5226
2026-07-06,goguma,고구마,밤(1kg),식량작물,간식,5226
2026-07-06,goguma,고구마,밤(1kg),식량작물,간식,5226
2026-07-06,goguma,고구마,밤(1kg),식량작물,간식,5226
2026-07-06,goguma,고구마,밤(1kg),식량작물,간식,5226
2026-07-06,goguma,고구마,밤(1kg),식량작물,간식,5226
2026-07-07,goguma,고구마,밤(1kg),식량작물,간식,5276
2026-07-07,goguma,고구마,밤(1kg),식량작물,간식,5276
2026-07-07,goguma,고구마,밤(1kg),식량작물,간식,5276
2026-07-07,goguma,고구마,밤(1kg),식량작물,간식,5276
2026-07-07,goguma,고구마,밤(1kg),식량작물,간식,5276
2026-07-07,goguma,고구마,밤(1kg),식량작물,간식,5276
2026-07-07,goguma,고구마,밤(1kg),식량작물,간식,5276
2026-07-08,goguma,고구마,밤(1kg),식량작물,간식,5247
2026-07-08,goguma,고구마,밤(1kg),식량작물,간식,5247
2026-07-08,goguma,고구마,밤(1kg),식량작물,간식,5247
2026-07-08,goguma,고구마,밤(1kg),식량작물,간식,5247
2026-07-08,goguma,고구마,밤(1kg),식량작물,간식,5247
2026-07-08,goguma,고구마,밤(1kg),식량작물,간식,5247
2026-07-08,goguma,고구마,밤(1kg),식량작물,간식,5247
2026-07-09,goguma,고구마,밤(1kg),식량작물,간식,5167
2026-07-09,goguma,고구마,밤(1kg),식량작물,간식,5167
2026-07-09,goguma,고구마,밤(1kg),식량작물,간식,5167
2026-07-09,goguma,고구마,밤(1kg),식량작물,간식,5167
2026-07-09,goguma,고구마,밤(1kg),식량작물,간식,5167
2026-07-09,goguma,고구마,밤(1kg),식량작물,간식,5167
2026-07-09,goguma,고구마,밤(1kg),식량작물,간식,5167
2026-07-10,goguma,고구마,밤(1kg),식량작물,간식,5147
2026-07-10,goguma,고구마,밤(1kg),식량작물,간식,5147
2026-07-10,goguma,고구마,밤(1kg),식량작물,간식,5147
2026-07-10,goguma,고구마,밤(1kg),식량작물,간식,5147
2026-07-10,goguma,고구마,밤(1kg),식량작물,간식,5147
2026-07-10,goguma,고구마,밤(1kg),식량작물,간식,5147
2026-07-10,goguma,고구마,밤(1kg),식량작물,간식,5147
2026-07-13,goguma,고구마,밤(1kg),식량작물,간식,5125
2026-07-13,goguma,고구마,밤(1kg),식량작물,간식,5125
2026-07-13,goguma,고구마,밤(1kg),식량작물,간식,5125
2026-07-13,goguma,고구마,밤(1kg),식량작물,간식,5125
2026-07-13,goguma,고구마,밤(1kg),식량작물,간식,5125
2026-07-13,goguma,고구마,밤(1kg),식량작물,간식,5125
2026-07-13,goguma,고구마,밤(1kg),식량작물,간식,5125
2026-07-14,goguma,고구마,밤(1kg),식량작물,간식,5151
2026-07-14,goguma,고구마,밤(1kg),식량작물,간식,5151
2026-07-14,goguma,고구마,밤(1kg),식량작물,간식,5151
2026-07-14,goguma,고구마,밤(1kg),식량작물,간식,5151
2026-07-14,goguma,고구마,밤(1kg),식량작물,간식,5151
2026-07-14,goguma,고구마,밤(1kg),식량작물,간식,5151
2026-07-14,goguma,고구마,밤(1kg),식량작물,간식,5151
2026-07-15,goguma,고구마,밤(1kg),식량작물,간식,5214
2026-07-15,goguma,고구마,밤(1kg),식량작물,간식,5214
2026-07-15,goguma,고구마,밤(1kg),식량작물,간식,5214
2026-07-15,goguma,고구마,밤(1kg),식량작물,간식,5214
2026-07-15,goguma,고구마,밤(1kg),식량작물,간식,5214
2026-07-15,goguma,고구마,밤(1kg),식량작물,간식,5214
2026-07-15,goguma,고구마,밤(1kg),식량작물,간식,5214
2026-07-16,goguma,고구마,밤(1kg),식량작물,간식,4827
2026-07-16,goguma,고구마,밤(1kg),식량작물,간식,4827
2026-07-16,goguma,고구마,밤(1kg),식량작물,간식,4827
2026-07-16,goguma,고구마,밤(1kg),식량작물,간식,4827
2026-07-16,goguma,고구마,밤(1kg),식량작물,간식,4827
2026-07-16,goguma,고구마,밤(1kg),식량작물,간식,4827
2026-07-16,goguma,고구마,밤(1kg),식량작물,간식,4827
2026-07-20,goguma,고구마,밤(1kg),식량작물,간식,4642
2026-07-20,goguma,고구마,밤(1kg),식량작물,간식,4642
2026-07-20,goguma,고구마,밤(1kg),식량작물,간식,4642
2026-07-20,goguma,고구마,밤(1kg),식량작물,간식,4642
2026-07-20,goguma,고구마,밤(1kg),식량작물,간식,4642
2026-07-20,goguma,고구마,밤(1kg),식량작물,간식,4642
2026-07-20,goguma,고구마,밤(1kg),식량작물,간식,4642
2026-07-21,goguma,고구마,밤(1kg),식량작물,간식,4646
2026-07-21,goguma,고구마,밤(1kg),식량작물,간식,4646
2026-07-21,goguma,고구마,밤(1kg),식량작물,간식,4646
2026-07-21,goguma,고구마,밤(1kg),식량작물,간식,4646
2026-07-21,goguma,고구마,밤(1kg),식량작물,간식,4646
2026-07-21,goguma,고구마,밤(1kg),식량작물,간식,4646
2026-07-21,goguma,고구마,밤(1kg),식량작물,간식,4646
2026-07-22,goguma,고구마,밤(1kg),식량작물,간식,4597
2026-07-22,goguma,고구마,밤(1kg),식량작물,간식,4597
2026-07-22,goguma,고구마,밤(1kg),식량작물,간식,4597
2026-07-22,goguma,고구마,밤(1kg),식량작물,간식,4597
2026-07-22,goguma,고구마,밤(1kg),식량작물,간식,4597
2026-07-22,goguma,고구마,밤(1kg),식량작물,간식,4597
2026-07-22,goguma,고구마,밤(1kg),식량작물,간식,4597
2026-07-23,goguma,고구마,밤(1kg),식량작물,간식,4718
2026-07-23,goguma,고구마,밤(1kg),식량작물,간식,4718
2026-07-23,goguma,고구마,밤(1kg),식량작물,간식,4718
2026-07-23,goguma,고구마,밤(1kg),식량작물,간식,4718
2026-07-23,goguma,고구마,밤(1kg),식량작물,간식,4718
2026-07-23,goguma,고구마,밤(1kg),식량작물,간식,4718
2026-07-23,goguma,고구마,밤(1kg),식량작물,간식,4718
2026-07-24,goguma,고구마,밤(1kg),식량작물,간식,4718
2026-07-24,goguma,고구마,밤(1kg),식량작물,간식,4718
2026-07-24,goguma,고구마,밤(1kg),식량작물,간식,4718
2026-07-24,goguma,고구마,밤(1kg),식량작물,간식,4718
2026-07-24,goguma,고구마,밤(1kg),식량작물,간식,4718
2026-07-24,goguma,고구마,밤(1kg),식량작물,간식,4718
2026-07-24,goguma,고구마,밤(1kg),식량작물,간식,4718
2026-07-27,goguma,고구마,밤(1kg),식량작물,간식,4791
2026-07-27,goguma,고구마,밤(1kg),식량작물,간식,4791
2026-07-27,goguma,고구마,밤(1kg),식량작물,간식,4791
2026-07-27,goguma,고구마,밤(1kg),식량작물,간식,4791
2026-07-27,goguma,고구마,밤(1kg),식량작물,간식,4791
2026-07-27,goguma,고구마,밤(1kg),식량작물,간식,4791
2026-07-27,goguma,고구마,밤(1kg),식량작물,간식,4791
2026-07-28,goguma,고구마,밤(1kg),식량작물,간식,5141
2026-07-28,goguma,고구마,밤(1kg),식량작물,간식,5141
2026-07-28,goguma,고구마,밤(1kg),식량작물,간식,5141
2026-07-28,goguma,고구마,밤(1kg),식량작물,간식,5141
2026-07-28,goguma,고구마,밤(1kg),식량작물,간식,5141
2026-07-28,goguma,고구마,밤(1kg),식량작물,간식,5141
2026-07-28,goguma,고구마,밤(1kg),식량작물,간식,5141
2026-07-29,goguma,고구마,밤(1kg),식량작물,간식,5109
2026-07-29,goguma,고구마,밤(1kg),식량작물,간식,5109
2026-07-29,goguma,고구마,밤(1kg),식량작물,간식,5109
2026-07-29,goguma,고구마,밤(1kg),식량작물,간식,5109
2026-07-29,goguma,고구마,밤(1kg),식량작물,간식,5109
2026-07-29,goguma,고구마,밤(1kg),식량작물,간식,5109
2026-07-29,goguma,고구마,밤(1kg),식량작물,간식,5109
2026-07-30,goguma,고구마,밤(1kg),식량작물,간식,4385
2026-07-30,goguma,고구마,밤(1kg),식량작물,간식,4385
2026-07-30,goguma,고구마,밤(1kg),식량작물,간식,4385
2026-07-30,goguma,고구마,밤(1kg),식량작물,간식,4385
2026-07-30,goguma,고구마,밤(1kg),식량작물,간식,4385
2026-07-30,goguma,고구마,밤(1kg),식량작물,간식,4385
2026-07-30,goguma,고구마,밤(1kg),식량작물,간식,4385
2026-07-31,goguma,고구마,밤(1kg),식량작물,간식,4354
2026-07-31,goguma,고구마,밤(1kg),식량작물,간식,4354
2026-07-31,goguma,고구마,밤(1kg),식량작물,간식,4354
2026-07-31,goguma,고구마,밤(1kg),식량작물,간식,4354
2026-07-31,goguma,고구마,밤(1kg),식량작물,간식,4354
2026-07-31,goguma,고구마,밤(1kg),식량작물,간식,4354
2026-07-31,goguma,고구마,밤(1kg),식량작물,간식,4354
2026-08-03,goguma,고구마,밤(1kg),식량작물,간식,4803
2026-08-03,goguma,고구마,밤(1kg),식량작물,간식,4803
2026-08-03,goguma,고구마,밤(1kg),식량작물,간식,4803
2026-08-03,goguma,고구마,밤(1kg),식량작물,간식,4803
2026-08-03,goguma,고구마,밤(1kg),식량작물,간식,4803
2026-08-03,goguma,고구마,밤(1kg),식량작물,간식,4803
2026-08-03,goguma,고구마,밤(1kg),식량작물,간식,4803
2026-08-04,goguma,고구마,밤(1kg),식량작물,간식,4902
2026-08-04,goguma,고구마,밤(1kg),식량작물,간식,4902
2026-08-04,goguma,고구마,밤(1kg),식량작물,간식,4902
2026-08-04,goguma,고구마,밤(1kg),식량작물,간식,4902
2026-08-04,goguma,고구마,밤(1kg),식량작물,간식,4902
2026-08-04,goguma,고구마,밤(1kg),식량작물,간식,4902
2026-08-04,goguma,고구마,밤(1kg),식량작물,간식,4902
2026-08-05,goguma,고구마,밤(1kg),식량작물,간식,4853
2026-08-05,goguma,고구마,밤(1kg),식량작물,간식,4853
2026-08-05,goguma,고구마,밤(1kg),식량작물,간식,4853
2026-08-05,goguma,고구마,밤(1kg),식량작물,간식,4853
2026-08-05,goguma,고구마,밤(1kg),식량작물,간식,4853
2026-08-05,goguma,고구마,밤(1kg),식량작물,간식,4853
2026-08-05,goguma,고구마,밤(1kg),식량작물,간식,4853
2026-08-06,goguma,고구마,밤(1kg),식량작물,간식,5011
2026-08-06,goguma,고구마,밤(1kg),식량작물,간식,5011
2026-08-06,goguma,고구마,밤(1kg),식량작물,간식,5011
2026-08-06,goguma,고구마,밤(1kg),식량작물,간식,5011
2026-08-06,goguma,고구마,밤(1kg),식량작물,간식,5011
2026-08-06,goguma,고구마,밤(1kg),식량작물,간식,5011
2026-08-06,goguma,고구마,밤(1kg),식량작물,간식,5011
2026-08-07,goguma,고구마,밤(1kg),식량작물,간식,5005
2026-08-07,goguma,고구마,밤(1kg),식량작물,간식,5005
2026-08-07,goguma,고구마,밤(1kg),식량작물,간식,5005
2026-08-07,goguma,고구마,밤(1kg),식량작물,간식,5005
2026-08-07,goguma,고구마,밤(1kg),식량작물,간식,5005
2026-08-07,goguma,고구마,밤(1kg),식량작물,간식,5005
2026-08-07,goguma,고구마,밤(1kg),식량작물,간식,5005
2026-08-10,goguma,고구마,밤(1kg),식량작물,간식,4992
2026-08-10,goguma,고구마,밤(1kg),식량작물,간식,4992
2026-08-10,goguma,고구마,밤(1kg),식량작물,간식,4992
2026-08-10,goguma,고구마,밤(1kg),식량작물,간식,4992
2026-08-10,goguma,고구마,밤(1kg),식량작물,간식,4992
2026-08-10,goguma,고구마,밤(1kg),식량작물,간식,4992
2026-08-10,goguma,고구마,밤(1kg),식량작물,간식,4992
2026-08-11,goguma,고구마,밤(1kg),식량작물,간식,5077
2026-08-11,goguma,고구마,밤(1kg),식량작물,간식,5077
2026-08-11,goguma,고구마,밤(1kg),식량작물,간식,5077
2026-08-11,goguma,고구마,밤(1kg),식량작물,간식,5077
2026-08-11,goguma,고구마,밤(1kg),식량작물,간식,5077
2026-08-11,goguma,고구마,밤(1kg),식량작물,간식,5077
2026-08-11,goguma,고구마,밤(1kg),식량작물,간식,5077
2026-08-12,goguma,고구마,밤(1kg),식량작물,간식,5088
2026-08-12,goguma,고구마,밤(1kg),식량작물,간식,5088
2026-08-12,goguma,고구마,밤(1kg),식량작물,간식,5088
2026-08-12,goguma,고구마,밤(1kg),식량작물,간식,5088
2026-08-12,goguma,고구마,밤(1kg),식량작물,간식,5088
2026-08-12,goguma,고구마,밤(1kg),식량작물,간식,5088
2026-08-12,goguma,고구마,밤(1kg),식량작물,간식,5088
2026-08-13,goguma,고구마,밤(1kg),식량작물,간식,5067
2026-08-13,goguma,고구마,밤(1kg),식량작물,간식,5067
2026-08-13,goguma,고구마,밤(1kg),식량작물,간식,5067
2026-08-13,goguma,고구마,밤(1kg),식량작물,간식,5067
2026-08-13,goguma,고구마,밤(1kg),식량작물,간식,5067
2026-08-13,goguma,고구마,밤(1kg),식량작물,간식,5067
2026-08-13,goguma,고구마,밤(1kg),식량작물,간식,5067
2026-08-14,goguma,고구마,밤(1kg),식량작물,간식,4866
2026-08-14,goguma,고구마,밤(1kg),식량작물,간식,4866
2026-08-14,goguma,고구마,밤(1kg),식량작물,간식,4866
2026-08-14,goguma,고구마,밤(1kg),식량작물,간식,4866
2026-08-14,goguma,고구마,밤(1kg),식량작물,간식,4866
2026-08-14,goguma,고구마,밤(1kg),식량작물,간식,4866
2026-08-14,goguma,고구마,밤(1kg),식량작물,간식,4866
2026-08-18,goguma,고구마,밤(1kg),식량작물,간식,4913
2026-08-18,goguma,고구마,밤(1kg),식량작물,간식,4913
2026-08-18,goguma,고구마,밤(1kg),식량작물,간식,4913
2026-08-18,goguma,고구마,밤(1kg),식량작물,간식,4913
2026-08-18,goguma,고구마,밤(1kg),식량작물,간식,4913
2026-08-18,goguma,고구마,밤(1kg),식량작물,간식,4913
2026-08-18,goguma,고구마,밤(1kg),식량작물,간식,4913
2026-08-19,goguma,고구마,밤(1kg),식량작물,간식,4912
2026-08-19,goguma,고구마,밤(1kg),식량작물,간식,4912
2026-08-19,goguma,고구마,밤(1kg),식량작물,간식,4912
2026-08-19,goguma,고구마,밤(1kg),식량작물,간식,4912
2026-08-19,goguma,고구마,밤(1kg),식량작물,간식,4912
2026-08-19,goguma,고구마,밤(1kg),식량작물,간식,4912
2026-08-19,goguma,고구마,밤(1kg),식량작물,간식,4912
2026-08-20,goguma,고구마,밤(1kg),식량작물,간식,5338
2026-08-20,goguma,고구마,밤(1kg),식량작물,간식,5338
2026-08-20,goguma,고구마,밤(1kg),식량작물,간식,5338
2026-08-20,goguma,고구마,밤(1kg),식량작물,간식,5338
2026-08-20,goguma,고구마,밤(1kg),식량작물,간식,5338
2026-08-20,goguma,고구마,밤(1kg),식량작물,간식,5338
2026-08-20,goguma,고구마,밤(1kg),식량작물,간식,5338
2026-08-21,goguma,고구마,밤(1kg),식량작물,간식,5356
2026-08-21,goguma,고구마,밤(1kg),식량작물,간식,5356
2026-08-21,goguma,고구마,밤(1kg),식량작물,간식,5356
2026-08-21,goguma,고구마,밤(1kg),식량작물,간식,5356
2026-08-21,goguma,고구마,밤(1kg),식량작물,간식,5356
2026-08-21,goguma,고구마,밤(1kg),식량작물,간식,5356
2026-08-21,goguma,고구마,밤(1kg),식량작물,간식,5356
2026-08-24,goguma,고구마,밤(1kg),식량작물,간식,5400
2026-08-24,goguma,고구마,밤(1kg),식량작물,간식,5400
2026-08-24,goguma,고구마,밤(1kg),식량작물,간식,5400
2026-08-24,goguma,고구마,밤(1kg),식량작물,간식,5400
2026-08-24,goguma,고구마,밤(1kg),식량작물,간식,5400
2026-08-24,goguma,고구마,밤(1kg),식량작물,간식,5400
2026-08-24,goguma,고구마,밤(1kg),식량작물,간식,5400
2026-08-25,goguma,고구마,밤(1kg),식량작물,간식,5410
2026-08-25,goguma,고구마,밤(1kg),식량작물,간식,5410
2026-08-25,goguma,고구마,밤(1kg),식량작물,간식,5410
2026-08-25,goguma,고구마,밤(1kg),식량작물,간식,5410
2026-08-25,goguma,고구마,밤(1kg),식량작물,간식,5410
2026-08-25,goguma,고구마,밤(1kg),식량작물,간식,5410
2026-08-25,goguma,고구마,밤(1kg),식량작물,간식,5410
2026-08-26,goguma,고구마,밤(1kg),식량작물,간식,5444
2026-08-26,goguma,고구마,밤(1kg),식량작물,간식,5444
2026-08-26,goguma,고구마,밤(1kg),식량작물,간식,5444
2026-08-26,goguma,고구마,밤(1kg),식량작물,간식,5444
2026-08-26,goguma,고구마,밤(1kg),식량작물,간식,5444
2026-08-26,goguma,고구마,밤(1kg),식량작물,간식,5444
2026-08-26,goguma,고구마,밤(1kg),식량작물,간식,5444
2026-08-27,goguma,고구마,밤(1kg),식량작물,간식,5406
2026-08-27,goguma,고구마,밤(1kg),식량작물,간식,5406
2026-08-27,goguma,고구마,밤(1kg),식량작물,간식,5406
2026-08-27,goguma,고구마,밤(1kg),식량작물,간식,5406
2026-08-27,goguma,고구마,밤(1kg),식량작물,간식,5406
2026-08-27,goguma,고구마,밤(1kg),식량작물,간식,5406
2026-08-27,goguma,고구마,밤(1kg),식량작물,간식,5406
2026-08-28,goguma,고구마,밤(1kg),식량작물,간식,5420
2026-08-28,goguma,고구마,밤(1kg),식량작물,간식,5420
2026-08-28,goguma,고구마,밤(1kg),식량작물,간식,5420
2026-08-28,goguma,고구마,밤(1kg),식량작물,간식,5420
2026-08-28,goguma,고구마,밤(1kg),식량작물,간식,5420
2026-08-28,goguma,고구마,밤(1kg),식량작물,간식,5420
2026-08-28,goguma,고구마,밤(1kg),식량작물,간식,5420
2026-08-31,goguma,고구마,밤(1kg),식량작물,간식,5436
2026-08-31,goguma,고구마,밤(1kg),식량작물,간식,5436
2026-08-31,goguma,고구마,밤(1kg),식량작물,간식,5436
2026-08-31,goguma,고구마,밤(1kg),식량작물,간식,5436
2026-08-31,goguma,고구마,밤(1kg),식량작물,간식,5436
2026-08-31,goguma,고구마,밤(1kg),식량작물,간식,5436
2026-08-31,goguma,고구마,밤(1kg),식량작물,간식,5436
2026-09-01,goguma,고구마,밤(1kg),식량작물,간식,5483
2026-09-01,goguma,고구마,밤(1kg),식량작물,간식,5483
2026-09-01,goguma,고구마,밤(1kg),식량작물,간식,5483
2026-09-01,goguma,고구마,밤(1kg),식량작물,간식,5483
2026-09-01,goguma,고구마,밤(1kg),식량작물,간식,5483
2026-09-01,goguma,고구마,밤(1kg),식량작물,간식,5483
2026-09-01,goguma,고구마,밤(1kg),식량작물,간식,5483
2026-09-02,goguma,고구마,밤(1kg),식량작물,간식,5495
2026-09-02,goguma,고구마,밤(1kg),식량작물,간식,5495
2026-09-02,goguma,고구마,밤(1kg),식량작물,간식,5495
2026-09-02,goguma,고구마,밤(1kg),식량작물,간식,5495
2026-09-02,goguma,고구마,밤(1kg),식량작물,간식,5495
2026-09-02,goguma,고구마,밤(1kg),식량작물,간식,5495
2026-09-02,goguma,고구마,밤(1kg),식량작물,간식,5495
2026-09-03,goguma,고구마,밤(1kg),식량작물,간식,4440
2026-09-03,goguma,고구마,밤(1kg),식량작물,간식,4440
2026-09-03,goguma,고구마,밤(1kg),식량작물,간식,4440
2026-09-03,goguma,고구마,밤(1kg),식량작물,간식,4440
2026-09-03,goguma,고구마,밤(1kg),식량작물,간식,4440
2026-09-03,goguma,고구마,밤(1kg),식량작물,간식,4440
2026-09-03,goguma,고구마,밤(1kg),식량작물,간식,4440
2026-09-04,goguma,고구마,밤(1kg),식량작물,간식,4394
2026-09-04,goguma,고구마,밤(1kg),식량작물,간식,4394
2026-09-04,goguma,고구마,밤(1kg),식량작물,간식,4394
2026-09-04,goguma,고구마,밤(1kg),식량작물,간식,4394
2026-09-04,goguma,고구마,밤(1kg),식량작물,간식,4394
2026-09-04,goguma,고구마,밤(1kg),식량작물,간식,4394
2026-09-04,goguma,고구마,밤(1kg),식량작물,간식,4394
2026-09-07,goguma,고구마,밤(1kg),식량작물,간식,4388
2026-09-07,goguma,고구마,밤(1kg),식량작물,간식,4388
2026-09-07,goguma,고구마,밤(1kg),식량작물,간식,4388
2026-09-07,goguma,고구마,밤(1kg),식량작물,간식,4388
2026-09-07,goguma,고구마,밤(1kg),식량작물,간식,4388
2026-09-07,goguma,고구마,밤(1kg),식량작물,간식,4388
2026-09-07,goguma,고구마,밤(1kg),식량작물,간식,4388
2026-09-08,goguma,고구마,밤(1kg),식량작물,간식,4407
2026-09-08,goguma,고구마,밤(1kg),식량작물,간식,4407
2026-09-08,goguma,고구마,밤(1kg),식량작물,간식,4407
2026-09-08,goguma,고구마,밤(1kg),식량작물,간식,4407
2026-09-08,goguma,고구마,밤(1kg),식량작물,간식,4407
2026-09-08,goguma,고구마,밤(1kg),식량작물,간식,4407
2026-09-08,goguma,고구마,밤(1kg),식량작물,간식,4407
2026-09-09,goguma,고구마,밤(1kg),식량작물,간식,4414
2026-09-09,goguma,고구마,밤(1kg),식량작물,간식,4414
2026-09-09,goguma,고구마,밤(1kg),식량작물,간식,4414
2026-09-09,goguma,고구마,밤(1kg),식량작물,간식,4414
2026-09-09,goguma,고구마,밤(1kg),식량작물,간식,4414
2026-09-09,goguma,고구마,밤(1kg),식량작물,간식,4414
2026-09-09,goguma,고구마,밤(1kg),식량작물,간식,4414
2026-09-10,goguma,고구마,밤(1kg),식량작물,간식,4915
2026-09-10,goguma,고구마,밤(1kg),식량작물,간식,4915
2026-09-10,goguma,고구마,밤(1kg),식량작물,간식,4915
2026-09-10,goguma,고구마,밤(1kg),식량작물,간식,4915
2026-09-10,goguma,고구마,밤(1kg),식량작물,간식,4915
2026-09-10,goguma,고구마,밤(1kg),식량작물,간식,4915
2025-09-10,hobak,애호박,애호박(1개),채소류,볶음,1581
2025-09-10,hobak,애호박,애호박(1개),채소류,볶음,1581
2025-09-10,hobak,애호박,애호박(1개),채소류,볶음,1581
2025-09-10,hobak,애호박,애호박(1개),채소류,볶음,1581
2025-09-10,hobak,애호박,애호박(1개),채소류,볶음,1581
2025-09-10,hobak,애호박,애호박(1개),채소류,볶음,1581
2025-09-10,hobak,애호박,애호박(1개),채소류,볶음,1581
2025-09-11,hobak,애호박,애호박(1개),채소류,볶음,1461
2025-09-11,hobak,애호박,애호박(1개),채소류,볶음,1461
2025-09-11,hobak,애호박,애호박(1개),채소류,볶음,1461
2025-09-11,hobak,애호박,애호박(1개),채소류,볶음,1461
2025-09-11,hobak,애호박,애호박(1개),채소류,볶음,1461
2025-09-11,hobak,애호박,애호박(1개),채소류,볶음,1461
2025-09-11,hobak,애호박,애호박(1개),채소류,볶음,1461
2025-09-12,hobak,애호박,애호박(1개),채소류,볶음,1437
2025-09-12,hobak,애호박,애호박(1개),채소류,볶음,1437
2025-09-12,hobak,애호박,애호박(1개),채소류,볶음,1437
2025-09-12,hobak,애호박,애호박(1개),채소류,볶음,1437
2025-09-12,hobak,애호박,애호박(1개),채소류,볶음,1437
2025-09-12,hobak,애호박,애호박(1개),채소류,볶음,1437
2025-09-12,hobak,애호박,애호박(1개),채소류,볶음,1437
2025-09-15,hobak,애호박,애호박(1개),채소류,볶음,1517
2025-09-15,hobak,애호박,애호박(1개),채소류,볶음,1517
2025-09-15,hobak,애호박,애호박(1개),채소류,볶음,1517
2025-09-15,hobak,애호박,애호박(1개),채소류,볶음,1517
2025-09-15,hobak,애호박,애호박(1개),채소류,볶음,1517
2025-09-15,hobak,애호박,애호박(1개),채소류,볶음,1517
2025-09-15,hobak,애호박,애호박(1개),채소류,볶음,1517
2025-09-16,hobak,애호박,애호박(1개),채소류,볶음,1518
2025-09-16,hobak,애호박,애호박(1개),채소류,볶음,1518
2025-09-16,hobak,애호박,애호박(1개),채소류,볶음,1518
2025-09-16,hobak,애호박,애호박(1개),채소류,볶음,1518
2025-09-16,hobak,애호박,애호박(1개),채소류,볶음,1518
2025-09-16,hobak,애호박,애호박(1개),채소류,볶음,1518
2025-09-16,hobak,애호박,애호박(1개),채소류,볶음,1518
2025-09-17,hobak,애호박,애호박(1개),채소류,볶음,1534
2025-09-17,hobak,애호박,애호박(1개),채소류,볶음,1534
2025-09-17,hobak,애호박,애호박(1개),채소류,볶음,1534
2025-09-17,hobak,애호박,애호박(1개),채소류,볶음,1534
2025-09-17,hobak,애호박,애호박(1개),채소류,볶음,1534
2025-09-17,hobak,애호박,애호박(1개),채소류,볶음,1534
2025-09-17,hobak,애호박,애호박(1개),채소류,볶음,1534
2025-09-18,hobak,애호박,애호박(1개),채소류,볶음,1668
2025-09-18,hobak,애호박,애호박(1개),채소류,볶음,1668
2025-09-18,hobak,애호박,애호박(1개),채소류,볶음,1668
2025-09-18,hobak,애호박,애호박(1개),채소류,볶음,1668
2025-09-18,hobak,애호박,애호박(1개),채소류,볶음,1668
2025-09-18,hobak,애호박,애호박(1개),채소류,볶음,1668
2025-09-18,hobak,애호박,애호박(1개),채소류,볶음,1668
2025-09-19,hobak,애호박,애호박(1개),채소류,볶음,1661
2025-09-19,hobak,애호박,애호박(1개),채소류,볶음,1661
2025-09-19,hobak,애호박,애호박(1개),채소류,볶음,1661
2025-09-19,hobak,애호박,애호박(1개),채소류,볶음,1661
2025-09-19,hobak,애호박,애호박(1개),채소류,볶음,1661
2025-09-19,hobak,애호박,애호박(1개),채소류,볶음,1661
2025-09-19,hobak,애호박,애호박(1개),채소류,볶음,1661
2025-09-22,hobak,애호박,애호박(1개),채소류,볶음,1644
2025-09-22,hobak,애호박,애호박(1개),채소류,볶음,1644
2025-09-22,hobak,애호박,애호박(1개),채소류,볶음,1644
2025-09-22,hobak,애호박,애호박(1개),채소류,볶음,1644
2025-09-22,hobak,애호박,애호박(1개),채소류,볶음,1644
2025-09-22,hobak,애호박,애호박(1개),채소류,볶음,1644
2025-09-22,hobak,애호박,애호박(1개),채소류,볶음,1644
2025-09-23,hobak,애호박,애호박(1개),채소류,볶음,1673
2025-09-23,hobak,애호박,애호박(1개),채소류,볶음,1673
2025-09-23,hobak,애호박,애호박(1개),채소류,볶음,1673
2025-09-23,hobak,애호박,애호박(1개),채소류,볶음,1673
2025-09-23,hobak,애호박,애호박(1개),채소류,볶음,1673
2025-09-23,hobak,애호박,애호박(1개),채소류,볶음,1673
2025-09-23,hobak,애호박,애호박(1개),채소류,볶음,1673
2025-09-24,hobak,애호박,애호박(1개),채소류,볶음,1716
2025-09-24,hobak,애호박,애호박(1개),채소류,볶음,1716
2025-09-24,hobak,애호박,애호박(1개),채소류,볶음,1716
2025-09-24,hobak,애호박,애호박(1개),채소류,볶음,1716
2025-09-24,hobak,애호박,애호박(1개),채소류,볶음,1716
2025-09-24,hobak,애호박,애호박(1개),채소류,볶음,1716
2025-09-24,hobak,애호박,애호박(1개),채소류,볶음,1716
2025-09-25,hobak,애호박,애호박(1개),채소류,볶음,1802
2025-09-25,hobak,애호박,애호박(1개),채소류,볶음,1802
2025-09-25,hobak,애호박,애호박(1개),채소류,볶음,1802
2025-09-25,hobak,애호박,애호박(1개),채소류,볶음,1802
2025-09-25,hobak,애호박,애호박(1개),채소류,볶음,1802
2025-09-25,hobak,애호박,애호박(1개),채소류,볶음,1802
2025-09-25,hobak,애호박,애호박(1개),채소류,볶음,1802
2025-09-26,hobak,애호박,애호박(1개),채소류,볶음,1862
2025-09-26,hobak,애호박,애호박(1개),채소류,볶음,1862
2025-09-26,hobak,애호박,애호박(1개),채소류,볶음,1862
2025-09-26,hobak,애호박,애호박(1개),채소류,볶음,1862
2025-09-26,hobak,애호박,애호박(1개),채소류,볶음,1862
2025-09-26,hobak,애호박,애호박(1개),채소류,볶음,1862
2025-09-26,hobak,애호박,애호박(1개),채소류,볶음,1862
2025-09-29,hobak,애호박,애호박(1개),채소류,볶음,1916
2025-09-29,hobak,애호박,애호박(1개),채소류,볶음,1916
2025-09-29,hobak,애호박,애호박(1개),채소류,볶음,1916
2025-09-29,hobak,애호박,애호박(1개),채소류,볶음,1916
2025-09-29,hobak,애호박,애호박(1개),채소류,볶음,1916
2025-09-29,hobak,애호박,애호박(1개),채소류,볶음,1916
2025-09-29,hobak,애호박,애호박(1개),채소류,볶음,1916
2025-09-30,hobak,애호박,애호박(1개),채소류,볶음,1922
2025-09-30,hobak,애호박,애호박(1개),채소류,볶음,1922
2025-09-30,hobak,애호박,애호박(1개),채소류,볶음,1922
2025-09-30,hobak,애호박,애호박(1개),채소류,볶음,1922
2025-09-30,hobak,애호박,애호박(1개),채소류,볶음,1922
2025-09-30,hobak,애호박,애호박(1개),채소류,볶음,1922
2025-09-30,hobak,애호박,애호박(1개),채소류,볶음,1922
2025-10-01,hobak,애호박,애호박(1개),채소류,볶음,1918
2025-10-01,hobak,애호박,애호박(1개),채소류,볶음,1918
2025-10-01,hobak,애호박,애호박(1개),채소류,볶음,1918
2025-10-01,hobak,애호박,애호박(1개),채소류,볶음,1918
2025-10-01,hobak,애호박,애호박(1개),채소류,볶음,1918
2025-10-01,hobak,애호박,애호박(1개),채소류,볶음,1918
2025-10-01,hobak,애호박,애호박(1개),채소류,볶음,1918
2025-10-02,hobak,애호박,애호박(1개),채소류,볶음,1906
2025-10-02,hobak,애호박,애호박(1개),채소류,볶음,1906
2025-10-02,hobak,애호박,애호박(1개),채소류,볶음,1906
2025-10-02,hobak,애호박,애호박(1개),채소류,볶음,1906
2025-10-02,hobak,애호박,애호박(1개),채소류,볶음,1906
2025-10-02,hobak,애호박,애호박(1개),채소류,볶음,1906
2025-10-02,hobak,애호박,애호박(1개),채소류,볶음,1906
2025-10-10,hobak,애호박,애호박(1개),채소류,볶음,2022
2025-10-10,hobak,애호박,애호박(1개),채소류,볶음,2022
2025-10-10,hobak,애호박,애호박(1개),채소류,볶음,2022
2025-10-10,hobak,애호박,애호박(1개),채소류,볶음,2022
2025-10-10,hobak,애호박,애호박(1개),채소류,볶음,2022
2025-10-10,hobak,애호박,애호박(1개),채소류,볶음,2022
2025-10-10,hobak,애호박,애호박(1개),채소류,볶음,2022
2025-10-13,hobak,애호박,애호박(1개),채소류,볶음,1896
2025-10-13,hobak,애호박,애호박(1개),채소류,볶음,1896
2025-10-13,hobak,애호박,애호박(1개),채소류,볶음,1896
2025-10-13,hobak,애호박,애호박(1개),채소류,볶음,1896
2025-10-13,hobak,애호박,애호박(1개),채소류,볶음,1896
2025-10-13,hobak,애호박,애호박(1개),채소류,볶음,1896
2025-10-13,hobak,애호박,애호박(1개),채소류,볶음,1896
2025-10-14,hobak,애호박,애호박(1개),채소류,볶음,1839
2025-10-14,hobak,애호박,애호박(1개),채소류,볶음,1839
2025-10-14,hobak,애호박,애호박(1개),채소류,볶음,1839
2025-10-14,hobak,애호박,애호박(1개),채소류,볶음,1839
2025-10-14,hobak,애호박,애호박(1개),채소류,볶음,1839
2025-10-14,hobak,애호박,애호박(1개),채소류,볶음,1839
2025-10-14,hobak,애호박,애호박(1개),채소류,볶음,1839
2025-10-15,hobak,애호박,애호박(1개),채소류,볶음,1872
2025-10-15,hobak,애호박,애호박(1개),채소류,볶음,1872
2025-10-15,hobak,애호박,애호박(1개),채소류,볶음,1872
2025-10-15,hobak,애호박,애호박(1개),채소류,볶음,1872
2025-10-15,hobak,애호박,애호박(1개),채소류,볶음,1872
2025-10-15,hobak,애호박,애호박(1개),채소류,볶음,1872
2025-10-15,hobak,애호박,애호박(1개),채소류,볶음,1872
2025-10-16,hobak,애호박,애호박(1개),채소류,볶음,1693
2025-10-16,hobak,애호박,애호박(1개),채소류,볶음,1693
2025-10-16,hobak,애호박,애호박(1개),채소류,볶음,1693
2025-10-16,hobak,애호박,애호박(1개),채소류,볶음,1693
2025-10-16,hobak,애호박,애호박(1개),채소류,볶음,1693
2025-10-16,hobak,애호박,애호박(1개),채소류,볶음,1693
2025-10-16,hobak,애호박,애호박(1개),채소류,볶음,1693
2025-10-17,hobak,애호박,애호박(1개),채소류,볶음,1674
2025-10-17,hobak,애호박,애호박(1개),채소류,볶음,1674
2025-10-17,hobak,애호박,애호박(1개),채소류,볶음,1674
2025-10-17,hobak,애호박,애호박(1개),채소류,볶음,1674
2025-10-17,hobak,애호박,애호박(1개),채소류,볶음,1674
2025-10-17,hobak,애호박,애호박(1개),채소류,볶음,1674
2025-10-17,hobak,애호박,애호박(1개),채소류,볶음,1674
2025-10-20,hobak,애호박,애호박(1개),채소류,볶음,1796
2025-10-20,hobak,애호박,애호박(1개),채소류,볶음,1796
2025-10-20,hobak,애호박,애호박(1개),채소류,볶음,1796
2025-10-20,hobak,애호박,애호박(1개),채소류,볶음,1796
2025-10-20,hobak,애호박,애호박(1개),채소류,볶음,1796
2025-10-20,hobak,애호박,애호박(1개),채소류,볶음,1796
2025-10-20,hobak,애호박,애호박(1개),채소류,볶음,1796
2025-10-21,hobak,애호박,애호박(1개),채소류,볶음,1826
2025-10-21,hobak,애호박,애호박(1개),채소류,볶음,1826
2025-10-21,hobak,애호박,애호박(1개),채소류,볶음,1826
2025-10-21,hobak,애호박,애호박(1개),채소류,볶음,1826
2025-10-21,hobak,애호박,애호박(1개),채소류,볶음,1826
2025-10-21,hobak,애호박,애호박(1개),채소류,볶음,1826
2025-10-21,hobak,애호박,애호박(1개),채소류,볶음,1826
2025-10-22,hobak,애호박,애호박(1개),채소류,볶음,1829
2025-10-22,hobak,애호박,애호박(1개),채소류,볶음,1829
2025-10-22,hobak,애호박,애호박(1개),채소류,볶음,1829
2025-10-22,hobak,애호박,애호박(1개),채소류,볶음,1829
2025-10-22,hobak,애호박,애호박(1개),채소류,볶음,1829
2025-10-22,hobak,애호박,애호박(1개),채소류,볶음,1829
2025-10-22,hobak,애호박,애호박(1개),채소류,볶음,1829
2025-10-23,hobak,애호박,애호박(1개),채소류,볶음,1942
2025-10-23,hobak,애호박,애호박(1개),채소류,볶음,1942
2025-10-23,hobak,애호박,애호박(1개),채소류,볶음,1942
2025-10-23,hobak,애호박,애호박(1개),채소류,볶음,1942
2025-10-23,hobak,애호박,애호박(1개),채소류,볶음,1942
2025-10-23,hobak,애호박,애호박(1개),채소류,볶음,1942
2025-10-23,hobak,애호박,애호박(1개),채소류,볶음,1942
2025-10-24,hobak,애호박,애호박(1개),채소류,볶음,2002
2025-10-24,hobak,애호박,애호박(1개),채소류,볶음,2002
2025-10-24,hobak,애호박,애호박(1개),채소류,볶음,2002
2025-10-24,hobak,애호박,애호박(1개),채소류,볶음,2002
2025-10-24,hobak,애호박,애호박(1개),채소류,볶음,2002
2025-10-24,hobak,애호박,애호박(1개),채소류,볶음,2002
2025-10-24,hobak,애호박,애호박(1개),채소류,볶음,2002
2025-10-27,hobak,애호박,애호박(1개),채소류,볶음,1986
2025-10-27,hobak,애호박,애호박(1개),채소류,볶음,1986
2025-10-27,hobak,애호박,애호박(1개),채소류,볶음,1986
2025-10-27,hobak,애호박,애호박(1개),채소류,볶음,1986
2025-10-27,hobak,애호박,애호박(1개),채소류,볶음,1986
2025-10-27,hobak,애호박,애호박(1개),채소류,볶음,1986
2025-10-27,hobak,애호박,애호박(1개),채소류,볶음,1986
2025-10-28,hobak,애호박,애호박(1개),채소류,볶음,1994
2025-10-28,hobak,애호박,애호박(1개),채소류,볶음,1994
2025-10-28,hobak,애호박,애호박(1개),채소류,볶음,1994
2025-10-28,hobak,애호박,애호박(1개),채소류,볶음,1994
2025-10-28,hobak,애호박,애호박(1개),채소류,볶음,1994
2025-10-28,hobak,애호박,애호박(1개),채소류,볶음,1994
2025-10-28,hobak,애호박,애호박(1개),채소류,볶음,1994
2025-10-29,hobak,애호박,애호박(1개),채소류,볶음,2048
2025-10-29,hobak,애호박,애호박(1개),채소류,볶음,2048
2025-10-29,hobak,애호박,애호박(1개),채소류,볶음,2048
2025-10-29,hobak,애호박,애호박(1개),채소류,볶음,2048
2025-10-29,hobak,애호박,애호박(1개),채소류,볶음,2048
2025-10-29,hobak,애호박,애호박(1개),채소류,볶음,2048
2025-10-29,hobak,애호박,애호박(1개),채소류,볶음,2048
2025-10-30,hobak,애호박,애호박(1개),채소류,볶음,1846
2025-10-30,hobak,애호박,애호박(1개),채소류,볶음,1846
2025-10-30,hobak,애호박,애호박(1개),채소류,볶음,1846
2025-10-30,hobak,애호박,애호박(1개),채소류,볶음,1846
2025-10-30,hobak,애호박,애호박(1개),채소류,볶음,1846
2025-10-30,hobak,애호박,애호박(1개),채소류,볶음,1846
2025-10-30,hobak,애호박,애호박(1개),채소류,볶음,1846
2025-10-31,hobak,애호박,애호박(1개),채소류,볶음,2024
2025-10-31,hobak,애호박,애호박(1개),채소류,볶음,2024
2025-10-31,hobak,애호박,애호박(1개),채소류,볶음,2024
2025-10-31,hobak,애호박,애호박(1개),채소류,볶음,2024
2025-10-31,hobak,애호박,애호박(1개),채소류,볶음,2024
2025-10-31,hobak,애호박,애호박(1개),채소류,볶음,2024
2025-10-31,hobak,애호박,애호박(1개),채소류,볶음,2024
2025-11-03,hobak,애호박,애호박(1개),채소류,볶음,2186
2025-11-03,hobak,애호박,애호박(1개),채소류,볶음,2186
2025-11-03,hobak,애호박,애호박(1개),채소류,볶음,2186
2025-11-03,hobak,애호박,애호박(1개),채소류,볶음,2186
2025-11-03,hobak,애호박,애호박(1개),채소류,볶음,2186
2025-11-03,hobak,애호박,애호박(1개),채소류,볶음,2186
2025-11-03,hobak,애호박,애호박(1개),채소류,볶음,2186
2025-11-04,hobak,애호박,애호박(1개),채소류,볶음,2250
2025-11-04,hobak,애호박,애호박(1개),채소류,볶음,2250
2025-11-04,hobak,애호박,애호박(1개),채소류,볶음,2250
2025-11-04,hobak,애호박,애호박(1개),채소류,볶음,2250
2025-11-04,hobak,애호박,애호박(1개),채소류,볶음,2250
2025-11-04,hobak,애호박,애호박(1개),채소류,볶음,2250
2025-11-04,hobak,애호박,애호박(1개),채소류,볶음,2250
2025-11-05,hobak,애호박,애호박(1개),채소류,볶음,2125
2025-11-05,hobak,애호박,애호박(1개),채소류,볶음,2125
2025-11-05,hobak,애호박,애호박(1개),채소류,볶음,2125
2025-11-05,hobak,애호박,애호박(1개),채소류,볶음,2125
2025-11-05,hobak,애호박,애호박(1개),채소류,볶음,2125
2025-11-05,hobak,애호박,애호박(1개),채소류,볶음,2125
2025-11-05,hobak,애호박,애호박(1개),채소류,볶음,2125
2025-11-06,hobak,애호박,애호박(1개),채소류,볶음,2110
2025-11-06,hobak,애호박,애호박(1개),채소류,볶음,2110
2025-11-06,hobak,애호박,애호박(1개),채소류,볶음,2110
2025-11-06,hobak,애호박,애호박(1개),채소류,볶음,2110
2025-11-06,hobak,애호박,애호박(1개),채소류,볶음,2110
2025-11-06,hobak,애호박,애호박(1개),채소류,볶음,2110
2025-11-06,hobak,애호박,애호박(1개),채소류,볶음,2110
2025-11-07,hobak,애호박,애호박(1개),채소류,볶음,2039
2025-11-07,hobak,애호박,애호박(1개),채소류,볶음,2039
2025-11-07,hobak,애호박,애호박(1개),채소류,볶음,2039
2025-11-07,hobak,애호박,애호박(1개),채소류,볶음,2039
2025-11-07,hobak,애호박,애호박(1개),채소류,볶음,2039
2025-11-07,hobak,애호박,애호박(1개),채소류,볶음,2039
2025-11-07,hobak,애호박,애호박(1개),채소류,볶음,2039
2025-11-10,hobak,애호박,애호박(1개),채소류,볶음,2009
2025-11-10,hobak,애호박,애호박(1개),채소류,볶음,2009
2025-11-10,hobak,애호박,애호박(1개),채소류,볶음,2009
2025-11-10,hobak,애호박,애호박(1개),채소류,볶음,2009
2025-11-10,hobak,애호박,애호박(1개),채소류,볶음,2009
2025-11-10,hobak,애호박,애호박(1개),채소류,볶음,2009
2025-11-10,hobak,애호박,애호박(1개),채소류,볶음,2009
2025-11-11,hobak,애호박,애호박(1개),채소류,볶음,1936
2025-11-11,hobak,애호박,애호박(1개),채소류,볶음,1936
2025-11-11,hobak,애호박,애호박(1개),채소류,볶음,1936
2025-11-11,hobak,애호박,애호박(1개),채소류,볶음,1936
2025-11-11,hobak,애호박,애호박(1개),채소류,볶음,1936
2025-11-11,hobak,애호박,애호박(1개),채소류,볶음,1936
2025-11-11,hobak,애호박,애호박(1개),채소류,볶음,1936
2025-11-12,hobak,애호박,애호박(1개),채소류,볶음,1900
2025-11-12,hobak,애호박,애호박(1개),채소류,볶음,1900
2025-11-12,hobak,애호박,애호박(1개),채소류,볶음,1900
2025-11-12,hobak,애호박,애호박(1개),채소류,볶음,1900
2025-11-12,hobak,애호박,애호박(1개),채소류,볶음,1900
2025-11-12,hobak,애호박,애호박(1개),채소류,볶음,1900
2025-11-12,hobak,애호박,애호박(1개),채소류,볶음,1900
2025-11-13,hobak,애호박,애호박(1개),채소류,볶음,1696
2025-11-13,hobak,애호박,애호박(1개),채소류,볶음,1696
2025-11-13,hobak,애호박,애호박(1개),채소류,볶음,1696
2025-11-13,hobak,애호박,애호박(1개),채소류,볶음,1696
2025-11-13,hobak,애호박,애호박(1개),채소류,볶음,1696
2025-11-13,hobak,애호박,애호박(1개),채소류,볶음,1696
2025-11-13,hobak,애호박,애호박(1개),채소류,볶음,1696
2025-11-14,hobak,애호박,애호박(1개),채소류,볶음,1677
2025-11-14,hobak,애호박,애호박(1개),채소류,볶음,1677
2025-11-14,hobak,애호박,애호박(1개),채소류,볶음,1677
2025-11-14,hobak,애호박,애호박(1개),채소류,볶음,1677
2025-11-14,hobak,애호박,애호박(1개),채소류,볶음,1677
2025-11-14,hobak,애호박,애호박(1개),채소류,볶음,1677
2025-11-14,hobak,애호박,애호박(1개),채소류,볶음,1677
2025-11-17,hobak,애호박,애호박(1개),채소류,볶음,1643
2025-11-17,hobak,애호박,애호박(1개),채소류,볶음,1643
2025-11-17,hobak,애호박,애호박(1개),채소류,볶음,1643
2025-11-17,hobak,애호박,애호박(1개),채소류,볶음,1643
2025-11-17,hobak,애호박,애호박(1개),채소류,볶음,1643
2025-11-17,hobak,애호박,애호박(1개),채소류,볶음,1643
2025-11-17,hobak,애호박,애호박(1개),채소류,볶음,1643
2025-11-18,hobak,애호박,애호박(1개),채소류,볶음,1664
2025-11-18,hobak,애호박,애호박(1개),채소류,볶음,1664
2025-11-18,hobak,애호박,애호박(1개),채소류,볶음,1664
2025-11-18,hobak,애호박,애호박(1개),채소류,볶음,1664
2025-11-18,hobak,애호박,애호박(1개),채소류,볶음,1664
2025-11-18,hobak,애호박,애호박(1개),채소류,볶음,1664
2025-11-18,hobak,애호박,애호박(1개),채소류,볶음,1664
2025-11-19,hobak,애호박,애호박(1개),채소류,볶음,1661
2025-11-19,hobak,애호박,애호박(1개),채소류,볶음,1661
2025-11-19,hobak,애호박,애호박(1개),채소류,볶음,1661
2025-11-19,hobak,애호박,애호박(1개),채소류,볶음,1661
2025-11-19,hobak,애호박,애호박(1개),채소류,볶음,1661
2025-11-19,hobak,애호박,애호박(1개),채소류,볶음,1661
2025-11-19,hobak,애호박,애호박(1개),채소류,볶음,1661
2025-11-20,hobak,애호박,애호박(1개),채소류,볶음,1570
2025-11-20,hobak,애호박,애호박(1개),채소류,볶음,1570
2025-11-20,hobak,애호박,애호박(1개),채소류,볶음,1570
2025-11-20,hobak,애호박,애호박(1개),채소류,볶음,1570
2025-11-20,hobak,애호박,애호박(1개),채소류,볶음,1570
2025-11-20,hobak,애호박,애호박(1개),채소류,볶음,1570
2025-11-20,hobak,애호박,애호박(1개),채소류,볶음,1570
2025-11-21,hobak,애호박,애호박(1개),채소류,볶음,1567
2025-11-21,hobak,애호박,애호박(1개),채소류,볶음,1567
2025-11-21,hobak,애호박,애호박(1개),채소류,볶음,1567
2025-11-21,hobak,애호박,애호박(1개),채소류,볶음,1567
2025-11-21,hobak,애호박,애호박(1개),채소류,볶음,1567
2025-11-21,hobak,애호박,애호박(1개),채소류,볶음,1567
2025-11-21,hobak,애호박,애호박(1개),채소류,볶음,1567
2025-11-24,hobak,애호박,애호박(1개),채소류,볶음,1647
2025-11-24,hobak,애호박,애호박(1개),채소류,볶음,1647
2025-11-24,hobak,애호박,애호박(1개),채소류,볶음,1647
2025-11-24,hobak,애호박,애호박(1개),채소류,볶음,1647
2025-11-24,hobak,애호박,애호박(1개),채소류,볶음,1647
2025-11-24,hobak,애호박,애호박(1개),채소류,볶음,1647
2025-11-24,hobak,애호박,애호박(1개),채소류,볶음,1647
2025-11-25,hobak,애호박,애호박(1개),채소류,볶음,1641
2025-11-25,hobak,애호박,애호박(1개),채소류,볶음,1641
2025-11-25,hobak,애호박,애호박(1개),채소류,볶음,1641
2025-11-25,hobak,애호박,애호박(1개),채소류,볶음,1641
2025-11-25,hobak,애호박,애호박(1개),채소류,볶음,1641
2025-11-25,hobak,애호박,애호박(1개),채소류,볶음,1641
2025-11-25,hobak,애호박,애호박(1개),채소류,볶음,1641
2025-11-26,hobak,애호박,애호박(1개),채소류,볶음,1631
2025-11-26,hobak,애호박,애호박(1개),채소류,볶음,1631
2025-11-26,hobak,애호박,애호박(1개),채소류,볶음,1631
2025-11-26,hobak,애호박,애호박(1개),채소류,볶음,1631
2025-11-26,hobak,애호박,애호박(1개),채소류,볶음,1631
2025-11-26,hobak,애호박,애호박(1개),채소류,볶음,1631
2025-11-26,hobak,애호박,애호박(1개),채소류,볶음,1631
2025-11-27,hobak,애호박,애호박(1개),채소류,볶음,1532
2025-11-27,hobak,애호박,애호박(1개),채소류,볶음,1532
2025-11-27,hobak,애호박,애호박(1개),채소류,볶음,1532
2025-11-27,hobak,애호박,애호박(1개),채소류,볶음,1532
2025-11-27,hobak,애호박,애호박(1개),채소류,볶음,1532
2025-11-27,hobak,애호박,애호박(1개),채소류,볶음,1532
2025-11-27,hobak,애호박,애호박(1개),채소류,볶음,1532
2025-11-28,hobak,애호박,애호박(1개),채소류,볶음,1528
2025-11-28,hobak,애호박,애호박(1개),채소류,볶음,1528
2025-11-28,hobak,애호박,애호박(1개),채소류,볶음,1528
2025-11-28,hobak,애호박,애호박(1개),채소류,볶음,1528
2025-11-28,hobak,애호박,애호박(1개),채소류,볶음,1528
2025-11-28,hobak,애호박,애호박(1개),채소류,볶음,1528
2025-11-28,hobak,애호박,애호박(1개),채소류,볶음,1528
2025-12-01,hobak,애호박,애호박(1개),채소류,볶음,1521
2025-12-01,hobak,애호박,애호박(1개),채소류,볶음,1521
2025-12-01,hobak,애호박,애호박(1개),채소류,볶음,1521
2025-12-01,hobak,애호박,애호박(1개),채소류,볶음,1521
2025-12-01,hobak,애호박,애호박(1개),채소류,볶음,1521
2025-12-01,hobak,애호박,애호박(1개),채소류,볶음,1521
2025-12-01,hobak,애호박,애호박(1개),채소류,볶음,1521
2025-12-02,hobak,애호박,애호박(1개),채소류,볶음,1460
2025-12-02,hobak,애호박,애호박(1개),채소류,볶음,1460
2025-12-02,hobak,애호박,애호박(1개),채소류,볶음,1460
2025-12-02,hobak,애호박,애호박(1개),채소류,볶음,1460
2025-12-02,hobak,애호박,애호박(1개),채소류,볶음,1460
2025-12-02,hobak,애호박,애호박(1개),채소류,볶음,1460
2025-12-02,hobak,애호박,애호박(1개),채소류,볶음,1460
2025-12-03,hobak,애호박,애호박(1개),채소류,볶음,1479
2025-12-03,hobak,애호박,애호박(1개),채소류,볶음,1479
2025-12-03,hobak,애호박,애호박(1개),채소류,볶음,1479
2025-12-03,hobak,애호박,애호박(1개),채소류,볶음,1479
2025-12-03,hobak,애호박,애호박(1개),채소류,볶음,1479
2025-12-03,hobak,애호박,애호박(1개),채소류,볶음,1479
2025-12-03,hobak,애호박,애호박(1개),채소류,볶음,1479
2025-12-04,hobak,애호박,애호박(1개),채소류,볶음,1527
2025-12-04,hobak,애호박,애호박(1개),채소류,볶음,1527
2025-12-04,hobak,애호박,애호박(1개),채소류,볶음,1527
2025-12-04,hobak,애호박,애호박(1개),채소류,볶음,1527
2025-12-04,hobak,애호박,애호박(1개),채소류,볶음,1527
2025-12-04,hobak,애호박,애호박(1개),채소류,볶음,1527
2025-12-04,hobak,애호박,애호박(1개),채소류,볶음,1527
2025-12-08,hobak,애호박,애호박(1개),채소류,볶음,1595
2025-12-08,hobak,애호박,애호박(1개),채소류,볶음,1595
2025-12-08,hobak,애호박,애호박(1개),채소류,볶음,1595
2025-12-08,hobak,애호박,애호박(1개),채소류,볶음,1595
2025-12-08,hobak,애호박,애호박(1개),채소류,볶음,1595
2025-12-08,hobak,애호박,애호박(1개),채소류,볶음,1595
2025-12-08,hobak,애호박,애호박(1개),채소류,볶음,1595
2025-12-09,hobak,애호박,애호박(1개),채소류,볶음,1617
2025-12-09,hobak,애호박,애호박(1개),채소류,볶음,1617
2025-12-09,hobak,애호박,애호박(1개),채소류,볶음,1617
2025-12-09,hobak,애호박,애호박(1개),채소류,볶음,1617
2025-12-09,hobak,애호박,애호박(1개),채소류,볶음,1617
2025-12-09,hobak,애호박,애호박(1개),채소류,볶음,1617
2025-12-09,hobak,애호박,애호박(1개),채소류,볶음,1617
2025-12-10,hobak,애호박,애호박(1개),채소류,볶음,1631
2025-12-10,hobak,애호박,애호박(1개),채소류,볶음,1631
2025-12-10,hobak,애호박,애호박(1개),채소류,볶음,1631
2025-12-10,hobak,애호박,애호박(1개),채소류,볶음,1631
2025-12-10,hobak,애호박,애호박(1개),채소류,볶음,1631
2025-12-10,hobak,애호박,애호박(1개),채소류,볶음,1631
2025-12-10,hobak,애호박,애호박(1개),채소류,볶음,1631
2025-12-11,hobak,애호박,애호박(1개),채소류,볶음,1691
2025-12-11,hobak,애호박,애호박(1개),채소류,볶음,1691
2025-12-11,hobak,애호박,애호박(1개),채소류,볶음,1691
2025-12-11,hobak,애호박,애호박(1개),채소류,볶음,1691
2025-12-11,hobak,애호박,애호박(1개),채소류,볶음,1691
2025-12-11,hobak,애호박,애호박(1개),채소류,볶음,1691
2025-12-11,hobak,애호박,애호박(1개),채소류,볶음,1691
2025-12-12,hobak,애호박,애호박(1개),채소류,볶음,1617
2025-12-12,hobak,애호박,애호박(1개),채소류,볶음,1617
2025-12-12,hobak,애호박,애호박(1개),채소류,볶음,1617
2025-12-12,hobak,애호박,애호박(1개),채소류,볶음,1617
2025-12-12,hobak,애호박,애호박(1개),채소류,볶음,1617
2025-12-12,hobak,애호박,애호박(1개),채소류,볶음,1617
2025-12-12,hobak,애호박,애호박(1개),채소류,볶음,1617
2025-12-15,hobak,애호박,애호박(1개),채소류,볶음,1651
2025-12-15,hobak,애호박,애호박(1개),채소류,볶음,1651
2025-12-15,hobak,애호박,애호박(1개),채소류,볶음,1651
2025-12-15,hobak,애호박,애호박(1개),채소류,볶음,1651
2025-12-15,hobak,애호박,애호박(1개),채소류,볶음,1651
2025-12-15,hobak,애호박,애호박(1개),채소류,볶음,1651
2025-12-15,hobak,애호박,애호박(1개),채소류,볶음,1651
2025-12-16,hobak,애호박,애호박(1개),채소류,볶음,1676
2025-12-16,hobak,애호박,애호박(1개),채소류,볶음,1676
2025-12-16,hobak,애호박,애호박(1개),채소류,볶음,1676
2025-12-16,hobak,애호박,애호박(1개),채소류,볶음,1676
2025-12-16,hobak,애호박,애호박(1개),채소류,볶음,1676
2025-12-16,hobak,애호박,애호박(1개),채소류,볶음,1676
2025-12-16,hobak,애호박,애호박(1개),채소류,볶음,1676
2025-12-17,hobak,애호박,애호박(1개),채소류,볶음,1692
2025-12-17,hobak,애호박,애호박(1개),채소류,볶음,1692
2025-12-17,hobak,애호박,애호박(1개),채소류,볶음,1692
2025-12-17,hobak,애호박,애호박(1개),채소류,볶음,1692
2025-12-17,hobak,애호박,애호박(1개),채소류,볶음,1692
2025-12-17,hobak,애호박,애호박(1개),채소류,볶음,1692
2025-12-17,hobak,애호박,애호박(1개),채소류,볶음,1692
2025-12-18,hobak,애호박,애호박(1개),채소류,볶음,1594
2025-12-18,hobak,애호박,애호박(1개),채소류,볶음,1594
2025-12-18,hobak,애호박,애호박(1개),채소류,볶음,1594
2025-12-18,hobak,애호박,애호박(1개),채소류,볶음,1594
2025-12-18,hobak,애호박,애호박(1개),채소류,볶음,1594
2025-12-18,hobak,애호박,애호박(1개),채소류,볶음,1594
2025-12-18,hobak,애호박,애호박(1개),채소류,볶음,1594
2025-12-19,hobak,애호박,애호박(1개),채소류,볶음,1588
2025-12-19,hobak,애호박,애호박(1개),채소류,볶음,1588
2025-12-19,hobak,애호박,애호박(1개),채소류,볶음,1588
2025-12-19,hobak,애호박,애호박(1개),채소류,볶음,1588
2025-12-19,hobak,애호박,애호박(1개),채소류,볶음,1588
2025-12-19,hobak,애호박,애호박(1개),채소류,볶음,1588
2025-12-19,hobak,애호박,애호박(1개),채소류,볶음,1588
2025-12-22,hobak,애호박,애호박(1개),채소류,볶음,1611
2025-12-22,hobak,애호박,애호박(1개),채소류,볶음,1611
2025-12-22,hobak,애호박,애호박(1개),채소류,볶음,1611
2025-12-22,hobak,애호박,애호박(1개),채소류,볶음,1611
2025-12-22,hobak,애호박,애호박(1개),채소류,볶음,1611
2025-12-22,hobak,애호박,애호박(1개),채소류,볶음,1611
2025-12-22,hobak,애호박,애호박(1개),채소류,볶음,1611
2025-12-23,hobak,애호박,애호박(1개),채소류,볶음,1652
2025-12-23,hobak,애호박,애호박(1개),채소류,볶음,1652
2025-12-23,hobak,애호박,애호박(1개),채소류,볶음,1652
2025-12-23,hobak,애호박,애호박(1개),채소류,볶음,1652
2025-12-23,hobak,애호박,애호박(1개),채소류,볶음,1652
2025-12-23,hobak,애호박,애호박(1개),채소류,볶음,1652
2025-12-23,hobak,애호박,애호박(1개),채소류,볶음,1652
2025-12-24,hobak,애호박,애호박(1개),채소류,볶음,1688
2025-12-24,hobak,애호박,애호박(1개),채소류,볶음,1688
2025-12-24,hobak,애호박,애호박(1개),채소류,볶음,1688
2025-12-24,hobak,애호박,애호박(1개),채소류,볶음,1688
2025-12-24,hobak,애호박,애호박(1개),채소류,볶음,1688
2025-12-24,hobak,애호박,애호박(1개),채소류,볶음,1688
2025-12-24,hobak,애호박,애호박(1개),채소류,볶음,1688
2025-12-26,hobak,애호박,애호박(1개),채소류,볶음,1773
2025-12-26,hobak,애호박,애호박(1개),채소류,볶음,1773
2025-12-26,hobak,애호박,애호박(1개),채소류,볶음,1773
2025-12-26,hobak,애호박,애호박(1개),채소류,볶음,1773
2025-12-26,hobak,애호박,애호박(1개),채소류,볶음,1773
2025-12-26,hobak,애호박,애호박(1개),채소류,볶음,1773
2025-12-26,hobak,애호박,애호박(1개),채소류,볶음,1773
2025-12-29,hobak,애호박,애호박(1개),채소류,볶음,1827
2025-12-29,hobak,애호박,애호박(1개),채소류,볶음,1827
2025-12-29,hobak,애호박,애호박(1개),채소류,볶음,1827
2025-12-29,hobak,애호박,애호박(1개),채소류,볶음,1827
2025-12-29,hobak,애호박,애호박(1개),채소류,볶음,1827
2025-12-29,hobak,애호박,애호박(1개),채소류,볶음,1827
2025-12-29,hobak,애호박,애호박(1개),채소류,볶음,1827
2025-12-30,hobak,애호박,애호박(1개),채소류,볶음,1848
2025-12-30,hobak,애호박,애호박(1개),채소류,볶음,1848
2025-12-30,hobak,애호박,애호박(1개),채소류,볶음,1848
2025-12-30,hobak,애호박,애호박(1개),채소류,볶음,1848
2025-12-30,hobak,애호박,애호박(1개),채소류,볶음,1848
2025-12-30,hobak,애호박,애호박(1개),채소류,볶음,1848
2025-12-30,hobak,애호박,애호박(1개),채소류,볶음,1848
2025-12-31,hobak,애호박,애호박(1개),채소류,볶음,1863
2025-12-31,hobak,애호박,애호박(1개),채소류,볶음,1863
2025-12-31,hobak,애호박,애호박(1개),채소류,볶음,1863
2025-12-31,hobak,애호박,애호박(1개),채소류,볶음,1863
2025-12-31,hobak,애호박,애호박(1개),채소류,볶음,1863
2025-12-31,hobak,애호박,애호박(1개),채소류,볶음,1863
2025-12-31,hobak,애호박,애호박(1개),채소류,볶음,1863
2026-01-02,hobak,애호박,애호박(1개),채소류,볶음,1714
2026-01-02,hobak,애호박,애호박(1개),채소류,볶음,1714
2026-01-02,hobak,애호박,애호박(1개),채소류,볶음,1714
2026-01-02,hobak,애호박,애호박(1개),채소류,볶음,1714
2026-01-02,hobak,애호박,애호박(1개),채소류,볶음,1714
2026-01-02,hobak,애호박,애호박(1개),채소류,볶음,1714
2026-01-02,hobak,애호박,애호박(1개),채소류,볶음,1714
2026-01-05,hobak,애호박,애호박(1개),채소류,볶음,1985
2026-01-05,hobak,애호박,애호박(1개),채소류,볶음,1985
2026-01-05,hobak,애호박,애호박(1개),채소류,볶음,1985
2026-01-05,hobak,애호박,애호박(1개),채소류,볶음,1985
2026-01-05,hobak,애호박,애호박(1개),채소류,볶음,1985
2026-01-05,hobak,애호박,애호박(1개),채소류,볶음,1985
2026-01-05,hobak,애호박,애호박(1개),채소류,볶음,1985
2026-01-06,hobak,애호박,애호박(1개),채소류,볶음,2019
2026-01-06,hobak,애호박,애호박(1개),채소류,볶음,2019
2026-01-06,hobak,애호박,애호박(1개),채소류,볶음,2019
2026-01-06,hobak,애호박,애호박(1개),채소류,볶음,2019
2026-01-06,hobak,애호박,애호박(1개),채소류,볶음,2019
2026-01-06,hobak,애호박,애호박(1개),채소류,볶음,2019
2026-01-06,hobak,애호박,애호박(1개),채소류,볶음,2019
2026-01-07,hobak,애호박,애호박(1개),채소류,볶음,1994
2026-01-07,hobak,애호박,애호박(1개),채소류,볶음,1994
2026-01-07,hobak,애호박,애호박(1개),채소류,볶음,1994
2026-01-07,hobak,애호박,애호박(1개),채소류,볶음,1994
2026-01-07,hobak,애호박,애호박(1개),채소류,볶음,1994
2026-01-07,hobak,애호박,애호박(1개),채소류,볶음,1994
2026-01-07,hobak,애호박,애호박(1개),채소류,볶음,1994
2026-01-08,hobak,애호박,애호박(1개),채소류,볶음,2031
2026-01-08,hobak,애호박,애호박(1개),채소류,볶음,2031
2026-01-08,hobak,애호박,애호박(1개),채소류,볶음,2031
2026-01-08,hobak,애호박,애호박(1개),채소류,볶음,2031
2026-01-08,hobak,애호박,애호박(1개),채소류,볶음,2031
2026-01-08,hobak,애호박,애호박(1개),채소류,볶음,2031
2026-01-08,hobak,애호박,애호박(1개),채소류,볶음,2031
2026-01-09,hobak,애호박,애호박(1개),채소류,볶음,2090
2026-01-09,hobak,애호박,애호박(1개),채소류,볶음,2090
2026-01-09,hobak,애호박,애호박(1개),채소류,볶음,2090
2026-01-09,hobak,애호박,애호박(1개),채소류,볶음,2090
2026-01-09,hobak,애호박,애호박(1개),채소류,볶음,2090
2026-01-09,hobak,애호박,애호박(1개),채소류,볶음,2090
2026-01-09,hobak,애호박,애호박(1개),채소류,볶음,2090
2026-01-12,hobak,애호박,애호박(1개),채소류,볶음,2110
2026-01-12,hobak,애호박,애호박(1개),채소류,볶음,2110
2026-01-12,hobak,애호박,애호박(1개),채소류,볶음,2110
2026-01-12,hobak,애호박,애호박(1개),채소류,볶음,2110
2026-01-12,hobak,애호박,애호박(1개),채소류,볶음,2110
2026-01-12,hobak,애호박,애호박(1개),채소류,볶음,2110
2026-01-12,hobak,애호박,애호박(1개),채소류,볶음,2110
2026-01-13,hobak,애호박,애호박(1개),채소류,볶음,2130
2026-01-13,hobak,애호박,애호박(1개),채소류,볶음,2130
2026-01-13,hobak,애호박,애호박(1개),채소류,볶음,2130
2026-01-13,hobak,애호박,애호박(1개),채소류,볶음,2130
2026-01-13,hobak,애호박,애호박(1개),채소류,볶음,2130
2026-01-13,hobak,애호박,애호박(1개),채소류,볶음,2130
2026-01-13,hobak,애호박,애호박(1개),채소류,볶음,2130
2026-01-14,hobak,애호박,애호박(1개),채소류,볶음,2162
2026-01-14,hobak,애호박,애호박(1개),채소류,볶음,2162
2026-01-14,hobak,애호박,애호박(1개),채소류,볶음,2162
2026-01-14,hobak,애호박,애호박(1개),채소류,볶음,2162
2026-01-14,hobak,애호박,애호박(1개),채소류,볶음,2162
2026-01-14,hobak,애호박,애호박(1개),채소류,볶음,2162
2026-01-14,hobak,애호박,애호박(1개),채소류,볶음,2162
2026-01-15,hobak,애호박,애호박(1개),채소류,볶음,2324
2026-01-15,hobak,애호박,애호박(1개),채소류,볶음,2324
2026-01-15,hobak,애호박,애호박(1개),채소류,볶음,2324
2026-01-15,hobak,애호박,애호박(1개),채소류,볶음,2324
2026-01-15,hobak,애호박,애호박(1개),채소류,볶음,2324
2026-01-15,hobak,애호박,애호박(1개),채소류,볶음,2324
2026-01-15,hobak,애호박,애호박(1개),채소류,볶음,2324
2026-01-16,hobak,애호박,애호박(1개),채소류,볶음,2341
2026-01-16,hobak,애호박,애호박(1개),채소류,볶음,2341
2026-01-16,hobak,애호박,애호박(1개),채소류,볶음,2341
2026-01-16,hobak,애호박,애호박(1개),채소류,볶음,2341
2026-01-16,hobak,애호박,애호박(1개),채소류,볶음,2341
2026-01-16,hobak,애호박,애호박(1개),채소류,볶음,2341
2026-01-16,hobak,애호박,애호박(1개),채소류,볶음,2341
2026-01-19,hobak,애호박,애호박(1개),채소류,볶음,2357
2026-01-19,hobak,애호박,애호박(1개),채소류,볶음,2357
2026-01-19,hobak,애호박,애호박(1개),채소류,볶음,2357
2026-01-19,hobak,애호박,애호박(1개),채소류,볶음,2357
2026-01-19,hobak,애호박,애호박(1개),채소류,볶음,2357
2026-01-19,hobak,애호박,애호박(1개),채소류,볶음,2357
2026-01-19,hobak,애호박,애호박(1개),채소류,볶음,2357
2026-01-20,hobak,애호박,애호박(1개),채소류,볶음,2351
2026-01-20,hobak,애호박,애호박(1개),채소류,볶음,2351
2026-01-20,hobak,애호박,애호박(1개),채소류,볶음,2351
2026-01-20,hobak,애호박,애호박(1개),채소류,볶음,2351
2026-01-20,hobak,애호박,애호박(1개),채소류,볶음,2351
2026-01-20,hobak,애호박,애호박(1개),채소류,볶음,2351
2026-01-20,hobak,애호박,애호박(1개),채소류,볶음,2351
2026-01-21,hobak,애호박,애호박(1개),채소류,볶음,2356
2026-01-21,hobak,애호박,애호박(1개),채소류,볶음,2356
2026-01-21,hobak,애호박,애호박(1개),채소류,볶음,2356
2026-01-21,hobak,애호박,애호박(1개),채소류,볶음,2356
2026-01-21,hobak,애호박,애호박(1개),채소류,볶음,2356
2026-01-21,hobak,애호박,애호박(1개),채소류,볶음,2356
2026-01-21,hobak,애호박,애호박(1개),채소류,볶음,2356
2026-01-22,hobak,애호박,애호박(1개),채소류,볶음,2302
2026-01-22,hobak,애호박,애호박(1개),채소류,볶음,2302
2026-01-22,hobak,애호박,애호박(1개),채소류,볶음,2302
2026-01-22,hobak,애호박,애호박(1개),채소류,볶음,2302
2026-01-22,hobak,애호박,애호박(1개),채소류,볶음,2302
2026-01-22,hobak,애호박,애호박(1개),채소류,볶음,2302
2026-01-22,hobak,애호박,애호박(1개),채소류,볶음,2302
2026-01-23,hobak,애호박,애호박(1개),채소류,볶음,2275
2026-01-23,hobak,애호박,애호박(1개),채소류,볶음,2275
2026-01-23,hobak,애호박,애호박(1개),채소류,볶음,2275
2026-01-23,hobak,애호박,애호박(1개),채소류,볶음,2275
2026-01-23,hobak,애호박,애호박(1개),채소류,볶음,2275
2026-01-23,hobak,애호박,애호박(1개),채소류,볶음,2275
2026-01-23,hobak,애호박,애호박(1개),채소류,볶음,2275
2026-01-26,hobak,애호박,애호박(1개),채소류,볶음,2295
2026-01-26,hobak,애호박,애호박(1개),채소류,볶음,2295
2026-01-26,hobak,애호박,애호박(1개),채소류,볶음,2295
2026-01-26,hobak,애호박,애호박(1개),채소류,볶음,2295
2026-01-26,hobak,애호박,애호박(1개),채소류,볶음,2295
2026-01-26,hobak,애호박,애호박(1개),채소류,볶음,2295
2026-01-26,hobak,애호박,애호박(1개),채소류,볶음,2295
2026-01-27,hobak,애호박,애호박(1개),채소류,볶음,2311
2026-01-27,hobak,애호박,애호박(1개),채소류,볶음,2311
2026-01-27,hobak,애호박,애호박(1개),채소류,볶음,2311
2026-01-27,hobak,애호박,애호박(1개),채소류,볶음,2311
2026-01-27,hobak,애호박,애호박(1개),채소류,볶음,2311
2026-01-27,hobak,애호박,애호박(1개),채소류,볶음,2311
2026-01-27,hobak,애호박,애호박(1개),채소류,볶음,2311
2026-01-28,hobak,애호박,애호박(1개),채소류,볶음,2324
2026-01-28,hobak,애호박,애호박(1개),채소류,볶음,2324
2026-01-28,hobak,애호박,애호박(1개),채소류,볶음,2324
2026-01-28,hobak,애호박,애호박(1개),채소류,볶음,2324
2026-01-28,hobak,애호박,애호박(1개),채소류,볶음,2324
2026-01-28,hobak,애호박,애호박(1개),채소류,볶음,2324
2026-01-28,hobak,애호박,애호박(1개),채소류,볶음,2324
2026-01-29,hobak,애호박,애호박(1개),채소류,볶음,2349
2026-01-29,hobak,애호박,애호박(1개),채소류,볶음,2349
2026-01-29,hobak,애호박,애호박(1개),채소류,볶음,2349
2026-01-29,hobak,애호박,애호박(1개),채소류,볶음,2349
2026-01-29,hobak,애호박,애호박(1개),채소류,볶음,2349
2026-01-29,hobak,애호박,애호박(1개),채소류,볶음,2349
2026-01-29,hobak,애호박,애호박(1개),채소류,볶음,2349
2026-01-30,hobak,애호박,애호박(1개),채소류,볶음,2366
2026-01-30,hobak,애호박,애호박(1개),채소류,볶음,2366
2026-01-30,hobak,애호박,애호박(1개),채소류,볶음,2366
2026-01-30,hobak,애호박,애호박(1개),채소류,볶음,2366
2026-01-30,hobak,애호박,애호박(1개),채소류,볶음,2366
2026-01-30,hobak,애호박,애호박(1개),채소류,볶음,2366
2026-01-30,hobak,애호박,애호박(1개),채소류,볶음,2366
2026-02-02,hobak,애호박,애호박(1개),채소류,볶음,2370
2026-02-02,hobak,애호박,애호박(1개),채소류,볶음,2370
2026-02-02,hobak,애호박,애호박(1개),채소류,볶음,2370
2026-02-02,hobak,애호박,애호박(1개),채소류,볶음,2370
2026-02-02,hobak,애호박,애호박(1개),채소류,볶음,2370
2026-02-02,hobak,애호박,애호박(1개),채소류,볶음,2370
2026-02-02,hobak,애호박,애호박(1개),채소류,볶음,2370
2026-02-03,hobak,애호박,애호박(1개),채소류,볶음,2268
2026-02-03,hobak,애호박,애호박(1개),채소류,볶음,2268
2026-02-03,hobak,애호박,애호박(1개),채소류,볶음,2268
2026-02-03,hobak,애호박,애호박(1개),채소류,볶음,2268
2026-02-03,hobak,애호박,애호박(1개),채소류,볶음,2268
2026-02-03,hobak,애호박,애호박(1개),채소류,볶음,2268
2026-02-03,hobak,애호박,애호박(1개),채소류,볶음,2268
2026-02-04,hobak,애호박,애호박(1개),채소류,볶음,2398
2026-02-04,hobak,애호박,애호박(1개),채소류,볶음,2398
2026-02-04,hobak,애호박,애호박(1개),채소류,볶음,2398
2026-02-04,hobak,애호박,애호박(1개),채소류,볶음,2398
2026-02-04,hobak,애호박,애호박(1개),채소류,볶음,2398
2026-02-04,hobak,애호박,애호박(1개),채소류,볶음,2398
2026-02-04,hobak,애호박,애호박(1개),채소류,볶음,2398
2026-02-05,hobak,애호박,애호박(1개),채소류,볶음,2425
2026-02-05,hobak,애호박,애호박(1개),채소류,볶음,2425
2026-02-05,hobak,애호박,애호박(1개),채소류,볶음,2425
2026-02-05,hobak,애호박,애호박(1개),채소류,볶음,2425
2026-02-05,hobak,애호박,애호박(1개),채소류,볶음,2425
2026-02-05,hobak,애호박,애호박(1개),채소류,볶음,2425
2026-02-05,hobak,애호박,애호박(1개),채소류,볶음,2425
2026-02-06,hobak,애호박,애호박(1개),채소류,볶음,2449
2026-02-06,hobak,애호박,애호박(1개),채소류,볶음,2449
2026-02-06,hobak,애호박,애호박(1개),채소류,볶음,2449
2026-02-06,hobak,애호박,애호박(1개),채소류,볶음,2449
2026-02-06,hobak,애호박,애호박(1개),채소류,볶음,2449
2026-02-06,hobak,애호박,애호박(1개),채소류,볶음,2449
2026-02-06,hobak,애호박,애호박(1개),채소류,볶음,2449
2026-02-09,hobak,애호박,애호박(1개),채소류,볶음,2494
2026-02-09,hobak,애호박,애호박(1개),채소류,볶음,2494
2026-02-09,hobak,애호박,애호박(1개),채소류,볶음,2494
2026-02-09,hobak,애호박,애호박(1개),채소류,볶음,2494
2026-02-09,hobak,애호박,애호박(1개),채소류,볶음,2494
2026-02-09,hobak,애호박,애호박(1개),채소류,볶음,2494
2026-02-09,hobak,애호박,애호박(1개),채소류,볶음,2494
2026-02-10,hobak,애호박,애호박(1개),채소류,볶음,2553
2026-02-10,hobak,애호박,애호박(1개),채소류,볶음,2553
2026-02-10,hobak,애호박,애호박(1개),채소류,볶음,2553
2026-02-10,hobak,애호박,애호박(1개),채소류,볶음,2553
2026-02-10,hobak,애호박,애호박(1개),채소류,볶음,2553
2026-02-10,hobak,애호박,애호박(1개),채소류,볶음,2553
2026-02-10,hobak,애호박,애호박(1개),채소류,볶음,2553
2026-02-11,hobak,애호박,애호박(1개),채소류,볶음,2569
2026-02-11,hobak,애호박,애호박(1개),채소류,볶음,2569
2026-02-11,hobak,애호박,애호박(1개),채소류,볶음,2569
2026-02-11,hobak,애호박,애호박(1개),채소류,볶음,2569
2026-02-11,hobak,애호박,애호박(1개),채소류,볶음,2569
2026-02-11,hobak,애호박,애호박(1개),채소류,볶음,2569
2026-02-11,hobak,애호박,애호박(1개),채소류,볶음,2569
2026-02-12,hobak,애호박,애호박(1개),채소류,볶음,2535
2026-02-12,hobak,애호박,애호박(1개),채소류,볶음,2535
2026-02-12,hobak,애호박,애호박(1개),채소류,볶음,2535
2026-02-12,hobak,애호박,애호박(1개),채소류,볶음,2535
2026-02-12,hobak,애호박,애호박(1개),채소류,볶음,2535
2026-02-12,hobak,애호박,애호박(1개),채소류,볶음,2535
2026-02-12,hobak,애호박,애호박(1개),채소류,볶음,2535
2026-02-13,hobak,애호박,애호박(1개),채소류,볶음,2597
2026-02-13,hobak,애호박,애호박(1개),채소류,볶음,2597
2026-02-13,hobak,애호박,애호박(1개),채소류,볶음,2597
2026-02-13,hobak,애호박,애호박(1개),채소류,볶음,2597
2026-02-13,hobak,애호박,애호박(1개),채소류,볶음,2597
2026-02-13,hobak,애호박,애호박(1개),채소류,볶음,2597
2026-02-13,hobak,애호박,애호박(1개),채소류,볶음,2597
2026-02-19,hobak,애호박,애호박(1개),채소류,볶음,2611
2026-02-19,hobak,애호박,애호박(1개),채소류,볶음,2611
2026-02-19,hobak,애호박,애호박(1개),채소류,볶음,2611
2026-02-19,hobak,애호박,애호박(1개),채소류,볶음,2611
2026-02-19,hobak,애호박,애호박(1개),채소류,볶음,2611
2026-02-19,hobak,애호박,애호박(1개),채소류,볶음,2611
2026-02-19,hobak,애호박,애호박(1개),채소류,볶음,2611
2026-02-20,hobak,애호박,애호박(1개),채소류,볶음,2509
2026-02-20,hobak,애호박,애호박(1개),채소류,볶음,2509
2026-02-20,hobak,애호박,애호박(1개),채소류,볶음,2509
2026-02-20,hobak,애호박,애호박(1개),채소류,볶음,2509
2026-02-20,hobak,애호박,애호박(1개),채소류,볶음,2509
2026-02-20,hobak,애호박,애호박(1개),채소류,볶음,2509
2026-02-20,hobak,애호박,애호박(1개),채소류,볶음,2509
2026-02-23,hobak,애호박,애호박(1개),채소류,볶음,2471
2026-02-23,hobak,애호박,애호박(1개),채소류,볶음,2471
2026-02-23,hobak,애호박,애호박(1개),채소류,볶음,2471
2026-02-23,hobak,애호박,애호박(1개),채소류,볶음,2471
2026-02-23,hobak,애호박,애호박(1개),채소류,볶음,2471
2026-02-23,hobak,애호박,애호박(1개),채소류,볶음,2471
2026-02-23,hobak,애호박,애호박(1개),채소류,볶음,2471
2026-02-24,hobak,애호박,애호박(1개),채소류,볶음,2424
2026-02-24,hobak,애호박,애호박(1개),채소류,볶음,2424
2026-02-24,hobak,애호박,애호박(1개),채소류,볶음,2424
2026-02-24,hobak,애호박,애호박(1개),채소류,볶음,2424
2026-02-24,hobak,애호박,애호박(1개),채소류,볶음,2424
2026-02-24,hobak,애호박,애호박(1개),채소류,볶음,2424
2026-02-24,hobak,애호박,애호박(1개),채소류,볶음,2424
2026-02-25,hobak,애호박,애호박(1개),채소류,볶음,2362
2026-02-25,hobak,애호박,애호박(1개),채소류,볶음,2362
2026-02-25,hobak,애호박,애호박(1개),채소류,볶음,2362
2026-02-25,hobak,애호박,애호박(1개),채소류,볶음,2362
2026-02-25,hobak,애호박,애호박(1개),채소류,볶음,2362
2026-02-25,hobak,애호박,애호박(1개),채소류,볶음,2362
2026-02-25,hobak,애호박,애호박(1개),채소류,볶음,2362
2026-02-26,hobak,애호박,애호박(1개),채소류,볶음,2119
2026-02-26,hobak,애호박,애호박(1개),채소류,볶음,2119
2026-02-26,hobak,애호박,애호박(1개),채소류,볶음,2119
2026-02-26,hobak,애호박,애호박(1개),채소류,볶음,2119
2026-02-26,hobak,애호박,애호박(1개),채소류,볶음,2119
2026-02-26,hobak,애호박,애호박(1개),채소류,볶음,2119
2026-02-26,hobak,애호박,애호박(1개),채소류,볶음,2119
2026-02-27,hobak,애호박,애호박(1개),채소류,볶음,2078
2026-02-27,hobak,애호박,애호박(1개),채소류,볶음,2078
2026-02-27,hobak,애호박,애호박(1개),채소류,볶음,2078
2026-02-27,hobak,애호박,애호박(1개),채소류,볶음,2078
2026-02-27,hobak,애호박,애호박(1개),채소류,볶음,2078
2026-02-27,hobak,애호박,애호박(1개),채소류,볶음,2078
2026-02-27,hobak,애호박,애호박(1개),채소류,볶음,2078
2026-03-03,hobak,애호박,애호박(1개),채소류,볶음,2104
2026-03-03,hobak,애호박,애호박(1개),채소류,볶음,2104
2026-03-03,hobak,애호박,애호박(1개),채소류,볶음,2104
2026-03-03,hobak,애호박,애호박(1개),채소류,볶음,2104
2026-03-03,hobak,애호박,애호박(1개),채소류,볶음,2104
2026-03-03,hobak,애호박,애호박(1개),채소류,볶음,2104
2026-03-03,hobak,애호박,애호박(1개),채소류,볶음,2104
2026-03-04,hobak,애호박,애호박(1개),채소류,볶음,2078
2026-03-04,hobak,애호박,애호박(1개),채소류,볶음,2078
2026-03-04,hobak,애호박,애호박(1개),채소류,볶음,2078
2026-03-04,hobak,애호박,애호박(1개),채소류,볶음,2078
2026-03-04,hobak,애호박,애호박(1개),채소류,볶음,2078
2026-03-04,hobak,애호박,애호박(1개),채소류,볶음,2078
2026-03-04,hobak,애호박,애호박(1개),채소류,볶음,2078
2026-03-05,hobak,애호박,애호박(1개),채소류,볶음,1957
2026-03-05,hobak,애호박,애호박(1개),채소류,볶음,1957
2026-03-05,hobak,애호박,애호박(1개),채소류,볶음,1957
2026-03-05,hobak,애호박,애호박(1개),채소류,볶음,1957
2026-03-05,hobak,애호박,애호박(1개),채소류,볶음,1957
2026-03-05,hobak,애호박,애호박(1개),채소류,볶음,1957
2026-03-05,hobak,애호박,애호박(1개),채소류,볶음,1957
2026-03-06,hobak,애호박,애호박(1개),채소류,볶음,1917
2026-03-06,hobak,애호박,애호박(1개),채소류,볶음,1917
2026-03-06,hobak,애호박,애호박(1개),채소류,볶음,1917
2026-03-06,hobak,애호박,애호박(1개),채소류,볶음,1917
2026-03-06,hobak,애호박,애호박(1개),채소류,볶음,1917
2026-03-06,hobak,애호박,애호박(1개),채소류,볶음,1917
2026-03-06,hobak,애호박,애호박(1개),채소류,볶음,1917
2026-03-09,hobak,애호박,애호박(1개),채소류,볶음,1937
2026-03-09,hobak,애호박,애호박(1개),채소류,볶음,1937
2026-03-09,hobak,애호박,애호박(1개),채소류,볶음,1937
2026-03-09,hobak,애호박,애호박(1개),채소류,볶음,1937
2026-03-09,hobak,애호박,애호박(1개),채소류,볶음,1937
2026-03-09,hobak,애호박,애호박(1개),채소류,볶음,1937
2026-03-09,hobak,애호박,애호박(1개),채소류,볶음,1937
2026-03-10,hobak,애호박,애호박(1개),채소류,볶음,1909
2026-03-10,hobak,애호박,애호박(1개),채소류,볶음,1909
2026-03-10,hobak,애호박,애호박(1개),채소류,볶음,1909
2026-03-10,hobak,애호박,애호박(1개),채소류,볶음,1909
2026-03-10,hobak,애호박,애호박(1개),채소류,볶음,1909
2026-03-10,hobak,애호박,애호박(1개),채소류,볶음,1909
2026-03-10,hobak,애호박,애호박(1개),채소류,볶음,1909
2026-03-11,hobak,애호박,애호박(1개),채소류,볶음,1927
2026-03-11,hobak,애호박,애호박(1개),채소류,볶음,1927
2026-03-11,hobak,애호박,애호박(1개),채소류,볶음,1927
2026-03-11,hobak,애호박,애호박(1개),채소류,볶음,1927
2026-03-11,hobak,애호박,애호박(1개),채소류,볶음,1927
2026-03-11,hobak,애호박,애호박(1개),채소류,볶음,1927
2026-03-11,hobak,애호박,애호박(1개),채소류,볶음,1927
2026-03-12,hobak,애호박,애호박(1개),채소류,볶음,1907
2026-03-12,hobak,애호박,애호박(1개),채소류,볶음,1907
2026-03-12,hobak,애호박,애호박(1개),채소류,볶음,1907
2026-03-12,hobak,애호박,애호박(1개),채소류,볶음,1907
2026-03-12,hobak,애호박,애호박(1개),채소류,볶음,1907
2026-03-12,hobak,애호박,애호박(1개),채소류,볶음,1907
2026-03-12,hobak,애호박,애호박(1개),채소류,볶음,1907
2026-03-13,hobak,애호박,애호박(1개),채소류,볶음,1886
2026-03-13,hobak,애호박,애호박(1개),채소류,볶음,1886
2026-03-13,hobak,애호박,애호박(1개),채소류,볶음,1886
2026-03-13,hobak,애호박,애호박(1개),채소류,볶음,1886
2026-03-13,hobak,애호박,애호박(1개),채소류,볶음,1886
2026-03-13,hobak,애호박,애호박(1개),채소류,볶음,1886
2026-03-13,hobak,애호박,애호박(1개),채소류,볶음,1886
2026-03-16,hobak,애호박,애호박(1개),채소류,볶음,1871
2026-03-16,hobak,애호박,애호박(1개),채소류,볶음,1871
2026-03-16,hobak,애호박,애호박(1개),채소류,볶음,1871
2026-03-16,hobak,애호박,애호박(1개),채소류,볶음,1871
2026-03-16,hobak,애호박,애호박(1개),채소류,볶음,1871
2026-03-16,hobak,애호박,애호박(1개),채소류,볶음,1871
2026-03-16,hobak,애호박,애호박(1개),채소류,볶음,1871
2026-03-17,hobak,애호박,애호박(1개),채소류,볶음,1870
2026-03-17,hobak,애호박,애호박(1개),채소류,볶음,1870
2026-03-17,hobak,애호박,애호박(1개),채소류,볶음,1870
2026-03-17,hobak,애호박,애호박(1개),채소류,볶음,1870
2026-03-17,hobak,애호박,애호박(1개),채소류,볶음,1870
2026-03-17,hobak,애호박,애호박(1개),채소류,볶음,1870
2026-03-17,hobak,애호박,애호박(1개),채소류,볶음,1870
2026-03-18,hobak,애호박,애호박(1개),채소류,볶음,1889
2026-03-18,hobak,애호박,애호박(1개),채소류,볶음,1889
2026-03-18,hobak,애호박,애호박(1개),채소류,볶음,1889
2026-03-18,hobak,애호박,애호박(1개),채소류,볶음,1889
2026-03-18,hobak,애호박,애호박(1개),채소류,볶음,1889
2026-03-18,hobak,애호박,애호박(1개),채소류,볶음,1889
2026-03-18,hobak,애호박,애호박(1개),채소류,볶음,1889
2026-03-19,hobak,애호박,애호박(1개),채소류,볶음,1844
2026-03-19,hobak,애호박,애호박(1개),채소류,볶음,1844
2026-03-19,hobak,애호박,애호박(1개),채소류,볶음,1844
2026-03-19,hobak,애호박,애호박(1개),채소류,볶음,1844
2026-03-19,hobak,애호박,애호박(1개),채소류,볶음,1844
2026-03-19,hobak,애호박,애호박(1개),채소류,볶음,1844
2026-03-19,hobak,애호박,애호박(1개),채소류,볶음,1844
2026-03-20,hobak,애호박,애호박(1개),채소류,볶음,1816
2026-03-20,hobak,애호박,애호박(1개),채소류,볶음,1816
2026-03-20,hobak,애호박,애호박(1개),채소류,볶음,1816
2026-03-20,hobak,애호박,애호박(1개),채소류,볶음,1816
2026-03-20,hobak,애호박,애호박(1개),채소류,볶음,1816
2026-03-20,hobak,애호박,애호박(1개),채소류,볶음,1816
2026-03-20,hobak,애호박,애호박(1개),채소류,볶음,1816
2026-03-23,hobak,애호박,애호박(1개),채소류,볶음,1832
2026-03-23,hobak,애호박,애호박(1개),채소류,볶음,1832
2026-03-23,hobak,애호박,애호박(1개),채소류,볶음,1832
2026-03-23,hobak,애호박,애호박(1개),채소류,볶음,1832
2026-03-23,hobak,애호박,애호박(1개),채소류,볶음,1832
2026-03-23,hobak,애호박,애호박(1개),채소류,볶음,1832
2026-03-23,hobak,애호박,애호박(1개),채소류,볶음,1832
2026-03-24,hobak,애호박,애호박(1개),채소류,볶음,1805
2026-03-24,hobak,애호박,애호박(1개),채소류,볶음,1805
2026-03-24,hobak,애호박,애호박(1개),채소류,볶음,1805
2026-03-24,hobak,애호박,애호박(1개),채소류,볶음,1805
2026-03-24,hobak,애호박,애호박(1개),채소류,볶음,1805
2026-03-24,hobak,애호박,애호박(1개),채소류,볶음,1805
2026-03-24,hobak,애호박,애호박(1개),채소류,볶음,1805
2026-03-25,hobak,애호박,애호박(1개),채소류,볶음,1814
2026-03-25,hobak,애호박,애호박(1개),채소류,볶음,1814
2026-03-25,hobak,애호박,애호박(1개),채소류,볶음,1814
2026-03-25,hobak,애호박,애호박(1개),채소류,볶음,1814
2026-03-25,hobak,애호박,애호박(1개),채소류,볶음,1814
2026-03-25,hobak,애호박,애호박(1개),채소류,볶음,1814
2026-03-25,hobak,애호박,애호박(1개),채소류,볶음,1814
2026-03-26,hobak,애호박,애호박(1개),채소류,볶음,1676
2026-03-26,hobak,애호박,애호박(1개),채소류,볶음,1676
2026-03-26,hobak,애호박,애호박(1개),채소류,볶음,1676
2026-03-26,hobak,애호박,애호박(1개),채소류,볶음,1676
2026-03-26,hobak,애호박,애호박(1개),채소류,볶음,1676
2026-03-26,hobak,애호박,애호박(1개),채소류,볶음,1676
2026-03-26,hobak,애호박,애호박(1개),채소류,볶음,1676
2026-03-27,hobak,애호박,애호박(1개),채소류,볶음,1656
2026-03-27,hobak,애호박,애호박(1개),채소류,볶음,1656
2026-03-27,hobak,애호박,애호박(1개),채소류,볶음,1656
2026-03-27,hobak,애호박,애호박(1개),채소류,볶음,1656
2026-03-27,hobak,애호박,애호박(1개),채소류,볶음,1656
2026-03-27,hobak,애호박,애호박(1개),채소류,볶음,1656
2026-03-27,hobak,애호박,애호박(1개),채소류,볶음,1656
2026-03-30,hobak,애호박,애호박(1개),채소류,볶음,1627
2026-03-30,hobak,애호박,애호박(1개),채소류,볶음,1627
2026-03-30,hobak,애호박,애호박(1개),채소류,볶음,1627
2026-03-30,hobak,애호박,애호박(1개),채소류,볶음,1627
2026-03-30,hobak,애호박,애호박(1개),채소류,볶음,1627
2026-03-30,hobak,애호박,애호박(1개),채소류,볶음,1627
2026-03-30,hobak,애호박,애호박(1개),채소류,볶음,1627
2026-03-31,hobak,애호박,애호박(1개),채소류,볶음,1596
2026-03-31,hobak,애호박,애호박(1개),채소류,볶음,1596
2026-03-31,hobak,애호박,애호박(1개),채소류,볶음,1596
2026-03-31,hobak,애호박,애호박(1개),채소류,볶음,1596
2026-03-31,hobak,애호박,애호박(1개),채소류,볶음,1596
2026-03-31,hobak,애호박,애호박(1개),채소류,볶음,1596
2026-03-31,hobak,애호박,애호박(1개),채소류,볶음,1596
2026-04-01,hobak,애호박,애호박(1개),채소류,볶음,1487
2026-04-01,hobak,애호박,애호박(1개),채소류,볶음,1487
2026-04-01,hobak,애호박,애호박(1개),채소류,볶음,1487
2026-04-01,hobak,애호박,애호박(1개),채소류,볶음,1487
2026-04-01,hobak,애호박,애호박(1개),채소류,볶음,1487
2026-04-01,hobak,애호박,애호박(1개),채소류,볶음,1487
2026-04-01,hobak,애호박,애호박(1개),채소류,볶음,1487
2026-04-02,hobak,애호박,애호박(1개),채소류,볶음,1477
2026-04-02,hobak,애호박,애호박(1개),채소류,볶음,1477
2026-04-02,hobak,애호박,애호박(1개),채소류,볶음,1477
2026-04-02,hobak,애호박,애호박(1개),채소류,볶음,1477
2026-04-02,hobak,애호박,애호박(1개),채소류,볶음,1477
2026-04-02,hobak,애호박,애호박(1개),채소류,볶음,1477
2026-04-02,hobak,애호박,애호박(1개),채소류,볶음,1477
2026-04-03,hobak,애호박,애호박(1개),채소류,볶음,1531
2026-04-03,hobak,애호박,애호박(1개),채소류,볶음,1531
2026-04-03,hobak,애호박,애호박(1개),채소류,볶음,1531
2026-04-03,hobak,애호박,애호박(1개),채소류,볶음,1531
2026-04-03,hobak,애호박,애호박(1개),채소류,볶음,1531
2026-04-03,hobak,애호박,애호박(1개),채소류,볶음,1531
2026-04-03,hobak,애호박,애호박(1개),채소류,볶음,1531
2026-04-06,hobak,애호박,애호박(1개),채소류,볶음,1535
2026-04-06,hobak,애호박,애호박(1개),채소류,볶음,1535
2026-04-06,hobak,애호박,애호박(1개),채소류,볶음,1535
2026-04-06,hobak,애호박,애호박(1개),채소류,볶음,1535
2026-04-06,hobak,애호박,애호박(1개),채소류,볶음,1535
2026-04-06,hobak,애호박,애호박(1개),채소류,볶음,1535
2026-04-06,hobak,애호박,애호박(1개),채소류,볶음,1535
2026-04-07,hobak,애호박,애호박(1개),채소류,볶음,1539
2026-04-07,hobak,애호박,애호박(1개),채소류,볶음,1539
2026-04-07,hobak,애호박,애호박(1개),채소류,볶음,1539
2026-04-07,hobak,애호박,애호박(1개),채소류,볶음,1539
2026-04-07,hobak,애호박,애호박(1개),채소류,볶음,1539
2026-04-07,hobak,애호박,애호박(1개),채소류,볶음,1539
2026-04-07,hobak,애호박,애호박(1개),채소류,볶음,1539
2026-04-08,hobak,애호박,애호박(1개),채소류,볶음,1530
2026-04-08,hobak,애호박,애호박(1개),채소류,볶음,1530
2026-04-08,hobak,애호박,애호박(1개),채소류,볶음,1530
2026-04-08,hobak,애호박,애호박(1개),채소류,볶음,1530
2026-04-08,hobak,애호박,애호박(1개),채소류,볶음,1530
2026-04-08,hobak,애호박,애호박(1개),채소류,볶음,1530
2026-04-08,hobak,애호박,애호박(1개),채소류,볶음,1530
2026-04-09,hobak,애호박,애호박(1개),채소류,볶음,1360
2026-04-09,hobak,애호박,애호박(1개),채소류,볶음,1360
2026-04-09,hobak,애호박,애호박(1개),채소류,볶음,1360
2026-04-09,hobak,애호박,애호박(1개),채소류,볶음,1360
2026-04-09,hobak,애호박,애호박(1개),채소류,볶음,1360
2026-04-09,hobak,애호박,애호박(1개),채소류,볶음,1360
2026-04-09,hobak,애호박,애호박(1개),채소류,볶음,1360
2026-04-10,hobak,애호박,애호박(1개),채소류,볶음,1331
2026-04-10,hobak,애호박,애호박(1개),채소류,볶음,1331
2026-04-10,hobak,애호박,애호박(1개),채소류,볶음,1331
2026-04-10,hobak,애호박,애호박(1개),채소류,볶음,1331
2026-04-10,hobak,애호박,애호박(1개),채소류,볶음,1331
2026-04-10,hobak,애호박,애호박(1개),채소류,볶음,1331
2026-04-10,hobak,애호박,애호박(1개),채소류,볶음,1331
2026-04-13,hobak,애호박,애호박(1개),채소류,볶음,1344
2026-04-13,hobak,애호박,애호박(1개),채소류,볶음,1344
2026-04-13,hobak,애호박,애호박(1개),채소류,볶음,1344
2026-04-13,hobak,애호박,애호박(1개),채소류,볶음,1344
2026-04-13,hobak,애호박,애호박(1개),채소류,볶음,1344
2026-04-13,hobak,애호박,애호박(1개),채소류,볶음,1344
2026-04-13,hobak,애호박,애호박(1개),채소류,볶음,1344
2026-04-14,hobak,애호박,애호박(1개),채소류,볶음,1333
2026-04-14,hobak,애호박,애호박(1개),채소류,볶음,1333
2026-04-14,hobak,애호박,애호박(1개),채소류,볶음,1333
2026-04-14,hobak,애호박,애호박(1개),채소류,볶음,1333
2026-04-14,hobak,애호박,애호박(1개),채소류,볶음,1333
2026-04-14,hobak,애호박,애호박(1개),채소류,볶음,1333
2026-04-14,hobak,애호박,애호박(1개),채소류,볶음,1333
2026-04-15,hobak,애호박,애호박(1개),채소류,볶음,1339
2026-04-15,hobak,애호박,애호박(1개),채소류,볶음,1339
2026-04-15,hobak,애호박,애호박(1개),채소류,볶음,1339
2026-04-15,hobak,애호박,애호박(1개),채소류,볶음,1339
2026-04-15,hobak,애호박,애호박(1개),채소류,볶음,1339
2026-04-15,hobak,애호박,애호박(1개),채소류,볶음,1339
2026-04-15,hobak,애호박,애호박(1개),채소류,볶음,1339
2026-04-16,hobak,애호박,애호박(1개),채소류,볶음,1266
2026-04-16,hobak,애호박,애호박(1개),채소류,볶음,1266
2026-04-16,hobak,애호박,애호박(1개),채소류,볶음,1266
2026-04-16,hobak,애호박,애호박(1개),채소류,볶음,1266
2026-04-16,hobak,애호박,애호박(1개),채소류,볶음,1266
2026-04-16,hobak,애호박,애호박(1개),채소류,볶음,1266
2026-04-16,hobak,애호박,애호박(1개),채소류,볶음,1266
2026-04-17,hobak,애호박,애호박(1개),채소류,볶음,1233
2026-04-17,hobak,애호박,애호박(1개),채소류,볶음,1233
2026-04-17,hobak,애호박,애호박(1개),채소류,볶음,1233
2026-04-17,hobak,애호박,애호박(1개),채소류,볶음,1233
2026-04-17,hobak,애호박,애호박(1개),채소류,볶음,1233
2026-04-17,hobak,애호박,애호박(1개),채소류,볶음,1233
2026-04-17,hobak,애호박,애호박(1개),채소류,볶음,1233
2026-04-20,hobak,애호박,애호박(1개),채소류,볶음,1296
2026-04-20,hobak,애호박,애호박(1개),채소류,볶음,1296
2026-04-20,hobak,애호박,애호박(1개),채소류,볶음,1296
2026-04-20,hobak,애호박,애호박(1개),채소류,볶음,1296
2026-04-20,hobak,애호박,애호박(1개),채소류,볶음,1296
2026-04-20,hobak,애호박,애호박(1개),채소류,볶음,1296
2026-04-20,hobak,애호박,애호박(1개),채소류,볶음,1296
2026-04-21,hobak,애호박,애호박(1개),채소류,볶음,1341
2026-04-21,hobak,애호박,애호박(1개),채소류,볶음,1341
2026-04-21,hobak,애호박,애호박(1개),채소류,볶음,1341
2026-04-21,hobak,애호박,애호박(1개),채소류,볶음,1341
2026-04-21,hobak,애호박,애호박(1개),채소류,볶음,1341
2026-04-21,hobak,애호박,애호박(1개),채소류,볶음,1341
2026-04-21,hobak,애호박,애호박(1개),채소류,볶음,1341
2026-04-22,hobak,애호박,애호박(1개),채소류,볶음,1324
2026-04-22,hobak,애호박,애호박(1개),채소류,볶음,1324
2026-04-22,hobak,애호박,애호박(1개),채소류,볶음,1324
2026-04-22,hobak,애호박,애호박(1개),채소류,볶음,1324
2026-04-22,hobak,애호박,애호박(1개),채소류,볶음,1324
2026-04-22,hobak,애호박,애호박(1개),채소류,볶음,1324
2026-04-22,hobak,애호박,애호박(1개),채소류,볶음,1324
2026-04-23,hobak,애호박,애호박(1개),채소류,볶음,1240
2026-04-23,hobak,애호박,애호박(1개),채소류,볶음,1240
2026-04-23,hobak,애호박,애호박(1개),채소류,볶음,1240
2026-04-23,hobak,애호박,애호박(1개),채소류,볶음,1240
2026-04-23,hobak,애호박,애호박(1개),채소류,볶음,1240
2026-04-23,hobak,애호박,애호박(1개),채소류,볶음,1240
2026-04-23,hobak,애호박,애호박(1개),채소류,볶음,1240
2026-04-24,hobak,애호박,애호박(1개),채소류,볶음,1215
2026-04-24,hobak,애호박,애호박(1개),채소류,볶음,1215
2026-04-24,hobak,애호박,애호박(1개),채소류,볶음,1215
2026-04-24,hobak,애호박,애호박(1개),채소류,볶음,1215
2026-04-24,hobak,애호박,애호박(1개),채소류,볶음,1215
2026-04-24,hobak,애호박,애호박(1개),채소류,볶음,1215
2026-04-24,hobak,애호박,애호박(1개),채소류,볶음,1215
2026-04-27,hobak,애호박,애호박(1개),채소류,볶음,1215
2026-04-27,hobak,애호박,애호박(1개),채소류,볶음,1215
2026-04-27,hobak,애호박,애호박(1개),채소류,볶음,1215
2026-04-27,hobak,애호박,애호박(1개),채소류,볶음,1215
2026-04-27,hobak,애호박,애호박(1개),채소류,볶음,1215
2026-04-27,hobak,애호박,애호박(1개),채소류,볶음,1215
2026-04-27,hobak,애호박,애호박(1개),채소류,볶음,1215
2026-04-28,hobak,애호박,애호박(1개),채소류,볶음,1200
2026-04-28,hobak,애호박,애호박(1개),채소류,볶음,1200
2026-04-28,hobak,애호박,애호박(1개),채소류,볶음,1200
2026-04-28,hobak,애호박,애호박(1개),채소류,볶음,1200
2026-04-28,hobak,애호박,애호박(1개),채소류,볶음,1200
2026-04-28,hobak,애호박,애호박(1개),채소류,볶음,1200
2026-04-28,hobak,애호박,애호박(1개),채소류,볶음,1200
2026-04-29,hobak,애호박,애호박(1개),채소류,볶음,1193
2026-04-29,hobak,애호박,애호박(1개),채소류,볶음,1193
2026-04-29,hobak,애호박,애호박(1개),채소류,볶음,1193
2026-04-29,hobak,애호박,애호박(1개),채소류,볶음,1193
2026-04-29,hobak,애호박,애호박(1개),채소류,볶음,1193
2026-04-29,hobak,애호박,애호박(1개),채소류,볶음,1193
2026-04-29,hobak,애호박,애호박(1개),채소류,볶음,1193
2026-04-30,hobak,애호박,애호박(1개),채소류,볶음,1187
2026-04-30,hobak,애호박,애호박(1개),채소류,볶음,1187
2026-04-30,hobak,애호박,애호박(1개),채소류,볶음,1187
2026-04-30,hobak,애호박,애호박(1개),채소류,볶음,1187
2026-04-30,hobak,애호박,애호박(1개),채소류,볶음,1187
2026-04-30,hobak,애호박,애호박(1개),채소류,볶음,1187
2026-04-30,hobak,애호박,애호박(1개),채소류,볶음,1187
2026-05-04,hobak,애호박,애호박(1개),채소류,볶음,1164
2026-05-04,hobak,애호박,애호박(1개),채소류,볶음,1164
2026-05-04,hobak,애호박,애호박(1개),채소류,볶음,1164
2026-05-04,hobak,애호박,애호박(1개),채소류,볶음,1164
2026-05-04,hobak,애호박,애호박(1개),채소류,볶음,1164
2026-05-04,hobak,애호박,애호박(1개),채소류,볶음,1164
2026-05-04,hobak,애호박,애호박(1개),채소류,볶음,1164
2026-05-06,hobak,애호박,애호박(1개),채소류,볶음,1134
2026-05-06,hobak,애호박,애호박(1개),채소류,볶음,1134
2026-05-06,hobak,애호박,애호박(1개),채소류,볶음,1134
2026-05-06,hobak,애호박,애호박(1개),채소류,볶음,1134
2026-05-06,hobak,애호박,애호박(1개),채소류,볶음,1134
2026-05-06,hobak,애호박,애호박(1개),채소류,볶음,1134
2026-05-06,hobak,애호박,애호박(1개),채소류,볶음,1134
2026-05-07,hobak,애호박,애호박(1개),채소류,볶음,951
2026-05-07,hobak,애호박,애호박(1개),채소류,볶음,951
2026-05-07,hobak,애호박,애호박(1개),채소류,볶음,951
2026-05-07,hobak,애호박,애호박(1개),채소류,볶음,951
2026-05-07,hobak,애호박,애호박(1개),채소류,볶음,951
2026-05-07,hobak,애호박,애호박(1개),채소류,볶음,951
2026-05-07,hobak,애호박,애호박(1개),채소류,볶음,951
2026-05-08,hobak,애호박,애호박(1개),채소류,볶음,936
2026-05-08,hobak,애호박,애호박(1개),채소류,볶음,936
2026-05-08,hobak,애호박,애호박(1개),채소류,볶음,936
2026-05-08,hobak,애호박,애호박(1개),채소류,볶음,936
2026-05-08,hobak,애호박,애호박(1개),채소류,볶음,936
2026-05-08,hobak,애호박,애호박(1개),채소류,볶음,936
2026-05-08,hobak,애호박,애호박(1개),채소류,볶음,936
2026-05-11,hobak,애호박,애호박(1개),채소류,볶음,930
2026-05-11,hobak,애호박,애호박(1개),채소류,볶음,930
2026-05-11,hobak,애호박,애호박(1개),채소류,볶음,930
2026-05-11,hobak,애호박,애호박(1개),채소류,볶음,930
2026-05-11,hobak,애호박,애호박(1개),채소류,볶음,930
2026-05-11,hobak,애호박,애호박(1개),채소류,볶음,930
2026-05-11,hobak,애호박,애호박(1개),채소류,볶음,930
2026-05-12,hobak,애호박,애호박(1개),채소류,볶음,922
2026-05-12,hobak,애호박,애호박(1개),채소류,볶음,922
2026-05-12,hobak,애호박,애호박(1개),채소류,볶음,922
2026-05-12,hobak,애호박,애호박(1개),채소류,볶음,922
2026-05-12,hobak,애호박,애호박(1개),채소류,볶음,922
2026-05-12,hobak,애호박,애호박(1개),채소류,볶음,922
2026-05-12,hobak,애호박,애호박(1개),채소류,볶음,922
2026-05-13,hobak,애호박,애호박(1개),채소류,볶음,904
2026-05-13,hobak,애호박,애호박(1개),채소류,볶음,904
2026-05-13,hobak,애호박,애호박(1개),채소류,볶음,904
2026-05-13,hobak,애호박,애호박(1개),채소류,볶음,904
2026-05-13,hobak,애호박,애호박(1개),채소류,볶음,904
2026-05-13,hobak,애호박,애호박(1개),채소류,볶음,904
2026-05-13,hobak,애호박,애호박(1개),채소류,볶음,904
2026-05-14,hobak,애호박,애호박(1개),채소류,볶음,890
2026-05-14,hobak,애호박,애호박(1개),채소류,볶음,890
2026-05-14,hobak,애호박,애호박(1개),채소류,볶음,890
2026-05-14,hobak,애호박,애호박(1개),채소류,볶음,890
2026-05-14,hobak,애호박,애호박(1개),채소류,볶음,890
2026-05-14,hobak,애호박,애호박(1개),채소류,볶음,890
2026-05-14,hobak,애호박,애호박(1개),채소류,볶음,890
2026-05-15,hobak,애호박,애호박(1개),채소류,볶음,890
2026-05-15,hobak,애호박,애호박(1개),채소류,볶음,890
2026-05-15,hobak,애호박,애호박(1개),채소류,볶음,890
2026-05-15,hobak,애호박,애호박(1개),채소류,볶음,890
2026-05-15,hobak,애호박,애호박(1개),채소류,볶음,890
2026-05-15,hobak,애호박,애호박(1개),채소류,볶음,890
2026-05-15,hobak,애호박,애호박(1개),채소류,볶음,890
2026-05-18,hobak,애호박,애호박(1개),채소류,볶음,877
2026-05-18,hobak,애호박,애호박(1개),채소류,볶음,877
2026-05-18,hobak,애호박,애호박(1개),채소류,볶음,877
2026-05-18,hobak,애호박,애호박(1개),채소류,볶음,877
2026-05-18,hobak,애호박,애호박(1개),채소류,볶음,877
2026-05-18,hobak,애호박,애호박(1개),채소류,볶음,877
2026-05-18,hobak,애호박,애호박(1개),채소류,볶음,877
2026-05-19,hobak,애호박,애호박(1개),채소류,볶음,865
2026-05-19,hobak,애호박,애호박(1개),채소류,볶음,865
2026-05-19,hobak,애호박,애호박(1개),채소류,볶음,865
2026-05-19,hobak,애호박,애호박(1개),채소류,볶음,865
2026-05-19,hobak,애호박,애호박(1개),채소류,볶음,865
2026-05-19,hobak,애호박,애호박(1개),채소류,볶음,865
2026-05-19,hobak,애호박,애호박(1개),채소류,볶음,865
2026-05-20,hobak,애호박,애호박(1개),채소류,볶음,860
2026-05-20,hobak,애호박,애호박(1개),채소류,볶음,860
2026-05-20,hobak,애호박,애호박(1개),채소류,볶음,860
2026-05-20,hobak,애호박,애호박(1개),채소류,볶음,860
2026-05-20,hobak,애호박,애호박(1개),채소류,볶음,860
2026-05-20,hobak,애호박,애호박(1개),채소류,볶음,860
2026-05-20,hobak,애호박,애호박(1개),채소류,볶음,860
2026-05-21,hobak,애호박,애호박(1개),채소류,볶음,828
2026-05-21,hobak,애호박,애호박(1개),채소류,볶음,828
2026-05-21,hobak,애호박,애호박(1개),채소류,볶음,828
2026-05-21,hobak,애호박,애호박(1개),채소류,볶음,828
2026-05-21,hobak,애호박,애호박(1개),채소류,볶음,828
2026-05-21,hobak,애호박,애호박(1개),채소류,볶음,828
2026-05-21,hobak,애호박,애호박(1개),채소류,볶음,828
2026-05-22,hobak,애호박,애호박(1개),채소류,볶음,827
2026-05-22,hobak,애호박,애호박(1개),채소류,볶음,827
2026-05-22,hobak,애호박,애호박(1개),채소류,볶음,827
2026-05-22,hobak,애호박,애호박(1개),채소류,볶음,827
2026-05-22,hobak,애호박,애호박(1개),채소류,볶음,827
2026-05-22,hobak,애호박,애호박(1개),채소류,볶음,827
2026-05-22,hobak,애호박,애호박(1개),채소류,볶음,827
2026-05-26,hobak,애호박,애호박(1개),채소류,볶음,835
2026-05-26,hobak,애호박,애호박(1개),채소류,볶음,835
2026-05-26,hobak,애호박,애호박(1개),채소류,볶음,835
2026-05-26,hobak,애호박,애호박(1개),채소류,볶음,835
2026-05-26,hobak,애호박,애호박(1개),채소류,볶음,835
2026-05-26,hobak,애호박,애호박(1개),채소류,볶음,835
2026-05-26,hobak,애호박,애호박(1개),채소류,볶음,835
2026-05-27,hobak,애호박,애호박(1개),채소류,볶음,855
2026-05-27,hobak,애호박,애호박(1개),채소류,볶음,855
2026-05-27,hobak,애호박,애호박(1개),채소류,볶음,855
2026-05-27,hobak,애호박,애호박(1개),채소류,볶음,855
2026-05-27,hobak,애호박,애호박(1개),채소류,볶음,855
2026-05-27,hobak,애호박,애호박(1개),채소류,볶음,855
2026-05-27,hobak,애호박,애호박(1개),채소류,볶음,855
2026-05-28,hobak,애호박,애호박(1개),채소류,볶음,1025
2026-05-28,hobak,애호박,애호박(1개),채소류,볶음,1025
2026-05-28,hobak,애호박,애호박(1개),채소류,볶음,1025
2026-05-28,hobak,애호박,애호박(1개),채소류,볶음,1025
2026-05-28,hobak,애호박,애호박(1개),채소류,볶음,1025
2026-05-28,hobak,애호박,애호박(1개),채소류,볶음,1025
2026-05-28,hobak,애호박,애호박(1개),채소류,볶음,1025
2026-05-29,hobak,애호박,애호박(1개),채소류,볶음,1034
2026-05-29,hobak,애호박,애호박(1개),채소류,볶음,1034
2026-05-29,hobak,애호박,애호박(1개),채소류,볶음,1034
2026-05-29,hobak,애호박,애호박(1개),채소류,볶음,1034
2026-05-29,hobak,애호박,애호박(1개),채소류,볶음,1034
2026-05-29,hobak,애호박,애호박(1개),채소류,볶음,1034
2026-05-29,hobak,애호박,애호박(1개),채소류,볶음,1034
2026-06-01,hobak,애호박,애호박(1개),채소류,볶음,1039
2026-06-01,hobak,애호박,애호박(1개),채소류,볶음,1039
2026-06-01,hobak,애호박,애호박(1개),채소류,볶음,1039
2026-06-01,hobak,애호박,애호박(1개),채소류,볶음,1039
2026-06-01,hobak,애호박,애호박(1개),채소류,볶음,1039
2026-06-01,hobak,애호박,애호박(1개),채소류,볶음,1039
2026-06-01,hobak,애호박,애호박(1개),채소류,볶음,1039
2026-06-02,hobak,애호박,애호박(1개),채소류,볶음,1046
2026-06-02,hobak,애호박,애호박(1개),채소류,볶음,1046
2026-06-02,hobak,애호박,애호박(1개),채소류,볶음,1046
2026-06-02,hobak,애호박,애호박(1개),채소류,볶음,1046
2026-06-02,hobak,애호박,애호박(1개),채소류,볶음,1046
2026-06-02,hobak,애호박,애호박(1개),채소류,볶음,1046
2026-06-02,hobak,애호박,애호박(1개),채소류,볶음,1046
2026-06-04,hobak,애호박,애호박(1개),채소류,볶음,1068
2026-06-04,hobak,애호박,애호박(1개),채소류,볶음,1068
2026-06-04,hobak,애호박,애호박(1개),채소류,볶음,1068
2026-06-04,hobak,애호박,애호박(1개),채소류,볶음,1068
2026-06-04,hobak,애호박,애호박(1개),채소류,볶음,1068
2026-06-04,hobak,애호박,애호박(1개),채소류,볶음,1068
2026-06-04,hobak,애호박,애호박(1개),채소류,볶음,1068
2026-06-05,hobak,애호박,애호박(1개),채소류,볶음,1078
2026-06-05,hobak,애호박,애호박(1개),채소류,볶음,1078
2026-06-05,hobak,애호박,애호박(1개),채소류,볶음,1078
2026-06-05,hobak,애호박,애호박(1개),채소류,볶음,1078
2026-06-05,hobak,애호박,애호박(1개),채소류,볶음,1078
2026-06-05,hobak,애호박,애호박(1개),채소류,볶음,1078
2026-06-05,hobak,애호박,애호박(1개),채소류,볶음,1078
2026-06-08,hobak,애호박,애호박(1개),채소류,볶음,1154
2026-06-08,hobak,애호박,애호박(1개),채소류,볶음,1154
2026-06-08,hobak,애호박,애호박(1개),채소류,볶음,1154
2026-06-08,hobak,애호박,애호박(1개),채소류,볶음,1154
2026-06-08,hobak,애호박,애호박(1개),채소류,볶음,1154
2026-06-08,hobak,애호박,애호박(1개),채소류,볶음,1154
2026-06-08,hobak,애호박,애호박(1개),채소류,볶음,1154
2026-06-09,hobak,애호박,애호박(1개),채소류,볶음,1171
2026-06-09,hobak,애호박,애호박(1개),채소류,볶음,1171
2026-06-09,hobak,애호박,애호박(1개),채소류,볶음,1171
2026-06-09,hobak,애호박,애호박(1개),채소류,볶음,1171
2026-06-09,hobak,애호박,애호박(1개),채소류,볶음,1171
2026-06-09,hobak,애호박,애호박(1개),채소류,볶음,1171
2026-06-09,hobak,애호박,애호박(1개),채소류,볶음,1171
2026-06-10,hobak,애호박,애호박(1개),채소류,볶음,1188
2026-06-10,hobak,애호박,애호박(1개),채소류,볶음,1188
2026-06-10,hobak,애호박,애호박(1개),채소류,볶음,1188
2026-06-10,hobak,애호박,애호박(1개),채소류,볶음,1188
2026-06-10,hobak,애호박,애호박(1개),채소류,볶음,1188
2026-06-10,hobak,애호박,애호박(1개),채소류,볶음,1188
2026-06-10,hobak,애호박,애호박(1개),채소류,볶음,1188
2026-06-11,hobak,애호박,애호박(1개),채소류,볶음,1208
2026-06-11,hobak,애호박,애호박(1개),채소류,볶음,1208
2026-06-11,hobak,애호박,애호박(1개),채소류,볶음,1208
2026-06-11,hobak,애호박,애호박(1개),채소류,볶음,1208
2026-06-11,hobak,애호박,애호박(1개),채소류,볶음,1208
2026-06-11,hobak,애호박,애호박(1개),채소류,볶음,1208
2026-06-11,hobak,애호박,애호박(1개),채소류,볶음,1208
2026-06-12,hobak,애호박,애호박(1개),채소류,볶음,1207
2026-06-12,hobak,애호박,애호박(1개),채소류,볶음,1207
2026-06-12,hobak,애호박,애호박(1개),채소류,볶음,1207
2026-06-12,hobak,애호박,애호박(1개),채소류,볶음,1207
2026-06-12,hobak,애호박,애호박(1개),채소류,볶음,1207
2026-06-12,hobak,애호박,애호박(1개),채소류,볶음,1207
2026-06-12,hobak,애호박,애호박(1개),채소류,볶음,1207
2026-06-15,hobak,애호박,애호박(1개),채소류,볶음,1208
2026-06-15,hobak,애호박,애호박(1개),채소류,볶음,1208
2026-06-15,hobak,애호박,애호박(1개),채소류,볶음,1208
2026-06-15,hobak,애호박,애호박(1개),채소류,볶음,1208
2026-06-15,hobak,애호박,애호박(1개),채소류,볶음,1208
2026-06-15,hobak,애호박,애호박(1개),채소류,볶음,1208
2026-06-15,hobak,애호박,애호박(1개),채소류,볶음,1208
2026-06-16,hobak,애호박,애호박(1개),채소류,볶음,1186
2026-06-16,hobak,애호박,애호박(1개),채소류,볶음,1186
2026-06-16,hobak,애호박,애호박(1개),채소류,볶음,1186
2026-06-16,hobak,애호박,애호박(1개),채소류,볶음,1186
2026-06-16,hobak,애호박,애호박(1개),채소류,볶음,1186
2026-06-16,hobak,애호박,애호박(1개),채소류,볶음,1186
2026-06-16,hobak,애호박,애호박(1개),채소류,볶음,1186
2026-06-17,hobak,애호박,애호박(1개),채소류,볶음,1184
2026-06-17,hobak,애호박,애호박(1개),채소류,볶음,1184
2026-06-17,hobak,애호박,애호박(1개),채소류,볶음,1184
2026-06-17,hobak,애호박,애호박(1개),채소류,볶음,1184
2026-06-17,hobak,애호박,애호박(1개),채소류,볶음,1184
2026-06-17,hobak,애호박,애호박(1개),채소류,볶음,1184
2026-06-17,hobak,애호박,애호박(1개),채소류,볶음,1184
2026-06-18,hobak,애호박,애호박(1개),채소류,볶음,1116
2026-06-18,hobak,애호박,애호박(1개),채소류,볶음,1116
2026-06-18,hobak,애호박,애호박(1개),채소류,볶음,1116
2026-06-18,hobak,애호박,애호박(1개),채소류,볶음,1116
2026-06-18,hobak,애호박,애호박(1개),채소류,볶음,1116
2026-06-18,hobak,애호박,애호박(1개),채소류,볶음,1116
2026-06-18,hobak,애호박,애호박(1개),채소류,볶음,1116
2026-06-19,hobak,애호박,애호박(1개),채소류,볶음,1104
2026-06-19,hobak,애호박,애호박(1개),채소류,볶음,1104
2026-06-19,hobak,애호박,애호박(1개),채소류,볶음,1104
2026-06-19,hobak,애호박,애호박(1개),채소류,볶음,1104
2026-06-19,hobak,애호박,애호박(1개),채소류,볶음,1104
2026-06-19,hobak,애호박,애호박(1개),채소류,볶음,1104
2026-06-19,hobak,애호박,애호박(1개),채소류,볶음,1104
2026-06-22,hobak,애호박,애호박(1개),채소류,볶음,1135
2026-06-22,hobak,애호박,애호박(1개),채소류,볶음,1135
2026-06-22,hobak,애호박,애호박(1개),채소류,볶음,1135
2026-06-22,hobak,애호박,애호박(1개),채소류,볶음,1135
2026-06-22,hobak,애호박,애호박(1개),채소류,볶음,1135
2026-06-22,hobak,애호박,애호박(1개),채소류,볶음,1135
2026-06-22,hobak,애호박,애호박(1개),채소류,볶음,1135
2026-06-23,hobak,애호박,애호박(1개),채소류,볶음,1138
2026-06-23,hobak,애호박,애호박(1개),채소류,볶음,1138
2026-06-23,hobak,애호박,애호박(1개),채소류,볶음,1138
2026-06-23,hobak,애호박,애호박(1개),채소류,볶음,1138
2026-06-23,hobak,애호박,애호박(1개),채소류,볶음,1138
2026-06-23,hobak,애호박,애호박(1개),채소류,볶음,1138
2026-06-23,hobak,애호박,애호박(1개),채소류,볶음,1138
2026-06-24,hobak,애호박,애호박(1개),채소류,볶음,1121
2026-06-24,hobak,애호박,애호박(1개),채소류,볶음,1121
2026-06-24,hobak,애호박,애호박(1개),채소류,볶음,1121
2026-06-24,hobak,애호박,애호박(1개),채소류,볶음,1121
2026-06-24,hobak,애호박,애호박(1개),채소류,볶음,1121
2026-06-24,hobak,애호박,애호박(1개),채소류,볶음,1121
2026-06-24,hobak,애호박,애호박(1개),채소류,볶음,1121
2026-06-25,hobak,애호박,애호박(1개),채소류,볶음,994
2026-06-25,hobak,애호박,애호박(1개),채소류,볶음,994
2026-06-25,hobak,애호박,애호박(1개),채소류,볶음,994
2026-06-25,hobak,애호박,애호박(1개),채소류,볶음,994
2026-06-25,hobak,애호박,애호박(1개),채소류,볶음,994
2026-06-25,hobak,애호박,애호박(1개),채소류,볶음,994
2026-06-25,hobak,애호박,애호박(1개),채소류,볶음,994
2026-06-26,hobak,애호박,애호박(1개),채소류,볶음,983
2026-06-26,hobak,애호박,애호박(1개),채소류,볶음,983
2026-06-26,hobak,애호박,애호박(1개),채소류,볶음,983
2026-06-26,hobak,애호박,애호박(1개),채소류,볶음,983
2026-06-26,hobak,애호박,애호박(1개),채소류,볶음,983
2026-06-26,hobak,애호박,애호박(1개),채소류,볶음,983
2026-06-26,hobak,애호박,애호박(1개),채소류,볶음,983
2026-06-29,hobak,애호박,애호박(1개),채소류,볶음,969
2026-06-29,hobak,애호박,애호박(1개),채소류,볶음,969
2026-06-29,hobak,애호박,애호박(1개),채소류,볶음,969
2026-06-29,hobak,애호박,애호박(1개),채소류,볶음,969
2026-06-29,hobak,애호박,애호박(1개),채소류,볶음,969
2026-06-29,hobak,애호박,애호박(1개),채소류,볶음,969
2026-06-29,hobak,애호박,애호박(1개),채소류,볶음,969
2026-06-30,hobak,애호박,애호박(1개),채소류,볶음,960
2026-06-30,hobak,애호박,애호박(1개),채소류,볶음,960
2026-06-30,hobak,애호박,애호박(1개),채소류,볶음,960
2026-06-30,hobak,애호박,애호박(1개),채소류,볶음,960
2026-06-30,hobak,애호박,애호박(1개),채소류,볶음,960
2026-06-30,hobak,애호박,애호박(1개),채소류,볶음,960
2026-06-30,hobak,애호박,애호박(1개),채소류,볶음,960
2026-07-01,hobak,애호박,애호박(1개),채소류,볶음,960
2026-07-01,hobak,애호박,애호박(1개),채소류,볶음,960
2026-07-01,hobak,애호박,애호박(1개),채소류,볶음,960
2026-07-01,hobak,애호박,애호박(1개),채소류,볶음,960
2026-07-01,hobak,애호박,애호박(1개),채소류,볶음,960
2026-07-01,hobak,애호박,애호박(1개),채소류,볶음,960
2026-07-01,hobak,애호박,애호박(1개),채소류,볶음,960
2026-07-02,hobak,애호박,애호박(1개),채소류,볶음,1056
2026-07-02,hobak,애호박,애호박(1개),채소류,볶음,1056
2026-07-02,hobak,애호박,애호박(1개),채소류,볶음,1056
2026-07-02,hobak,애호박,애호박(1개),채소류,볶음,1056
2026-07-02,hobak,애호박,애호박(1개),채소류,볶음,1056
2026-07-02,hobak,애호박,애호박(1개),채소류,볶음,1056
2026-07-02,hobak,애호박,애호박(1개),채소류,볶음,1056
2026-07-03,hobak,애호박,애호박(1개),채소류,볶음,1039
2026-07-03,hobak,애호박,애호박(1개),채소류,볶음,1039
2026-07-03,hobak,애호박,애호박(1개),채소류,볶음,1039
2026-07-03,hobak,애호박,애호박(1개),채소류,볶음,1039
2026-07-03,hobak,애호박,애호박(1개),채소류,볶음,1039
2026-07-03,hobak,애호박,애호박(1개),채소류,볶음,1039
2026-07-03,hobak,애호박,애호박(1개),채소류,볶음,1039
2026-07-06,hobak,애호박,애호박(1개),채소류,볶음,1028
2026-07-06,hobak,애호박,애호박(1개),채소류,볶음,1028
2026-07-06,hobak,애호박,애호박(1개),채소류,볶음,1028
2026-07-06,hobak,애호박,애호박(1개),채소류,볶음,1028
2026-07-06,hobak,애호박,애호박(1개),채소류,볶음,1028
2026-07-06,hobak,애호박,애호박(1개),채소류,볶음,1028
2026-07-06,hobak,애호박,애호박(1개),채소류,볶음,1028
2026-07-07,hobak,애호박,애호박(1개),채소류,볶음,1026
2026-07-07,hobak,애호박,애호박(1개),채소류,볶음,1026
2026-07-07,hobak,애호박,애호박(1개),채소류,볶음,1026
2026-07-07,hobak,애호박,애호박(1개),채소류,볶음,1026
2026-07-07,hobak,애호박,애호박(1개),채소류,볶음,1026
2026-07-07,hobak,애호박,애호박(1개),채소류,볶음,1026
2026-07-07,hobak,애호박,애호박(1개),채소류,볶음,1026
2026-07-08,hobak,애호박,애호박(1개),채소류,볶음,1011
2026-07-08,hobak,애호박,애호박(1개),채소류,볶음,1011
2026-07-08,hobak,애호박,애호박(1개),채소류,볶음,1011
2026-07-08,hobak,애호박,애호박(1개),채소류,볶음,1011
2026-07-08,hobak,애호박,애호박(1개),채소류,볶음,1011
2026-07-08,hobak,애호박,애호박(1개),채소류,볶음,1011
2026-07-08,hobak,애호박,애호박(1개),채소류,볶음,1011
2026-07-09,hobak,애호박,애호박(1개),채소류,볶음,1000
2026-07-09,hobak,애호박,애호박(1개),채소류,볶음,1000
2026-07-09,hobak,애호박,애호박(1개),채소류,볶음,1000
2026-07-09,hobak,애호박,애호박(1개),채소류,볶음,1000
2026-07-09,hobak,애호박,애호박(1개),채소류,볶음,1000
2026-07-09,hobak,애호박,애호박(1개),채소류,볶음,1000
2026-07-09,hobak,애호박,애호박(1개),채소류,볶음,1000
2026-07-10,hobak,애호박,애호박(1개),채소류,볶음,989
2026-07-10,hobak,애호박,애호박(1개),채소류,볶음,989
2026-07-10,hobak,애호박,애호박(1개),채소류,볶음,989
2026-07-10,hobak,애호박,애호박(1개),채소류,볶음,989
2026-07-10,hobak,애호박,애호박(1개),채소류,볶음,989
2026-07-10,hobak,애호박,애호박(1개),채소류,볶음,989
2026-07-10,hobak,애호박,애호박(1개),채소류,볶음,989
2026-07-13,hobak,애호박,애호박(1개),채소류,볶음,1022
2026-07-13,hobak,애호박,애호박(1개),채소류,볶음,1022
2026-07-13,hobak,애호박,애호박(1개),채소류,볶음,1022
2026-07-13,hobak,애호박,애호박(1개),채소류,볶음,1022
2026-07-13,hobak,애호박,애호박(1개),채소류,볶음,1022
2026-07-13,hobak,애호박,애호박(1개),채소류,볶음,1022
2026-07-13,hobak,애호박,애호박(1개),채소류,볶음,1022
2026-07-14,hobak,애호박,애호박(1개),채소류,볶음,1021
2026-07-14,hobak,애호박,애호박(1개),채소류,볶음,1021
2026-07-14,hobak,애호박,애호박(1개),채소류,볶음,1021
2026-07-14,hobak,애호박,애호박(1개),채소류,볶음,1021
2026-07-14,hobak,애호박,애호박(1개),채소류,볶음,1021
2026-07-14,hobak,애호박,애호박(1개),채소류,볶음,1021
2026-07-14,hobak,애호박,애호박(1개),채소류,볶음,1021
2026-07-15,hobak,애호박,애호박(1개),채소류,볶음,1024
2026-07-15,hobak,애호박,애호박(1개),채소류,볶음,1024
2026-07-15,hobak,애호박,애호박(1개),채소류,볶음,1024
2026-07-15,hobak,애호박,애호박(1개),채소류,볶음,1024
2026-07-15,hobak,애호박,애호박(1개),채소류,볶음,1024
2026-07-15,hobak,애호박,애호박(1개),채소류,볶음,1024
2026-07-15,hobak,애호박,애호박(1개),채소류,볶음,1024
2026-07-16,hobak,애호박,애호박(1개),채소류,볶음,987
2026-07-16,hobak,애호박,애호박(1개),채소류,볶음,987
2026-07-16,hobak,애호박,애호박(1개),채소류,볶음,987
2026-07-16,hobak,애호박,애호박(1개),채소류,볶음,987
2026-07-16,hobak,애호박,애호박(1개),채소류,볶음,987
2026-07-16,hobak,애호박,애호박(1개),채소류,볶음,987
2026-07-16,hobak,애호박,애호박(1개),채소류,볶음,987
2026-07-20,hobak,애호박,애호박(1개),채소류,볶음,1126
2026-07-20,hobak,애호박,애호박(1개),채소류,볶음,1126
2026-07-20,hobak,애호박,애호박(1개),채소류,볶음,1126
2026-07-20,hobak,애호박,애호박(1개),채소류,볶음,1126
2026-07-20,hobak,애호박,애호박(1개),채소류,볶음,1126
2026-07-20,hobak,애호박,애호박(1개),채소류,볶음,1126
2026-07-20,hobak,애호박,애호박(1개),채소류,볶음,1126
2026-07-21,hobak,애호박,애호박(1개),채소류,볶음,1164
2026-07-21,hobak,애호박,애호박(1개),채소류,볶음,1164
2026-07-21,hobak,애호박,애호박(1개),채소류,볶음,1164
2026-07-21,hobak,애호박,애호박(1개),채소류,볶음,1164
2026-07-21,hobak,애호박,애호박(1개),채소류,볶음,1164
2026-07-21,hobak,애호박,애호박(1개),채소류,볶음,1164
2026-07-21,hobak,애호박,애호박(1개),채소류,볶음,1164
2026-07-22,hobak,애호박,애호박(1개),채소류,볶음,1162
2026-07-22,hobak,애호박,애호박(1개),채소류,볶음,1162
2026-07-22,hobak,애호박,애호박(1개),채소류,볶음,1162
2026-07-22,hobak,애호박,애호박(1개),채소류,볶음,1162
2026-07-22,hobak,애호박,애호박(1개),채소류,볶음,1162
2026-07-22,hobak,애호박,애호박(1개),채소류,볶음,1162
2026-07-22,hobak,애호박,애호박(1개),채소류,볶음,1162
2026-07-23,hobak,애호박,애호박(1개),채소류,볶음,1158
2026-07-23,hobak,애호박,애호박(1개),채소류,볶음,1158
2026-07-23,hobak,애호박,애호박(1개),채소류,볶음,1158
2026-07-23,hobak,애호박,애호박(1개),채소류,볶음,1158
2026-07-23,hobak,애호박,애호박(1개),채소류,볶음,1158
2026-07-23,hobak,애호박,애호박(1개),채소류,볶음,1158
2026-07-23,hobak,애호박,애호박(1개),채소류,볶음,1158
2026-07-24,hobak,애호박,애호박(1개),채소류,볶음,1166
2026-07-24,hobak,애호박,애호박(1개),채소류,볶음,1166
2026-07-24,hobak,애호박,애호박(1개),채소류,볶음,1166
2026-07-24,hobak,애호박,애호박(1개),채소류,볶음,1166
2026-07-24,hobak,애호박,애호박(1개),채소류,볶음,1166
2026-07-24,hobak,애호박,애호박(1개),채소류,볶음,1166
2026-07-24,hobak,애호박,애호박(1개),채소류,볶음,1166
2026-07-27,hobak,애호박,애호박(1개),채소류,볶음,1180
2026-07-27,hobak,애호박,애호박(1개),채소류,볶음,1180
2026-07-27,hobak,애호박,애호박(1개),채소류,볶음,1180
2026-07-27,hobak,애호박,애호박(1개),채소류,볶음,1180
2026-07-27,hobak,애호박,애호박(1개),채소류,볶음,1180
2026-07-27,hobak,애호박,애호박(1개),채소류,볶음,1180
2026-07-27,hobak,애호박,애호박(1개),채소류,볶음,1180
2026-07-28,hobak,애호박,애호박(1개),채소류,볶음,1172
2026-07-28,hobak,애호박,애호박(1개),채소류,볶음,1172
2026-07-28,hobak,애호박,애호박(1개),채소류,볶음,1172
2026-07-28,hobak,애호박,애호박(1개),채소류,볶음,1172
2026-07-28,hobak,애호박,애호박(1개),채소류,볶음,1172
2026-07-28,hobak,애호박,애호박(1개),채소류,볶음,1172
2026-07-28,hobak,애호박,애호박(1개),채소류,볶음,1172
2026-07-29,hobak,애호박,애호박(1개),채소류,볶음,1221
2026-07-29,hobak,애호박,애호박(1개),채소류,볶음,1221
2026-07-29,hobak,애호박,애호박(1개),채소류,볶음,1221
2026-07-29,hobak,애호박,애호박(1개),채소류,볶음,1221
2026-07-29,hobak,애호박,애호박(1개),채소류,볶음,1221
2026-07-29,hobak,애호박,애호박(1개),채소류,볶음,1221
2026-07-29,hobak,애호박,애호박(1개),채소류,볶음,1221
2026-07-30,hobak,애호박,애호박(1개),채소류,볶음,1139
2026-07-30,hobak,애호박,애호박(1개),채소류,볶음,1139
2026-07-30,hobak,애호박,애호박(1개),채소류,볶음,1139
2026-07-30,hobak,애호박,애호박(1개),채소류,볶음,1139
2026-07-30,hobak,애호박,애호박(1개),채소류,볶음,1139
2026-07-30,hobak,애호박,애호박(1개),채소류,볶음,1139
2026-07-30,hobak,애호박,애호박(1개),채소류,볶음,1139
2026-07-31,hobak,애호박,애호박(1개),채소류,볶음,1161
2026-07-31,hobak,애호박,애호박(1개),채소류,볶음,1161
2026-07-31,hobak,애호박,애호박(1개),채소류,볶음,1161
2026-07-31,hobak,애호박,애호박(1개),채소류,볶음,1161
2026-07-31,hobak,애호박,애호박(1개),채소류,볶음,1161
2026-07-31,hobak,애호박,애호박(1개),채소류,볶음,1161
2026-07-31,hobak,애호박,애호박(1개),채소류,볶음,1161
2026-08-03,hobak,애호박,애호박(1개),채소류,볶음,1189
2026-08-03,hobak,애호박,애호박(1개),채소류,볶음,1189
2026-08-03,hobak,애호박,애호박(1개),채소류,볶음,1189
2026-08-03,hobak,애호박,애호박(1개),채소류,볶음,1189
2026-08-03,hobak,애호박,애호박(1개),채소류,볶음,1189
2026-08-03,hobak,애호박,애호박(1개),채소류,볶음,1189
2026-08-03,hobak,애호박,애호박(1개),채소류,볶음,1189
2026-08-04,hobak,애호박,애호박(1개),채소류,볶음,1214
2026-08-04,hobak,애호박,애호박(1개),채소류,볶음,1214
2026-08-04,hobak,애호박,애호박(1개),채소류,볶음,1214
2026-08-04,hobak,애호박,애호박(1개),채소류,볶음,1214
2026-08-04,hobak,애호박,애호박(1개),채소류,볶음,1214
2026-08-04,hobak,애호박,애호박(1개),채소류,볶음,1214
2026-08-04,hobak,애호박,애호박(1개),채소류,볶음,1214
2026-08-05,hobak,애호박,애호박(1개),채소류,볶음,1214
2026-08-05,hobak,애호박,애호박(1개),채소류,볶음,1214
2026-08-05,hobak,애호박,애호박(1개),채소류,볶음,1214
2026-08-05,hobak,애호박,애호박(1개),채소류,볶음,1214
2026-08-05,hobak,애호박,애호박(1개),채소류,볶음,1214
2026-08-05,hobak,애호박,애호박(1개),채소류,볶음,1214
2026-08-05,hobak,애호박,애호박(1개),채소류,볶음,1214
2026-08-06,hobak,애호박,애호박(1개),채소류,볶음,1498
2026-08-06,hobak,애호박,애호박(1개),채소류,볶음,1498
2026-08-06,hobak,애호박,애호박(1개),채소류,볶음,1498
2026-08-06,hobak,애호박,애호박(1개),채소류,볶음,1498
2026-08-06,hobak,애호박,애호박(1개),채소류,볶음,1498
2026-08-06,hobak,애호박,애호박(1개),채소류,볶음,1498
2026-08-06,hobak,애호박,애호박(1개),채소류,볶음,1498
2026-08-07,hobak,애호박,애호박(1개),채소류,볶음,1504
2026-08-07,hobak,애호박,애호박(1개),채소류,볶음,1504
2026-08-07,hobak,애호박,애호박(1개),채소류,볶음,1504
2026-08-07,hobak,애호박,애호박(1개),채소류,볶음,1504
2026-08-07,hobak,애호박,애호박(1개),채소류,볶음,1504
2026-08-07,hobak,애호박,애호박(1개),채소류,볶음,1504
2026-08-07,hobak,애호박,애호박(1개),채소류,볶음,1504
2026-08-10,hobak,애호박,애호박(1개),채소류,볶음,1491
2026-08-10,hobak,애호박,애호박(1개),채소류,볶음,1491
2026-08-10,hobak,애호박,애호박(1개),채소류,볶음,1491
2026-08-10,hobak,애호박,애호박(1개),채소류,볶음,1491
2026-08-10,hobak,애호박,애호박(1개),채소류,볶음,1491
2026-08-10,hobak,애호박,애호박(1개),채소류,볶음,1491
2026-08-10,hobak,애호박,애호박(1개),채소류,볶음,1491
2026-08-11,hobak,애호박,애호박(1개),채소류,볶음,1497
2026-08-11,hobak,애호박,애호박(1개),채소류,볶음,1497
2026-08-11,hobak,애호박,애호박(1개),채소류,볶음,1497
2026-08-11,hobak,애호박,애호박(1개),채소류,볶음,1497
2026-08-11,hobak,애호박,애호박(1개),채소류,볶음,1497
2026-08-11,hobak,애호박,애호박(1개),채소류,볶음,1497
2026-08-11,hobak,애호박,애호박(1개),채소류,볶음,1497
2026-08-12,hobak,애호박,애호박(1개),채소류,볶음,1501
2026-08-12,hobak,애호박,애호박(1개),채소류,볶음,1501
2026-08-12,hobak,애호박,애호박(1개),채소류,볶음,1501
2026-08-12,hobak,애호박,애호박(1개),채소류,볶음,1501
2026-08-12,hobak,애호박,애호박(1개),채소류,볶음,1501
2026-08-12,hobak,애호박,애호박(1개),채소류,볶음,1501
2026-08-12,hobak,애호박,애호박(1개),채소류,볶음,1501
2026-08-13,hobak,애호박,애호박(1개),채소류,볶음,1504
2026-08-13,hobak,애호박,애호박(1개),채소류,볶음,1504
2026-08-13,hobak,애호박,애호박(1개),채소류,볶음,1504
2026-08-13,hobak,애호박,애호박(1개),채소류,볶음,1504
2026-08-13,hobak,애호박,애호박(1개),채소류,볶음,1504
2026-08-13,hobak,애호박,애호박(1개),채소류,볶음,1504
2026-08-13,hobak,애호박,애호박(1개),채소류,볶음,1504
2026-08-14,hobak,애호박,애호박(1개),채소류,볶음,1502
2026-08-14,hobak,애호박,애호박(1개),채소류,볶음,1502
2026-08-14,hobak,애호박,애호박(1개),채소류,볶음,1502
2026-08-14,hobak,애호박,애호박(1개),채소류,볶음,1502
2026-08-14,hobak,애호박,애호박(1개),채소류,볶음,1502
2026-08-14,hobak,애호박,애호박(1개),채소류,볶음,1502
2026-08-14,hobak,애호박,애호박(1개),채소류,볶음,1502
2026-08-18,hobak,애호박,애호박(1개),채소류,볶음,1516
2026-08-18,hobak,애호박,애호박(1개),채소류,볶음,1516
2026-08-18,hobak,애호박,애호박(1개),채소류,볶음,1516
2026-08-18,hobak,애호박,애호박(1개),채소류,볶음,1516
2026-08-18,hobak,애호박,애호박(1개),채소류,볶음,1516
2026-08-18,hobak,애호박,애호박(1개),채소류,볶음,1516
2026-08-18,hobak,애호박,애호박(1개),채소류,볶음,1516
2026-08-19,hobak,애호박,애호박(1개),채소류,볶음,1489
2026-08-19,hobak,애호박,애호박(1개),채소류,볶음,1489
2026-08-19,hobak,애호박,애호박(1개),채소류,볶음,1489
2026-08-19,hobak,애호박,애호박(1개),채소류,볶음,1489
2026-08-19,hobak,애호박,애호박(1개),채소류,볶음,1489
2026-08-19,hobak,애호박,애호박(1개),채소류,볶음,1489
2026-08-19,hobak,애호박,애호박(1개),채소류,볶음,1489
2026-08-20,hobak,애호박,애호박(1개),채소류,볶음,1435
2026-08-20,hobak,애호박,애호박(1개),채소류,볶음,1435
2026-08-20,hobak,애호박,애호박(1개),채소류,볶음,1435
2026-08-20,hobak,애호박,애호박(1개),채소류,볶음,1435
2026-08-20,hobak,애호박,애호박(1개),채소류,볶음,1435
2026-08-20,hobak,애호박,애호박(1개),채소류,볶음,1435
2026-08-20,hobak,애호박,애호박(1개),채소류,볶음,1435
2026-08-21,hobak,애호박,애호박(1개),채소류,볶음,1311
2026-08-21,hobak,애호박,애호박(1개),채소류,볶음,1311
2026-08-21,hobak,애호박,애호박(1개),채소류,볶음,1311
2026-08-21,hobak,애호박,애호박(1개),채소류,볶음,1311
2026-08-21,hobak,애호박,애호박(1개),채소류,볶음,1311
2026-08-21,hobak,애호박,애호박(1개),채소류,볶음,1311
2026-08-21,hobak,애호박,애호박(1개),채소류,볶음,1311
2026-08-24,hobak,애호박,애호박(1개),채소류,볶음,1386
2026-08-24,hobak,애호박,애호박(1개),채소류,볶음,1386
2026-08-24,hobak,애호박,애호박(1개),채소류,볶음,1386
2026-08-24,hobak,애호박,애호박(1개),채소류,볶음,1386
2026-08-24,hobak,애호박,애호박(1개),채소류,볶음,1386
2026-08-24,hobak,애호박,애호박(1개),채소류,볶음,1386
2026-08-24,hobak,애호박,애호박(1개),채소류,볶음,1386
2026-08-25,hobak,애호박,애호박(1개),채소류,볶음,1381
2026-08-25,hobak,애호박,애호박(1개),채소류,볶음,1381
2026-08-25,hobak,애호박,애호박(1개),채소류,볶음,1381
2026-08-25,hobak,애호박,애호박(1개),채소류,볶음,1381
2026-08-25,hobak,애호박,애호박(1개),채소류,볶음,1381
2026-08-25,hobak,애호박,애호박(1개),채소류,볶음,1381
2026-08-25,hobak,애호박,애호박(1개),채소류,볶음,1381
2026-08-26,hobak,애호박,애호박(1개),채소류,볶음,1406
2026-08-26,hobak,애호박,애호박(1개),채소류,볶음,1406
2026-08-26,hobak,애호박,애호박(1개),채소류,볶음,1406
2026-08-26,hobak,애호박,애호박(1개),채소류,볶음,1406
2026-08-26,hobak,애호박,애호박(1개),채소류,볶음,1406
2026-08-26,hobak,애호박,애호박(1개),채소류,볶음,1406
2026-08-26,hobak,애호박,애호박(1개),채소류,볶음,1406
2026-08-27,hobak,애호박,애호박(1개),채소류,볶음,1692
2026-08-27,hobak,애호박,애호박(1개),채소류,볶음,1692
2026-08-27,hobak,애호박,애호박(1개),채소류,볶음,1692
2026-08-27,hobak,애호박,애호박(1개),채소류,볶음,1692
2026-08-27,hobak,애호박,애호박(1개),채소류,볶음,1692
2026-08-27,hobak,애호박,애호박(1개),채소류,볶음,1692
2026-08-27,hobak,애호박,애호박(1개),채소류,볶음,1692
2026-08-28,hobak,애호박,애호박(1개),채소류,볶음,1736
2026-08-28,hobak,애호박,애호박(1개),채소류,볶음,1736
2026-08-28,hobak,애호박,애호박(1개),채소류,볶음,1736
2026-08-28,hobak,애호박,애호박(1개),채소류,볶음,1736
2026-08-28,hobak,애호박,애호박(1개),채소류,볶음,1736
2026-08-28,hobak,애호박,애호박(1개),채소류,볶음,1736
2026-08-28,hobak,애호박,애호박(1개),채소류,볶음,1736
2026-08-31,hobak,애호박,애호박(1개),채소류,볶음,1736
2026-08-31,hobak,애호박,애호박(1개),채소류,볶음,1736
2026-08-31,hobak,애호박,애호박(1개),채소류,볶음,1736
2026-08-31,hobak,애호박,애호박(1개),채소류,볶음,1736
2026-08-31,hobak,애호박,애호박(1개),채소류,볶음,1736
2026-08-31,hobak,애호박,애호박(1개),채소류,볶음,1736
2026-08-31,hobak,애호박,애호박(1개),채소류,볶음,1736
2026-09-01,hobak,애호박,애호박(1개),채소류,볶음,1808
2026-09-01,hobak,애호박,애호박(1개),채소류,볶음,1808
2026-09-01,hobak,애호박,애호박(1개),채소류,볶음,1808
2026-09-01,hobak,애호박,애호박(1개),채소류,볶음,1808
2026-09-01,hobak,애호박,애호박(1개),채소류,볶음,1808
2026-09-01,hobak,애호박,애호박(1개),채소류,볶음,1808
2026-09-01,hobak,애호박,애호박(1개),채소류,볶음,1808
2026-09-02,hobak,애호박,애호박(1개),채소류,볶음,2032
2026-09-02,hobak,애호박,애호박(1개),채소류,볶음,2032
2026-09-02,hobak,애호박,애호박(1개),채소류,볶음,2032
2026-09-02,hobak,애호박,애호박(1개),채소류,볶음,2032
2026-09-02,hobak,애호박,애호박(1개),채소류,볶음,2032
2026-09-02,hobak,애호박,애호박(1개),채소류,볶음,2032
2026-09-02,hobak,애호박,애호박(1개),채소류,볶음,2032
2026-09-03,hobak,애호박,애호박(1개),채소류,볶음,2655
2026-09-03,hobak,애호박,애호박(1개),채소류,볶음,2655
2026-09-03,hobak,애호박,애호박(1개),채소류,볶음,2655
2026-09-03,hobak,애호박,애호박(1개),채소류,볶음,2655
2026-09-03,hobak,애호박,애호박(1개),채소류,볶음,2655
2026-09-03,hobak,애호박,애호박(1개),채소류,볶음,2655
2026-09-03,hobak,애호박,애호박(1개),채소류,볶음,2655
2026-09-04,hobak,애호박,애호박(1개),채소류,볶음,2785
2026-09-04,hobak,애호박,애호박(1개),채소류,볶음,2785
2026-09-04,hobak,애호박,애호박(1개),채소류,볶음,2785
2026-09-04,hobak,애호박,애호박(1개),채소류,볶음,2785
2026-09-04,hobak,애호박,애호박(1개),채소류,볶음,2785
2026-09-04,hobak,애호박,애호박(1개),채소류,볶음,2785
2026-09-04,hobak,애호박,애호박(1개),채소류,볶음,2785
2026-09-07,hobak,애호박,애호박(1개),채소류,볶음,2833
2026-09-07,hobak,애호박,애호박(1개),채소류,볶음,2833
2026-09-07,hobak,애호박,애호박(1개),채소류,볶음,2833
2026-09-07,hobak,애호박,애호박(1개),채소류,볶음,2833
2026-09-07,hobak,애호박,애호박(1개),채소류,볶음,2833
2026-09-07,hobak,애호박,애호박(1개),채소류,볶음,2833
2026-09-07,hobak,애호박,애호박(1개),채소류,볶음,2833
2026-09-08,hobak,애호박,애호박(1개),채소류,볶음,2851
2026-09-08,hobak,애호박,애호박(1개),채소류,볶음,2851
2026-09-08,hobak,애호박,애호박(1개),채소류,볶음,2851
2026-09-08,hobak,애호박,애호박(1개),채소류,볶음,2851
2026-09-08,hobak,애호박,애호박(1개),채소류,볶음,2851
2026-09-08,hobak,애호박,애호박(1개),채소류,볶음,2851
2026-09-08,hobak,애호박,애호박(1개),채소류,볶음,2851
2026-09-09,hobak,애호박,애호박(1개),채소류,볶음,2791
2026-09-09,hobak,애호박,애호박(1개),채소류,볶음,2791
2026-09-09,hobak,애호박,애호박(1개),채소류,볶음,2791
2026-09-09,hobak,애호박,애호박(1개),채소류,볶음,2791
2026-09-09,hobak,애호박,애호박(1개),채소류,볶음,2791
2026-09-09,hobak,애호박,애호박(1개),채소류,볶음,2791
2026-09-09,hobak,애호박,애호박(1개),채소류,볶음,2791
2025-09-10,mu,무,고랭지(1개),채소류,국물,2280
2025-09-11,mu,무,고랭지(1개),채소류,국물,2196
2025-09-12,mu,무,고랭지(1개),채소류,국물,2163
2025-09-15,mu,무,고랭지(1개),채소류,국물,2025
2025-09-16,mu,무,고랭지(1개),채소류,국물,2015
2025-09-17,mu,무,고랭지(1개),채소류,국물,2017
2025-09-18,mu,무,고랭지(1개),채소류,국물,2004
2025-09-19,mu,무,고랭지(1개),채소류,국물,1994
2025-09-22,mu,무,고랭지(1개),채소류,국물,1970
2025-09-23,mu,무,고랭지(1개),채소류,국물,2005
2025-09-24,mu,무,고랭지(1개),채소류,국물,1998
2025-09-25,mu,무,고랭지(1개),채소류,국물,1955
2025-09-26,mu,무,고랭지(1개),채소류,국물,1954
2025-09-29,mu,무,고랭지(1개),채소류,국물,1985
2025-09-30,mu,무,고랭지(1개),채소류,국물,1976
2025-10-01,mu,무,고랭지(1개),채소류,국물,1943
2025-10-02,mu,무,고랭지(1개),채소류,국물,1941
2025-10-10,mu,무,고랭지(1개),채소류,국물,2391
2025-10-13,mu,무,고랭지(1개),채소류,국물,2419
2025-10-14,mu,무,고랭지(1개),채소류,국물,2425
2025-10-15,mu,무,고랭지(1개),채소류,국물,2419
2025-10-16,mu,무,고랭지(1개),채소류,국물,2459
2025-10-17,mu,무,고랭지(1개),채소류,국물,2456
2025-10-20,mu,무,고랭지(1개),채소류,국물,2428
2025-10-21,mu,무,고랭지(1개),채소류,국물,2411
2025-10-22,mu,무,고랭지(1개),채소류,국물,2380
2025-10-23,mu,무,고랭지(1개),채소류,국물,2379
2025-10-24,mu,무,고랭지(1개),채소류,국물,2334
2025-10-27,mu,무,고랭지(1개),채소류,국물,2298
2025-10-28,mu,무,고랭지(1개),채소류,국물,2289
2025-10-29,mu,무,고랭지(1개),채소류,국물,2248
2025-10-30,mu,무,고랭지(1개),채소류,국물,1936
2025-10-31,mu,무,고랭지(1개),채소류,국물,1927
2025-11-03,mu,무,고랭지(1개),채소류,국물,1922
2025-11-04,mu,무,고랭지(1개),채소류,국물,1894
2025-11-05,mu,무,고랭지(1개),채소류,국물,1882
2025-11-06,mu,무,고랭지(1개),채소류,국물,1969
2025-11-07,mu,무,고랭지(1개),채소류,국물,2007
2025-11-10,mu,무,고랭지(1개),채소류,국물,2017
2025-11-11,mu,무,고랭지(1개),채소류,국물,2049
2025-11-12,mu,무,고랭지(1개),채소류,국물,2054
2025-11-13,mu,무,고랭지(1개),채소류,국물,1961
2025-11-14,mu,무,고랭지(1개),채소류,국물,1948
2025-11-17,mu,무,고랭지(1개),채소류,국물,1967
2025-11-18,mu,무,고랭지(1개),채소류,국물,2017
2025-11-19,mu,무,고랭지(1개),채소류,국물,2027
2025-11-20,mu,무,고랭지(1개),채소류,국물,2264
2025-11-21,mu,무,고랭지(1개),채소류,국물,2273
2025-11-24,mu,무,고랭지(1개),채소류,국물,2377
2025-11-25,mu,무,고랭지(1개),채소류,국물,2376
2025-11-26,mu,무,고랭지(1개),채소류,국물,2397
2025-11-27,mu,무,고랭지(1개),채소류,국물,2350
2025-11-28,mu,무,고랭지(1개),채소류,국물,2358
2025-12-01,mu,무,고랭지(1개),채소류,국물,2370
2025-12-02,mu,무,고랭지(1개),채소류,국물,2422
2025-12-03,mu,무,고랭지(1개),채소류,국물,2430
2025-12-04,mu,무,고랭지(1개),채소류,국물,2489
2025-12-08,mu,무,고랭지(1개),채소류,국물,2542
2025-12-09,mu,무,고랭지(1개),채소류,국물,2534
2025-12-10,mu,무,고랭지(1개),채소류,국물,2543
2025-12-11,mu,무,고랭지(1개),채소류,국물,2539
2025-12-12,mu,무,고랭지(1개),채소류,국물,2544
2025-12-15,mu,무,고랭지(1개),채소류,국물,2529
2025-12-16,mu,무,고랭지(1개),채소류,국물,2541
2025-12-17,mu,무,고랭지(1개),채소류,국물,2562
2025-12-18,mu,무,고랭지(1개),채소류,국물,2229
2025-12-19,mu,무,고랭지(1개),채소류,국물,2174
2025-12-22,mu,무,고랭지(1개),채소류,국물,2162
2025-12-23,mu,무,고랭지(1개),채소류,국물,2169
2025-12-24,mu,무,고랭지(1개),채소류,국물,2206
2025-12-26,mu,무,고랭지(1개),채소류,국물,2216
2025-12-29,mu,무,고랭지(1개),채소류,국물,2172
2025-12-30,mu,무,고랭지(1개),채소류,국물,2166
2025-12-31,mu,무,고랭지(1개),채소류,국물,2169
2026-01-02,mu,무,고랭지(1개),채소류,국물,2430
2026-01-05,mu,무,고랭지(1개),채소류,국물,2407
2026-01-06,mu,무,고랭지(1개),채소류,국물,2411
2026-01-07,mu,무,고랭지(1개),채소류,국물,2383
2026-01-08,mu,무,고랭지(1개),채소류,국물,2261
2026-01-09,mu,무,고랭지(1개),채소류,국물,2255
2026-01-12,mu,무,고랭지(1개),채소류,국물,2271
2026-01-13,mu,무,고랭지(1개),채소류,국물,2239
2026-01-14,mu,무,고랭지(1개),채소류,국물,2211
2026-01-15,mu,무,고랭지(1개),채소류,국물,2163
2026-01-16,mu,무,고랭지(1개),채소류,국물,2150
2026-01-19,mu,무,고랭지(1개),채소류,국물,2145
2026-01-20,mu,무,고랭지(1개),채소류,국물,2121
2026-01-21,mu,무,고랭지(1개),채소류,국물,2131
2026-01-22,mu,무,고랭지(1개),채소류,국물,2121
2026-01-23,mu,무,고랭지(1개),채소류,국물,2100
2026-01-26,mu,무,고랭지(1개),채소류,국물,2104
2026-01-27,mu,무,고랭지(1개),채소류,국물,2101
2026-01-28,mu,무,고랭지(1개),채소류,국물,2081
2026-01-29,mu,무,고랭지(1개),채소류,국물,2114
2026-01-30,mu,무,고랭지(1개),채소류,국물,2120
2026-02-02,mu,무,고랭지(1개),채소류,국물,2024
2026-02-03,mu,무,고랭지(1개),채소류,국물,2009
2026-02-04,mu,무,고랭지(1개),채소류,국물,2012
2026-02-05,mu,무,고랭지(1개),채소류,국물,1952
2026-02-06,mu,무,고랭지(1개),채소류,국물,1988
2026-02-09,mu,무,고랭지(1개),채소류,국물,2016
2026-02-10,mu,무,고랭지(1개),채소류,국물,2020
2026-02-11,mu,무,고랭지(1개),채소류,국물,2003
2026-02-12,mu,무,고랭지(1개),채소류,국물,2182
2026-02-13,mu,무,고랭지(1개),채소류,국물,2207
2026-02-19,mu,무,고랭지(1개),채소류,국물,2229
2026-02-20,mu,무,고랭지(1개),채소류,국물,2144
2026-02-23,mu,무,고랭지(1개),채소류,국물,2259
2026-02-24,mu,무,고랭지(1개),채소류,국물,2241
2026-02-25,mu,무,고랭지(1개),채소류,국물,2232
2026-02-26,mu,무,고랭지(1개),채소류,국물,2271
2026-02-27,mu,무,고랭지(1개),채소류,국물,2311
2026-03-03,mu,무,고랭지(1개),채소류,국물,2327
2026-03-04,mu,무,고랭지(1개),채소류,국물,2301
2026-03-05,mu,무,고랭지(1개),채소류,국물,2189
2026-03-06,mu,무,고랭지(1개),채소류,국물,2190
2026-03-09,mu,무,고랭지(1개),채소류,국물,2192
2026-03-10,mu,무,고랭지(1개),채소류,국물,2191
2026-03-11,mu,무,고랭지(1개),채소류,국물,2172
2026-03-12,mu,무,고랭지(1개),채소류,국물,2092
2026-03-13,mu,무,고랭지(1개),채소류,국물,2087
2026-03-16,mu,무,고랭지(1개),채소류,국물,2084
2026-03-17,mu,무,고랭지(1개),채소류,국물,2080
2026-03-18,mu,무,고랭지(1개),채소류,국물,2083
2026-03-19,mu,무,고랭지(1개),채소류,국물,1959
2026-03-20,mu,무,고랭지(1개),채소류,국물,1944
2026-03-23,mu,무,고랭지(1개),채소류,국물,1943
2026-03-24,mu,무,고랭지(1개),채소류,국물,1922
2026-03-25,mu,무,고랭지(1개),채소류,국물,1929
2026-03-26,mu,무,고랭지(1개),채소류,국물,1866
2026-03-27,mu,무,고랭지(1개),채소류,국물,1847
2026-03-30,mu,무,고랭지(1개),채소류,국물,1859
2026-03-31,mu,무,고랭지(1개),채소류,국물,1826
2026-04-01,mu,무,고랭지(1개),채소류,국물,1825
2026-04-02,mu,무,고랭지(1개),채소류,국물,1816
2026-04-03,mu,무,고랭지(1개),채소류,국물,1780
2026-04-06,mu,무,고랭지(1개),채소류,국물,1794
2026-04-07,mu,무,고랭지(1개),채소류,국물,1798
2026-04-08,mu,무,고랭지(1개),채소류,국물,1799
2026-04-09,mu,무,고랭지(1개),채소류,국물,1735
2026-04-10,mu,무,고랭지(1개),채소류,국물,1876
2026-04-13,mu,무,고랭지(1개),채소류,국물,1903
2026-04-14,mu,무,고랭지(1개),채소류,국물,1940
2026-04-15,mu,무,고랭지(1개),채소류,국물,1959
2026-04-16,mu,무,고랭지(1개),채소류,국물,1893
2026-04-17,mu,무,고랭지(1개),채소류,국물,1876
2026-04-20,mu,무,고랭지(1개),채소류,국물,1876
2026-04-21,mu,무,고랭지(1개),채소류,국물,1943
2026-04-22,mu,무,고랭지(1개),채소류,국물,1958
2026-04-23,mu,무,고랭지(1개),채소류,국물,2058
2026-04-24,mu,무,고랭지(1개),채소류,국물,2050
2026-04-27,mu,무,고랭지(1개),채소류,국물,2036
2026-04-28,mu,무,고랭지(1개),채소류,국물,2051
2026-04-29,mu,무,고랭지(1개),채소류,국물,2041
2026-04-30,mu,무,고랭지(1개),채소류,국물,1983
2026-05-04,mu,무,고랭지(1개),채소류,국물,1851
2026-05-06,mu,무,고랭지(1개),채소류,국물,1896
2026-05-07,mu,무,고랭지(1개),채소류,국물,2162
2026-05-08,mu,무,고랭지(1개),채소류,국물,2180
2026-05-11,mu,무,고랭지(1개),채소류,국물,2206
2026-05-12,mu,무,고랭지(1개),채소류,국물,2192
2026-05-13,mu,무,고랭지(1개),채소류,국물,2167
2026-05-14,mu,무,고랭지(1개),채소류,국물,2256
2026-05-15,mu,무,고랭지(1개),채소류,국물,2235
2026-05-18,mu,무,고랭지(1개),채소류,국물,2169
2026-05-19,mu,무,고랭지(1개),채소류,국물,2184
2026-05-20,mu,무,고랭지(1개),채소류,국물,2192
2026-05-21,mu,무,고랭지(1개),채소류,국물,2063
2026-05-22,mu,무,고랭지(1개),채소류,국물,2041
2026-05-26,mu,무,고랭지(1개),채소류,국물,2002
2026-05-27,mu,무,고랭지(1개),채소류,국물,2025
2026-05-28,mu,무,고랭지(1개),채소류,국물,2026
2026-05-29,mu,무,고랭지(1개),채소류,국물,2002
2026-06-01,mu,무,고랭지(1개),채소류,국물,1987
2026-06-02,mu,무,고랭지(1개),채소류,국물,1994
2026-06-04,mu,무,고랭지(1개),채소류,국물,1921
2026-06-05,mu,무,고랭지(1개),채소류,국물,1927
2026-06-08,mu,무,고랭지(1개),채소류,국물,1956
2026-06-09,mu,무,고랭지(1개),채소류,국물,1957
2026-06-10,mu,무,고랭지(1개),채소류,국물,1930
2026-06-11,mu,무,고랭지(1개),채소류,국물,1947
2026-06-12,mu,무,고랭지(1개),채소류,국물,1931
2026-06-15,mu,무,고랭지(1개),채소류,국물,1879
2026-06-16,mu,무,고랭지(1개),채소류,국물,1874
2026-06-17,mu,무,고랭지(1개),채소류,국물,1888
2026-06-18,mu,무,고랭지(1개),채소류,국물,1952
2026-06-19,mu,무,고랭지(1개),채소류,국물,1965
2026-06-22,mu,무,고랭지(1개),채소류,국물,1961
2026-06-23,mu,무,고랭지(1개),채소류,국물,1931
2026-06-24,mu,무,고랭지(1개),채소류,국물,1939
2026-06-25,mu,무,고랭지(1개),채소류,국물,1966
2026-06-26,mu,무,고랭지(1개),채소류,국물,1974
2026-06-29,mu,무,고랭지(1개),채소류,국물,1993
2026-06-30,mu,무,고랭지(1개),채소류,국물,2001
2026-07-01,mu,무,고랭지(1개),채소류,국물,2013
2026-07-02,mu,무,고랭지(1개),채소류,국물,1830
2026-07-03,mu,무,고랭지(1개),채소류,국물,1801
2026-07-06,mu,무,고랭지(1개),채소류,국물,1804
2026-07-07,mu,무,고랭지(1개),채소류,국물,1832
2026-07-08,mu,무,고랭지(1개),채소류,국물,1859
2026-07-09,mu,무,고랭지(1개),채소류,국물,2073
2026-07-10,mu,무,고랭지(1개),채소류,국물,2029
2026-07-13,mu,무,고랭지(1개),채소류,국물,2042
2026-07-14,mu,무,고랭지(1개),채소류,국물,2054
2026-07-15,mu,무,고랭지(1개),채소류,국물,2058
2026-07-16,mu,무,고랭지(1개),채소류,국물,1979
2026-07-20,mu,무,고랭지(1개),채소류,국물,1957
2026-07-21,mu,무,고랭지(1개),채소류,국물,1942
2026-07-22,mu,무,고랭지(1개),채소류,국물,1919
2026-07-23,mu,무,고랭지(1개),채소류,국물,2048
2026-07-24,mu,무,고랭지(1개),채소류,국물,2025
2026-07-27,mu,무,고랭지(1개),채소류,국물,2026
2026-07-28,mu,무,고랭지(1개),채소류,국물,2059
2026-07-29,mu,무,고랭지(1개),채소류,국물,2058
2026-07-30,mu,무,고랭지(1개),채소류,국물,1890
2026-07-31,mu,무,고랭지(1개),채소류,국물,1867
2026-08-03,mu,무,고랭지(1개),채소류,국물,1879
2026-08-04,mu,무,고랭지(1개),채소류,국물,1873
2026-08-05,mu,무,고랭지(1개),채소류,국물,1874
2026-08-06,mu,무,고랭지(1개),채소류,국물,1897
2026-08-07,mu,무,고랭지(1개),채소류,국물,1875
2026-08-10,mu,무,고랭지(1개),채소류,국물,1917
2026-08-11,mu,무,고랭지(1개),채소류,국물,1955
2026-08-12,mu,무,고랭지(1개),채소류,국물,1991
2026-08-13,mu,무,고랭지(1개),채소류,국물,2133
2026-08-14,mu,무,고랭지(1개),채소류,국물,2197
2026-08-18,mu,무,고랭지(1개),채소류,국물,2198
2026-08-19,mu,무,고랭지(1개),채소류,국물,2199
2026-08-20,mu,무,고랭지(1개),채소류,국물,2446
2026-08-21,mu,무,고랭지(1개),채소류,국물,2459
2026-08-24,mu,무,고랭지(1개),채소류,국물,2454
2026-08-25,mu,무,고랭지(1개),채소류,국물,2453
2026-08-26,mu,무,고랭지(1개),채소류,국물,2454
2026-08-27,mu,무,고랭지(1개),채소류,국물,2488
2026-08-28,mu,무,고랭지(1개),채소류,국물,2482
2026-08-31,mu,무,고랭지(1개),채소류,국물,2492
2026-09-01,mu,무,고랭지(1개),채소류,국물,2500
2026-09-02,mu,무,고랭지(1개),채소류,국물,2514
2026-09-03,mu,무,고랭지(1개),채소류,국물,2387
2026-09-04,mu,무,고랭지(1개),채소류,국물,2406
2026-09-07,mu,무,고랭지(1개),채소류,국물,2410
2026-09-08,mu,무,고랭지(1개),채소류,국물,2413
2026-09-09,mu,무,고랭지(1개),채소류,국물,2400
2025-09-10,oi,오이,다다기계통(10개),채소류,반찬,12865
2025-09-10,oi,오이,다다기계통(10개),채소류,반찬,12865
2025-09-10,oi,오이,다다기계통(10개),채소류,반찬,12865
2025-09-10,oi,오이,다다기계통(10개),채소류,반찬,12865
2025-09-10,oi,오이,다다기계통(10개),채소류,반찬,12865
2025-09-10,oi,오이,다다기계통(10개),채소류,반찬,12865
2025-09-10,oi,오이,다다기계통(10개),채소류,반찬,12865
2025-09-11,oi,오이,다다기계통(10개),채소류,반찬,12779
2025-09-11,oi,오이,다다기계통(10개),채소류,반찬,12779
2025-09-11,oi,오이,다다기계통(10개),채소류,반찬,12779
2025-09-11,oi,오이,다다기계통(10개),채소류,반찬,12779
2025-09-11,oi,오이,다다기계통(10개),채소류,반찬,12779
2025-09-11,oi,오이,다다기계통(10개),채소류,반찬,12779
2025-09-11,oi,오이,다다기계통(10개),채소류,반찬,12779
2025-09-12,oi,오이,다다기계통(10개),채소류,반찬,12712
2025-09-12,oi,오이,다다기계통(10개),채소류,반찬,12712
2025-09-12,oi,오이,다다기계통(10개),채소류,반찬,12712
2025-09-12,oi,오이,다다기계통(10개),채소류,반찬,12712
2025-09-12,oi,오이,다다기계통(10개),채소류,반찬,12712
2025-09-12,oi,오이,다다기계통(10개),채소류,반찬,12712
2025-09-12,oi,오이,다다기계통(10개),채소류,반찬,12712
2025-09-15,oi,오이,다다기계통(10개),채소류,반찬,12932
2025-09-15,oi,오이,다다기계통(10개),채소류,반찬,12932
2025-09-15,oi,오이,다다기계통(10개),채소류,반찬,12932
2025-09-15,oi,오이,다다기계통(10개),채소류,반찬,12932
2025-09-15,oi,오이,다다기계통(10개),채소류,반찬,12932
2025-09-15,oi,오이,다다기계통(10개),채소류,반찬,12932
2025-09-15,oi,오이,다다기계통(10개),채소류,반찬,12932
2025-09-16,oi,오이,다다기계통(10개),채소류,반찬,12799
2025-09-16,oi,오이,다다기계통(10개),채소류,반찬,12799
2025-09-16,oi,오이,다다기계통(10개),채소류,반찬,12799
2025-09-16,oi,오이,다다기계통(10개),채소류,반찬,12799
2025-09-16,oi,오이,다다기계통(10개),채소류,반찬,12799
2025-09-16,oi,오이,다다기계통(10개),채소류,반찬,12799
2025-09-16,oi,오이,다다기계통(10개),채소류,반찬,12799
2025-09-17,oi,오이,다다기계통(10개),채소류,반찬,12853
2025-09-17,oi,오이,다다기계통(10개),채소류,반찬,12853
2025-09-17,oi,오이,다다기계통(10개),채소류,반찬,12853
2025-09-17,oi,오이,다다기계통(10개),채소류,반찬,12853
2025-09-17,oi,오이,다다기계통(10개),채소류,반찬,12853
2025-09-17,oi,오이,다다기계통(10개),채소류,반찬,12853
2025-09-17,oi,오이,다다기계통(10개),채소류,반찬,12853
2025-09-18,oi,오이,다다기계통(10개),채소류,반찬,12641
2025-09-18,oi,오이,다다기계통(10개),채소류,반찬,12641
2025-09-18,oi,오이,다다기계통(10개),채소류,반찬,12641
2025-09-18,oi,오이,다다기계통(10개),채소류,반찬,12641
2025-09-18,oi,오이,다다기계통(10개),채소류,반찬,12641
2025-09-18,oi,오이,다다기계통(10개),채소류,반찬,12641
2025-09-18,oi,오이,다다기계통(10개),채소류,반찬,12641
2025-09-19,oi,오이,다다기계통(10개),채소류,반찬,12476
2025-09-19,oi,오이,다다기계통(10개),채소류,반찬,12476
2025-09-19,oi,오이,다다기계통(10개),채소류,반찬,12476
2025-09-19,oi,오이,다다기계통(10개),채소류,반찬,12476
2025-09-19,oi,오이,다다기계통(10개),채소류,반찬,12476
2025-09-19,oi,오이,다다기계통(10개),채소류,반찬,12476
2025-09-19,oi,오이,다다기계통(10개),채소류,반찬,12476
2025-09-22,oi,오이,다다기계통(10개),채소류,반찬,12323
2025-09-22,oi,오이,다다기계통(10개),채소류,반찬,12323
2025-09-22,oi,오이,다다기계통(10개),채소류,반찬,12323
2025-09-22,oi,오이,다다기계통(10개),채소류,반찬,12323
2025-09-22,oi,오이,다다기계통(10개),채소류,반찬,12323
2025-09-22,oi,오이,다다기계통(10개),채소류,반찬,12323
2025-09-22,oi,오이,다다기계통(10개),채소류,반찬,12323
2025-09-23,oi,오이,다다기계통(10개),채소류,반찬,12251
2025-09-23,oi,오이,다다기계통(10개),채소류,반찬,12251
2025-09-23,oi,오이,다다기계통(10개),채소류,반찬,12251
2025-09-23,oi,오이,다다기계통(10개),채소류,반찬,12251
2025-09-23,oi,오이,다다기계통(10개),채소류,반찬,12251
2025-09-23,oi,오이,다다기계통(10개),채소류,반찬,12251
2025-09-23,oi,오이,다다기계통(10개),채소류,반찬,12251
2025-09-24,oi,오이,다다기계통(10개),채소류,반찬,12327
2025-09-24,oi,오이,다다기계통(10개),채소류,반찬,12327
2025-09-24,oi,오이,다다기계통(10개),채소류,반찬,12327
2025-09-24,oi,오이,다다기계통(10개),채소류,반찬,12327
2025-09-24,oi,오이,다다기계통(10개),채소류,반찬,12327
2025-09-24,oi,오이,다다기계통(10개),채소류,반찬,12327
2025-09-24,oi,오이,다다기계통(10개),채소류,반찬,12327
2025-09-25,oi,오이,다다기계통(10개),채소류,반찬,11475
2025-09-25,oi,오이,다다기계통(10개),채소류,반찬,11475
2025-09-25,oi,오이,다다기계통(10개),채소류,반찬,11475
2025-09-25,oi,오이,다다기계통(10개),채소류,반찬,11475
2025-09-25,oi,오이,다다기계통(10개),채소류,반찬,11475
2025-09-25,oi,오이,다다기계통(10개),채소류,반찬,11475
2025-09-25,oi,오이,다다기계통(10개),채소류,반찬,11475
2025-09-26,oi,오이,다다기계통(10개),채소류,반찬,11674
2025-09-26,oi,오이,다다기계통(10개),채소류,반찬,11674
2025-09-26,oi,오이,다다기계통(10개),채소류,반찬,11674
2025-09-26,oi,오이,다다기계통(10개),채소류,반찬,11674
2025-09-26,oi,오이,다다기계통(10개),채소류,반찬,11674
2025-09-26,oi,오이,다다기계통(10개),채소류,반찬,11674
2025-09-26,oi,오이,다다기계통(10개),채소류,반찬,11674
2025-09-29,oi,오이,다다기계통(10개),채소류,반찬,11946
2025-09-29,oi,오이,다다기계통(10개),채소류,반찬,11946
2025-09-29,oi,오이,다다기계통(10개),채소류,반찬,11946
2025-09-29,oi,오이,다다기계통(10개),채소류,반찬,11946
2025-09-29,oi,오이,다다기계통(10개),채소류,반찬,11946
2025-09-29,oi,오이,다다기계통(10개),채소류,반찬,11946
2025-09-29,oi,오이,다다기계통(10개),채소류,반찬,11946
2025-09-30,oi,오이,다다기계통(10개),채소류,반찬,12322
2025-09-30,oi,오이,다다기계통(10개),채소류,반찬,12322
2025-09-30,oi,오이,다다기계통(10개),채소류,반찬,12322
2025-09-30,oi,오이,다다기계통(10개),채소류,반찬,12322
2025-09-30,oi,오이,다다기계통(10개),채소류,반찬,12322
2025-09-30,oi,오이,다다기계통(10개),채소류,반찬,12322
2025-09-30,oi,오이,다다기계통(10개),채소류,반찬,12322
2025-10-01,oi,오이,다다기계통(10개),채소류,반찬,12771
2025-10-01,oi,오이,다다기계통(10개),채소류,반찬,12771
2025-10-01,oi,오이,다다기계통(10개),채소류,반찬,12771
2025-10-01,oi,오이,다다기계통(10개),채소류,반찬,12771
2025-10-01,oi,오이,다다기계통(10개),채소류,반찬,12771
2025-10-01,oi,오이,다다기계통(10개),채소류,반찬,12771
2025-10-01,oi,오이,다다기계통(10개),채소류,반찬,12771
2025-10-02,oi,오이,다다기계통(10개),채소류,반찬,12826
2025-10-02,oi,오이,다다기계통(10개),채소류,반찬,12826
2025-10-02,oi,오이,다다기계통(10개),채소류,반찬,12826
2025-10-02,oi,오이,다다기계통(10개),채소류,반찬,12826
2025-10-02,oi,오이,다다기계통(10개),채소류,반찬,12826
2025-10-02,oi,오이,다다기계통(10개),채소류,반찬,12826
2025-10-02,oi,오이,다다기계통(10개),채소류,반찬,12826
2025-10-10,oi,오이,다다기계통(10개),채소류,반찬,11437
2025-10-10,oi,오이,다다기계통(10개),채소류,반찬,11437
2025-10-10,oi,오이,다다기계통(10개),채소류,반찬,11437
2025-10-10,oi,오이,다다기계통(10개),채소류,반찬,11437
2025-10-10,oi,오이,다다기계통(10개),채소류,반찬,11437
2025-10-10,oi,오이,다다기계통(10개),채소류,반찬,11437
2025-10-10,oi,오이,다다기계통(10개),채소류,반찬,11437
2025-10-13,oi,오이,다다기계통(10개),채소류,반찬,11361
2025-10-13,oi,오이,다다기계통(10개),채소류,반찬,11361
2025-10-13,oi,오이,다다기계통(10개),채소류,반찬,11361
2025-10-13,oi,오이,다다기계통(10개),채소류,반찬,11361
2025-10-13,oi,오이,다다기계통(10개),채소류,반찬,11361
2025-10-13,oi,오이,다다기계통(10개),채소류,반찬,11361
2025-10-13,oi,오이,다다기계통(10개),채소류,반찬,11361
2025-10-14,oi,오이,다다기계통(10개),채소류,반찬,11312
2025-10-14,oi,오이,다다기계통(10개),채소류,반찬,11312
2025-10-14,oi,오이,다다기계통(10개),채소류,반찬,11312
2025-10-14,oi,오이,다다기계통(10개),채소류,반찬,11312
2025-10-14,oi,오이,다다기계통(10개),채소류,반찬,11312
2025-10-14,oi,오이,다다기계통(10개),채소류,반찬,11312
2025-10-14,oi,오이,다다기계통(10개),채소류,반찬,11312
2025-10-15,oi,오이,다다기계통(10개),채소류,반찬,11205
2025-10-15,oi,오이,다다기계통(10개),채소류,반찬,11205
2025-10-15,oi,오이,다다기계통(10개),채소류,반찬,11205
2025-10-15,oi,오이,다다기계통(10개),채소류,반찬,11205
2025-10-15,oi,오이,다다기계통(10개),채소류,반찬,11205
2025-10-15,oi,오이,다다기계통(10개),채소류,반찬,11205
2025-10-15,oi,오이,다다기계통(10개),채소류,반찬,11205
2025-10-16,oi,오이,다다기계통(10개),채소류,반찬,11201
2025-10-16,oi,오이,다다기계통(10개),채소류,반찬,11201
2025-10-16,oi,오이,다다기계통(10개),채소류,반찬,11201
2025-10-16,oi,오이,다다기계통(10개),채소류,반찬,11201
2025-10-16,oi,오이,다다기계통(10개),채소류,반찬,11201
2025-10-16,oi,오이,다다기계통(10개),채소류,반찬,11201
2025-10-16,oi,오이,다다기계통(10개),채소류,반찬,11201
2025-10-17,oi,오이,다다기계통(10개),채소류,반찬,11124
2025-10-17,oi,오이,다다기계통(10개),채소류,반찬,11124
2025-10-17,oi,오이,다다기계통(10개),채소류,반찬,11124
2025-10-17,oi,오이,다다기계통(10개),채소류,반찬,11124
2025-10-17,oi,오이,다다기계통(10개),채소류,반찬,11124
2025-10-17,oi,오이,다다기계통(10개),채소류,반찬,11124
2025-10-17,oi,오이,다다기계통(10개),채소류,반찬,11124
2025-10-20,oi,오이,다다기계통(10개),채소류,반찬,11389
2025-10-20,oi,오이,다다기계통(10개),채소류,반찬,11389
2025-10-20,oi,오이,다다기계통(10개),채소류,반찬,11389
2025-10-20,oi,오이,다다기계통(10개),채소류,반찬,11389
2025-10-20,oi,오이,다다기계통(10개),채소류,반찬,11389
2025-10-20,oi,오이,다다기계통(10개),채소류,반찬,11389
2025-10-20,oi,오이,다다기계통(10개),채소류,반찬,11389
2025-10-21,oi,오이,다다기계통(10개),채소류,반찬,11607
2025-10-21,oi,오이,다다기계통(10개),채소류,반찬,11607
2025-10-21,oi,오이,다다기계통(10개),채소류,반찬,11607
2025-10-21,oi,오이,다다기계통(10개),채소류,반찬,11607
2025-10-21,oi,오이,다다기계통(10개),채소류,반찬,11607
2025-10-21,oi,오이,다다기계통(10개),채소류,반찬,11607
2025-10-21,oi,오이,다다기계통(10개),채소류,반찬,11607
2025-10-22,oi,오이,다다기계통(10개),채소류,반찬,11788
2025-10-22,oi,오이,다다기계통(10개),채소류,반찬,11788
2025-10-22,oi,오이,다다기계통(10개),채소류,반찬,11788
2025-10-22,oi,오이,다다기계통(10개),채소류,반찬,11788
2025-10-22,oi,오이,다다기계통(10개),채소류,반찬,11788
2025-10-22,oi,오이,다다기계통(10개),채소류,반찬,11788
2025-10-22,oi,오이,다다기계통(10개),채소류,반찬,11788
2025-10-23,oi,오이,다다기계통(10개),채소류,반찬,12303
2025-10-23,oi,오이,다다기계통(10개),채소류,반찬,12303
2025-10-23,oi,오이,다다기계통(10개),채소류,반찬,12303
2025-10-23,oi,오이,다다기계통(10개),채소류,반찬,12303
2025-10-23,oi,오이,다다기계통(10개),채소류,반찬,12303
2025-10-23,oi,오이,다다기계통(10개),채소류,반찬,12303
2025-10-23,oi,오이,다다기계통(10개),채소류,반찬,12303
2025-10-24,oi,오이,다다기계통(10개),채소류,반찬,12574
2025-10-24,oi,오이,다다기계통(10개),채소류,반찬,12574
2025-10-24,oi,오이,다다기계통(10개),채소류,반찬,12574
2025-10-24,oi,오이,다다기계통(10개),채소류,반찬,12574
2025-10-24,oi,오이,다다기계통(10개),채소류,반찬,12574
2025-10-24,oi,오이,다다기계통(10개),채소류,반찬,12574
2025-10-24,oi,오이,다다기계통(10개),채소류,반찬,12574
2025-10-27,oi,오이,다다기계통(10개),채소류,반찬,12999
2025-10-27,oi,오이,다다기계통(10개),채소류,반찬,12999
2025-10-27,oi,오이,다다기계통(10개),채소류,반찬,12999
2025-10-27,oi,오이,다다기계통(10개),채소류,반찬,12999
2025-10-27,oi,오이,다다기계통(10개),채소류,반찬,12999
2025-10-27,oi,오이,다다기계통(10개),채소류,반찬,12999
2025-10-27,oi,오이,다다기계통(10개),채소류,반찬,12999
2025-10-28,oi,오이,다다기계통(10개),채소류,반찬,13072
2025-10-28,oi,오이,다다기계통(10개),채소류,반찬,13072
2025-10-28,oi,오이,다다기계통(10개),채소류,반찬,13072
2025-10-28,oi,오이,다다기계통(10개),채소류,반찬,13072
2025-10-28,oi,오이,다다기계통(10개),채소류,반찬,13072
2025-10-28,oi,오이,다다기계통(10개),채소류,반찬,13072
2025-10-28,oi,오이,다다기계통(10개),채소류,반찬,13072
2025-10-29,oi,오이,다다기계통(10개),채소류,반찬,12802
2025-10-29,oi,오이,다다기계통(10개),채소류,반찬,12802
2025-10-29,oi,오이,다다기계통(10개),채소류,반찬,12802
2025-10-29,oi,오이,다다기계통(10개),채소류,반찬,12802
2025-10-29,oi,오이,다다기계통(10개),채소류,반찬,12802
2025-10-29,oi,오이,다다기계통(10개),채소류,반찬,12802
2025-10-29,oi,오이,다다기계통(10개),채소류,반찬,12802
2025-10-30,oi,오이,다다기계통(10개),채소류,반찬,12960
2025-10-30,oi,오이,다다기계통(10개),채소류,반찬,12960
2025-10-30,oi,오이,다다기계통(10개),채소류,반찬,12960
2025-10-30,oi,오이,다다기계통(10개),채소류,반찬,12960
2025-10-30,oi,오이,다다기계통(10개),채소류,반찬,12960
2025-10-30,oi,오이,다다기계통(10개),채소류,반찬,12960
2025-10-30,oi,오이,다다기계통(10개),채소류,반찬,12960
2025-10-31,oi,오이,다다기계통(10개),채소류,반찬,12856
2025-10-31,oi,오이,다다기계통(10개),채소류,반찬,12856
2025-10-31,oi,오이,다다기계통(10개),채소류,반찬,12856
2025-10-31,oi,오이,다다기계통(10개),채소류,반찬,12856
2025-10-31,oi,오이,다다기계통(10개),채소류,반찬,12856
2025-10-31,oi,오이,다다기계통(10개),채소류,반찬,12856
2025-10-31,oi,오이,다다기계통(10개),채소류,반찬,12856
2025-11-03,oi,오이,다다기계통(10개),채소류,반찬,12655
2025-11-03,oi,오이,다다기계통(10개),채소류,반찬,12655
2025-11-03,oi,오이,다다기계통(10개),채소류,반찬,12655
2025-11-03,oi,오이,다다기계통(10개),채소류,반찬,12655
2025-11-03,oi,오이,다다기계통(10개),채소류,반찬,12655
2025-11-03,oi,오이,다다기계통(10개),채소류,반찬,12655
2025-11-03,oi,오이,다다기계통(10개),채소류,반찬,12655
2025-11-04,oi,오이,다다기계통(10개),채소류,반찬,12516
2025-11-04,oi,오이,다다기계통(10개),채소류,반찬,12516
2025-11-04,oi,오이,다다기계통(10개),채소류,반찬,12516
2025-11-04,oi,오이,다다기계통(10개),채소류,반찬,12516
2025-11-04,oi,오이,다다기계통(10개),채소류,반찬,12516
2025-11-04,oi,오이,다다기계통(10개),채소류,반찬,12516
2025-11-04,oi,오이,다다기계통(10개),채소류,반찬,12516
2025-11-05,oi,오이,다다기계통(10개),채소류,반찬,12586
2025-11-05,oi,오이,다다기계통(10개),채소류,반찬,12586
2025-11-05,oi,오이,다다기계통(10개),채소류,반찬,12586
2025-11-05,oi,오이,다다기계통(10개),채소류,반찬,12586
2025-11-05,oi,오이,다다기계통(10개),채소류,반찬,12586
2025-11-05,oi,오이,다다기계통(10개),채소류,반찬,12586
2025-11-05,oi,오이,다다기계통(10개),채소류,반찬,12586
2025-11-06,oi,오이,다다기계통(10개),채소류,반찬,11908
2025-11-06,oi,오이,다다기계통(10개),채소류,반찬,11908
2025-11-06,oi,오이,다다기계통(10개),채소류,반찬,11908
2025-11-06,oi,오이,다다기계통(10개),채소류,반찬,11908
2025-11-06,oi,오이,다다기계통(10개),채소류,반찬,11908
2025-11-06,oi,오이,다다기계통(10개),채소류,반찬,11908
2025-11-06,oi,오이,다다기계통(10개),채소류,반찬,11908
2025-11-07,oi,오이,다다기계통(10개),채소류,반찬,11952
2025-11-07,oi,오이,다다기계통(10개),채소류,반찬,11952
2025-11-07,oi,오이,다다기계통(10개),채소류,반찬,11952
2025-11-07,oi,오이,다다기계통(10개),채소류,반찬,11952
2025-11-07,oi,오이,다다기계통(10개),채소류,반찬,11952
2025-11-07,oi,오이,다다기계통(10개),채소류,반찬,11952
2025-11-07,oi,오이,다다기계통(10개),채소류,반찬,11952
2025-11-10,oi,오이,다다기계통(10개),채소류,반찬,11855
2025-11-10,oi,오이,다다기계통(10개),채소류,반찬,11855
2025-11-10,oi,오이,다다기계통(10개),채소류,반찬,11855
2025-11-10,oi,오이,다다기계통(10개),채소류,반찬,11855
2025-11-10,oi,오이,다다기계통(10개),채소류,반찬,11855
2025-11-10,oi,오이,다다기계통(10개),채소류,반찬,11855
2025-11-10,oi,오이,다다기계통(10개),채소류,반찬,11855
2025-11-11,oi,오이,다다기계통(10개),채소류,반찬,11779
2025-11-11,oi,오이,다다기계통(10개),채소류,반찬,11779
2025-11-11,oi,오이,다다기계통(10개),채소류,반찬,11779
2025-11-11,oi,오이,다다기계통(10개),채소류,반찬,11779
2025-11-11,oi,오이,다다기계통(10개),채소류,반찬,11779
2025-11-11,oi,오이,다다기계통(10개),채소류,반찬,11779
2025-11-11,oi,오이,다다기계통(10개),채소류,반찬,11779
2025-11-12,oi,오이,다다기계통(10개),채소류,반찬,11748
2025-11-12,oi,오이,다다기계통(10개),채소류,반찬,11748
2025-11-12,oi,오이,다다기계통(10개),채소류,반찬,11748
2025-11-12,oi,오이,다다기계통(10개),채소류,반찬,11748
2025-11-12,oi,오이,다다기계통(10개),채소류,반찬,11748
2025-11-12,oi,오이,다다기계통(10개),채소류,반찬,11748
2025-11-12,oi,오이,다다기계통(10개),채소류,반찬,11748
2025-11-13,oi,오이,다다기계통(10개),채소류,반찬,11236
2025-11-13,oi,오이,다다기계통(10개),채소류,반찬,11236
2025-11-13,oi,오이,다다기계통(10개),채소류,반찬,11236
2025-11-13,oi,오이,다다기계통(10개),채소류,반찬,11236
2025-11-13,oi,오이,다다기계통(10개),채소류,반찬,11236
2025-11-13,oi,오이,다다기계통(10개),채소류,반찬,11236
2025-11-13,oi,오이,다다기계통(10개),채소류,반찬,11236
2025-11-14,oi,오이,다다기계통(10개),채소류,반찬,11140
2025-11-14,oi,오이,다다기계통(10개),채소류,반찬,11140
2025-11-14,oi,오이,다다기계통(10개),채소류,반찬,11140
2025-11-14,oi,오이,다다기계통(10개),채소류,반찬,11140
2025-11-14,oi,오이,다다기계통(10개),채소류,반찬,11140
2025-11-14,oi,오이,다다기계통(10개),채소류,반찬,11140
2025-11-14,oi,오이,다다기계통(10개),채소류,반찬,11140
2025-11-17,oi,오이,다다기계통(10개),채소류,반찬,11276
2025-11-17,oi,오이,다다기계통(10개),채소류,반찬,11276
2025-11-17,oi,오이,다다기계통(10개),채소류,반찬,11276
2025-11-17,oi,오이,다다기계통(10개),채소류,반찬,11276
2025-11-17,oi,오이,다다기계통(10개),채소류,반찬,11276
2025-11-17,oi,오이,다다기계통(10개),채소류,반찬,11276
2025-11-17,oi,오이,다다기계통(10개),채소류,반찬,11276
2025-11-18,oi,오이,다다기계통(10개),채소류,반찬,11427
2025-11-18,oi,오이,다다기계통(10개),채소류,반찬,11427
2025-11-18,oi,오이,다다기계통(10개),채소류,반찬,11427
2025-11-18,oi,오이,다다기계통(10개),채소류,반찬,11427
2025-11-18,oi,오이,다다기계통(10개),채소류,반찬,11427
2025-11-18,oi,오이,다다기계통(10개),채소류,반찬,11427
2025-11-18,oi,오이,다다기계통(10개),채소류,반찬,11427
2025-11-19,oi,오이,다다기계통(10개),채소류,반찬,11438
2025-11-19,oi,오이,다다기계통(10개),채소류,반찬,11438
2025-11-19,oi,오이,다다기계통(10개),채소류,반찬,11438
2025-11-19,oi,오이,다다기계통(10개),채소류,반찬,11438
2025-11-19,oi,오이,다다기계통(10개),채소류,반찬,11438
2025-11-19,oi,오이,다다기계통(10개),채소류,반찬,11438
2025-11-19,oi,오이,다다기계통(10개),채소류,반찬,11438
2025-11-20,oi,오이,다다기계통(10개),채소류,반찬,12127
2025-11-20,oi,오이,다다기계통(10개),채소류,반찬,12127
2025-11-20,oi,오이,다다기계통(10개),채소류,반찬,12127
2025-11-20,oi,오이,다다기계통(10개),채소류,반찬,12127
2025-11-20,oi,오이,다다기계통(10개),채소류,반찬,12127
2025-11-20,oi,오이,다다기계통(10개),채소류,반찬,12127
2025-11-20,oi,오이,다다기계통(10개),채소류,반찬,12127
2025-11-21,oi,오이,다다기계통(10개),채소류,반찬,12175
2025-11-21,oi,오이,다다기계통(10개),채소류,반찬,12175
2025-11-21,oi,오이,다다기계통(10개),채소류,반찬,12175
2025-11-21,oi,오이,다다기계통(10개),채소류,반찬,12175
2025-11-21,oi,오이,다다기계통(10개),채소류,반찬,12175
2025-11-21,oi,오이,다다기계통(10개),채소류,반찬,12175
2025-11-21,oi,오이,다다기계통(10개),채소류,반찬,12175
2025-11-24,oi,오이,다다기계통(10개),채소류,반찬,12168
2025-11-24,oi,오이,다다기계통(10개),채소류,반찬,12168
2025-11-24,oi,오이,다다기계통(10개),채소류,반찬,12168
2025-11-24,oi,오이,다다기계통(10개),채소류,반찬,12168
2025-11-24,oi,오이,다다기계통(10개),채소류,반찬,12168
2025-11-24,oi,오이,다다기계통(10개),채소류,반찬,12168
2025-11-24,oi,오이,다다기계통(10개),채소류,반찬,12168
2025-11-25,oi,오이,다다기계통(10개),채소류,반찬,12028
2025-11-25,oi,오이,다다기계통(10개),채소류,반찬,12028
2025-11-25,oi,오이,다다기계통(10개),채소류,반찬,12028
2025-11-25,oi,오이,다다기계통(10개),채소류,반찬,12028
2025-11-25,oi,오이,다다기계통(10개),채소류,반찬,12028
2025-11-25,oi,오이,다다기계통(10개),채소류,반찬,12028
2025-11-25,oi,오이,다다기계통(10개),채소류,반찬,12028
2025-11-26,oi,오이,다다기계통(10개),채소류,반찬,12142
2025-11-26,oi,오이,다다기계통(10개),채소류,반찬,12142
2025-11-26,oi,오이,다다기계통(10개),채소류,반찬,12142
2025-11-26,oi,오이,다다기계통(10개),채소류,반찬,12142
2025-11-26,oi,오이,다다기계통(10개),채소류,반찬,12142
2025-11-26,oi,오이,다다기계통(10개),채소류,반찬,12142
2025-11-26,oi,오이,다다기계통(10개),채소류,반찬,12142
2025-11-27,oi,오이,다다기계통(10개),채소류,반찬,12350
2025-11-27,oi,오이,다다기계통(10개),채소류,반찬,12350
2025-11-27,oi,오이,다다기계통(10개),채소류,반찬,12350
2025-11-27,oi,오이,다다기계통(10개),채소류,반찬,12350
2025-11-27,oi,오이,다다기계통(10개),채소류,반찬,12350
2025-11-27,oi,오이,다다기계통(10개),채소류,반찬,12350
2025-11-27,oi,오이,다다기계통(10개),채소류,반찬,12350
2025-11-28,oi,오이,다다기계통(10개),채소류,반찬,12246
2025-11-28,oi,오이,다다기계통(10개),채소류,반찬,12246
2025-11-28,oi,오이,다다기계통(10개),채소류,반찬,12246
2025-11-28,oi,오이,다다기계통(10개),채소류,반찬,12246
2025-11-28,oi,오이,다다기계통(10개),채소류,반찬,12246
2025-11-28,oi,오이,다다기계통(10개),채소류,반찬,12246
2025-11-28,oi,오이,다다기계통(10개),채소류,반찬,12246
2025-12-01,oi,오이,다다기계통(10개),채소류,반찬,12377
2025-12-01,oi,오이,다다기계통(10개),채소류,반찬,12377
2025-12-01,oi,오이,다다기계통(10개),채소류,반찬,12377
2025-12-01,oi,오이,다다기계통(10개),채소류,반찬,12377
2025-12-01,oi,오이,다다기계통(10개),채소류,반찬,12377
2025-12-01,oi,오이,다다기계통(10개),채소류,반찬,12377
2025-12-01,oi,오이,다다기계통(10개),채소류,반찬,12377
2025-12-02,oi,오이,다다기계통(10개),채소류,반찬,12448
2025-12-02,oi,오이,다다기계통(10개),채소류,반찬,12448
2025-12-02,oi,오이,다다기계통(10개),채소류,반찬,12448
2025-12-02,oi,오이,다다기계통(10개),채소류,반찬,12448
2025-12-02,oi,오이,다다기계통(10개),채소류,반찬,12448
2025-12-02,oi,오이,다다기계통(10개),채소류,반찬,12448
2025-12-02,oi,오이,다다기계통(10개),채소류,반찬,12448
2025-12-03,oi,오이,다다기계통(10개),채소류,반찬,12605
2025-12-03,oi,오이,다다기계통(10개),채소류,반찬,12605
2025-12-03,oi,오이,다다기계통(10개),채소류,반찬,12605
2025-12-03,oi,오이,다다기계통(10개),채소류,반찬,12605
2025-12-03,oi,오이,다다기계통(10개),채소류,반찬,12605
2025-12-03,oi,오이,다다기계통(10개),채소류,반찬,12605
2025-12-03,oi,오이,다다기계통(10개),채소류,반찬,12605
2025-12-04,oi,오이,다다기계통(10개),채소류,반찬,12286
2025-12-04,oi,오이,다다기계통(10개),채소류,반찬,12286
2025-12-04,oi,오이,다다기계통(10개),채소류,반찬,12286
2025-12-04,oi,오이,다다기계통(10개),채소류,반찬,12286
2025-12-04,oi,오이,다다기계통(10개),채소류,반찬,12286
2025-12-04,oi,오이,다다기계통(10개),채소류,반찬,12286
2025-12-04,oi,오이,다다기계통(10개),채소류,반찬,12286
2025-12-08,oi,오이,다다기계통(10개),채소류,반찬,12515
2025-12-08,oi,오이,다다기계통(10개),채소류,반찬,12515
2025-12-08,oi,오이,다다기계통(10개),채소류,반찬,12515
2025-12-08,oi,오이,다다기계통(10개),채소류,반찬,12515
2025-12-08,oi,오이,다다기계통(10개),채소류,반찬,12515
2025-12-08,oi,오이,다다기계통(10개),채소류,반찬,12515
2025-12-08,oi,오이,다다기계통(10개),채소류,반찬,12515
2025-12-09,oi,오이,다다기계통(10개),채소류,반찬,12579
2025-12-09,oi,오이,다다기계통(10개),채소류,반찬,12579
2025-12-09,oi,오이,다다기계통(10개),채소류,반찬,12579
2025-12-09,oi,오이,다다기계통(10개),채소류,반찬,12579
2025-12-09,oi,오이,다다기계통(10개),채소류,반찬,12579
2025-12-09,oi,오이,다다기계통(10개),채소류,반찬,12579
2025-12-09,oi,오이,다다기계통(10개),채소류,반찬,12579
2025-12-10,oi,오이,다다기계통(10개),채소류,반찬,12634
2025-12-10,oi,오이,다다기계통(10개),채소류,반찬,12634
2025-12-10,oi,오이,다다기계통(10개),채소류,반찬,12634
2025-12-10,oi,오이,다다기계통(10개),채소류,반찬,12634
2025-12-10,oi,오이,다다기계통(10개),채소류,반찬,12634
2025-12-10,oi,오이,다다기계통(10개),채소류,반찬,12634
2025-12-10,oi,오이,다다기계통(10개),채소류,반찬,12634
2025-12-11,oi,오이,다다기계통(10개),채소류,반찬,12933
2025-12-11,oi,오이,다다기계통(10개),채소류,반찬,12933
2025-12-11,oi,오이,다다기계통(10개),채소류,반찬,12933
2025-12-11,oi,오이,다다기계통(10개),채소류,반찬,12933
2025-12-11,oi,오이,다다기계통(10개),채소류,반찬,12933
2025-12-11,oi,오이,다다기계통(10개),채소류,반찬,12933
2025-12-11,oi,오이,다다기계통(10개),채소류,반찬,12933
2025-12-12,oi,오이,다다기계통(10개),채소류,반찬,12965
2025-12-12,oi,오이,다다기계통(10개),채소류,반찬,12965
2025-12-12,oi,오이,다다기계통(10개),채소류,반찬,12965
2025-12-12,oi,오이,다다기계통(10개),채소류,반찬,12965
2025-12-12,oi,오이,다다기계통(10개),채소류,반찬,12965
2025-12-12,oi,오이,다다기계통(10개),채소류,반찬,12965
2025-12-12,oi,오이,다다기계통(10개),채소류,반찬,12965
2025-12-15,oi,오이,다다기계통(10개),채소류,반찬,12981
2025-12-15,oi,오이,다다기계통(10개),채소류,반찬,12981
2025-12-15,oi,오이,다다기계통(10개),채소류,반찬,12981
2025-12-15,oi,오이,다다기계통(10개),채소류,반찬,12981
2025-12-15,oi,오이,다다기계통(10개),채소류,반찬,12981
2025-12-15,oi,오이,다다기계통(10개),채소류,반찬,12981
2025-12-15,oi,오이,다다기계통(10개),채소류,반찬,12981
2025-12-16,oi,오이,다다기계통(10개),채소류,반찬,13031
2025-12-16,oi,오이,다다기계통(10개),채소류,반찬,13031
2025-12-16,oi,오이,다다기계통(10개),채소류,반찬,13031
2025-12-16,oi,오이,다다기계통(10개),채소류,반찬,13031
2025-12-16,oi,오이,다다기계통(10개),채소류,반찬,13031
2025-12-16,oi,오이,다다기계통(10개),채소류,반찬,13031
2025-12-16,oi,오이,다다기계통(10개),채소류,반찬,13031
2025-12-17,oi,오이,다다기계통(10개),채소류,반찬,12909
2025-12-17,oi,오이,다다기계통(10개),채소류,반찬,12909
2025-12-17,oi,오이,다다기계통(10개),채소류,반찬,12909
2025-12-17,oi,오이,다다기계통(10개),채소류,반찬,12909
2025-12-17,oi,오이,다다기계통(10개),채소류,반찬,12909
2025-12-17,oi,오이,다다기계통(10개),채소류,반찬,12909
2025-12-17,oi,오이,다다기계통(10개),채소류,반찬,12909
2025-12-18,oi,오이,다다기계통(10개),채소류,반찬,12398
2025-12-18,oi,오이,다다기계통(10개),채소류,반찬,12398
2025-12-18,oi,오이,다다기계통(10개),채소류,반찬,12398
2025-12-18,oi,오이,다다기계통(10개),채소류,반찬,12398
2025-12-18,oi,오이,다다기계통(10개),채소류,반찬,12398
2025-12-18,oi,오이,다다기계통(10개),채소류,반찬,12398
2025-12-18,oi,오이,다다기계통(10개),채소류,반찬,12398
2025-12-19,oi,오이,다다기계통(10개),채소류,반찬,12402
2025-12-19,oi,오이,다다기계통(10개),채소류,반찬,12402
2025-12-19,oi,오이,다다기계통(10개),채소류,반찬,12402
2025-12-19,oi,오이,다다기계통(10개),채소류,반찬,12402
2025-12-19,oi,오이,다다기계통(10개),채소류,반찬,12402
2025-12-19,oi,오이,다다기계통(10개),채소류,반찬,12402
2025-12-19,oi,오이,다다기계통(10개),채소류,반찬,12402
2025-12-22,oi,오이,다다기계통(10개),채소류,반찬,12425
2025-12-22,oi,오이,다다기계통(10개),채소류,반찬,12425
2025-12-22,oi,오이,다다기계통(10개),채소류,반찬,12425
2025-12-22,oi,오이,다다기계통(10개),채소류,반찬,12425
2025-12-22,oi,오이,다다기계통(10개),채소류,반찬,12425
2025-12-22,oi,오이,다다기계통(10개),채소류,반찬,12425
2025-12-22,oi,오이,다다기계통(10개),채소류,반찬,12425
2025-12-23,oi,오이,다다기계통(10개),채소류,반찬,12538
2025-12-23,oi,오이,다다기계통(10개),채소류,반찬,12538
2025-12-23,oi,오이,다다기계통(10개),채소류,반찬,12538
2025-12-23,oi,오이,다다기계통(10개),채소류,반찬,12538
2025-12-23,oi,오이,다다기계통(10개),채소류,반찬,12538
2025-12-23,oi,오이,다다기계통(10개),채소류,반찬,12538
2025-12-23,oi,오이,다다기계통(10개),채소류,반찬,12538
2025-12-24,oi,오이,다다기계통(10개),채소류,반찬,12654
2025-12-24,oi,오이,다다기계통(10개),채소류,반찬,12654
2025-12-24,oi,오이,다다기계통(10개),채소류,반찬,12654
2025-12-24,oi,오이,다다기계통(10개),채소류,반찬,12654
2025-12-24,oi,오이,다다기계통(10개),채소류,반찬,12654
2025-12-24,oi,오이,다다기계통(10개),채소류,반찬,12654
2025-12-24,oi,오이,다다기계통(10개),채소류,반찬,12654
2025-12-26,oi,오이,다다기계통(10개),채소류,반찬,12427
2025-12-26,oi,오이,다다기계통(10개),채소류,반찬,12427
2025-12-26,oi,오이,다다기계통(10개),채소류,반찬,12427
2025-12-26,oi,오이,다다기계통(10개),채소류,반찬,12427
2025-12-26,oi,오이,다다기계통(10개),채소류,반찬,12427
2025-12-26,oi,오이,다다기계통(10개),채소류,반찬,12427
2025-12-26,oi,오이,다다기계통(10개),채소류,반찬,12427
2025-12-29,oi,오이,다다기계통(10개),채소류,반찬,12682
2025-12-29,oi,오이,다다기계통(10개),채소류,반찬,12682
2025-12-29,oi,오이,다다기계통(10개),채소류,반찬,12682
2025-12-29,oi,오이,다다기계통(10개),채소류,반찬,12682
2025-12-29,oi,오이,다다기계통(10개),채소류,반찬,12682
2025-12-29,oi,오이,다다기계통(10개),채소류,반찬,12682
2025-12-29,oi,오이,다다기계통(10개),채소류,반찬,12682
2025-12-30,oi,오이,다다기계통(10개),채소류,반찬,12823
2025-12-30,oi,오이,다다기계통(10개),채소류,반찬,12823
2025-12-30,oi,오이,다다기계통(10개),채소류,반찬,12823
2025-12-30,oi,오이,다다기계통(10개),채소류,반찬,12823
2025-12-30,oi,오이,다다기계통(10개),채소류,반찬,12823
2025-12-30,oi,오이,다다기계통(10개),채소류,반찬,12823
2025-12-30,oi,오이,다다기계통(10개),채소류,반찬,12823
2025-12-31,oi,오이,다다기계통(10개),채소류,반찬,13521
2025-12-31,oi,오이,다다기계통(10개),채소류,반찬,13521
2025-12-31,oi,오이,다다기계통(10개),채소류,반찬,13521
2025-12-31,oi,오이,다다기계통(10개),채소류,반찬,13521
2025-12-31,oi,오이,다다기계통(10개),채소류,반찬,13521
2025-12-31,oi,오이,다다기계통(10개),채소류,반찬,13521
2025-12-31,oi,오이,다다기계통(10개),채소류,반찬,13521
2026-01-02,oi,오이,다다기계통(10개),채소류,반찬,13887
2026-01-02,oi,오이,다다기계통(10개),채소류,반찬,13887
2026-01-02,oi,오이,다다기계통(10개),채소류,반찬,13887
2026-01-02,oi,오이,다다기계통(10개),채소류,반찬,13887
2026-01-02,oi,오이,다다기계통(10개),채소류,반찬,13887
2026-01-02,oi,오이,다다기계통(10개),채소류,반찬,13887
2026-01-02,oi,오이,다다기계통(10개),채소류,반찬,13887
2026-01-05,oi,오이,다다기계통(10개),채소류,반찬,13860
2026-01-05,oi,오이,다다기계통(10개),채소류,반찬,13860
2026-01-05,oi,오이,다다기계통(10개),채소류,반찬,13860
2026-01-05,oi,오이,다다기계통(10개),채소류,반찬,13860
2026-01-05,oi,오이,다다기계통(10개),채소류,반찬,13860
2026-01-05,oi,오이,다다기계통(10개),채소류,반찬,13860
2026-01-05,oi,오이,다다기계통(10개),채소류,반찬,13860
2026-01-06,oi,오이,다다기계통(10개),채소류,반찬,14045
2026-01-06,oi,오이,다다기계통(10개),채소류,반찬,14045
2026-01-06,oi,오이,다다기계통(10개),채소류,반찬,14045
2026-01-06,oi,오이,다다기계통(10개),채소류,반찬,14045
2026-01-06,oi,오이,다다기계통(10개),채소류,반찬,14045
2026-01-06,oi,오이,다다기계통(10개),채소류,반찬,14045
2026-01-06,oi,오이,다다기계통(10개),채소류,반찬,14045
2026-01-07,oi,오이,다다기계통(10개),채소류,반찬,13929
2026-01-07,oi,오이,다다기계통(10개),채소류,반찬,13929
2026-01-07,oi,오이,다다기계통(10개),채소류,반찬,13929
2026-01-07,oi,오이,다다기계통(10개),채소류,반찬,13929
2026-01-07,oi,오이,다다기계통(10개),채소류,반찬,13929
2026-01-07,oi,오이,다다기계통(10개),채소류,반찬,13929
2026-01-07,oi,오이,다다기계통(10개),채소류,반찬,13929
2026-01-08,oi,오이,다다기계통(10개),채소류,반찬,13106
2026-01-08,oi,오이,다다기계통(10개),채소류,반찬,13106
2026-01-08,oi,오이,다다기계통(10개),채소류,반찬,13106
2026-01-08,oi,오이,다다기계통(10개),채소류,반찬,13106
2026-01-08,oi,오이,다다기계통(10개),채소류,반찬,13106
2026-01-08,oi,오이,다다기계통(10개),채소류,반찬,13106
2026-01-08,oi,오이,다다기계통(10개),채소류,반찬,13106
2026-01-09,oi,오이,다다기계통(10개),채소류,반찬,13017
2026-01-09,oi,오이,다다기계통(10개),채소류,반찬,13017
2026-01-09,oi,오이,다다기계통(10개),채소류,반찬,13017
2026-01-09,oi,오이,다다기계통(10개),채소류,반찬,13017
2026-01-09,oi,오이,다다기계통(10개),채소류,반찬,13017
2026-01-09,oi,오이,다다기계통(10개),채소류,반찬,13017
2026-01-09,oi,오이,다다기계통(10개),채소류,반찬,13017
2026-01-12,oi,오이,다다기계통(10개),채소류,반찬,13130
2026-01-12,oi,오이,다다기계통(10개),채소류,반찬,13130
2026-01-12,oi,오이,다다기계통(10개),채소류,반찬,13130
2026-01-12,oi,오이,다다기계통(10개),채소류,반찬,13130
2026-01-12,oi,오이,다다기계통(10개),채소류,반찬,13130
2026-01-12,oi,오이,다다기계통(10개),채소류,반찬,13130
2026-01-12,oi,오이,다다기계통(10개),채소류,반찬,13130
2026-01-13,oi,오이,다다기계통(10개),채소류,반찬,13089
2026-01-13,oi,오이,다다기계통(10개),채소류,반찬,13089
2026-01-13,oi,오이,다다기계통(10개),채소류,반찬,13089
2026-01-13,oi,오이,다다기계통(10개),채소류,반찬,13089
2026-01-13,oi,오이,다다기계통(10개),채소류,반찬,13089
2026-01-13,oi,오이,다다기계통(10개),채소류,반찬,13089
2026-01-13,oi,오이,다다기계통(10개),채소류,반찬,13089
2026-01-14,oi,오이,다다기계통(10개),채소류,반찬,13013
2026-01-14,oi,오이,다다기계통(10개),채소류,반찬,13013
2026-01-14,oi,오이,다다기계통(10개),채소류,반찬,13013
2026-01-14,oi,오이,다다기계통(10개),채소류,반찬,13013
2026-01-14,oi,오이,다다기계통(10개),채소류,반찬,13013
2026-01-14,oi,오이,다다기계통(10개),채소류,반찬,13013
2026-01-14,oi,오이,다다기계통(10개),채소류,반찬,13013
2026-01-15,oi,오이,다다기계통(10개),채소류,반찬,13307
2026-01-15,oi,오이,다다기계통(10개),채소류,반찬,13307
2026-01-15,oi,오이,다다기계통(10개),채소류,반찬,13307
2026-01-15,oi,오이,다다기계통(10개),채소류,반찬,13307
2026-01-15,oi,오이,다다기계통(10개),채소류,반찬,13307
2026-01-15,oi,오이,다다기계통(10개),채소류,반찬,13307
2026-01-15,oi,오이,다다기계통(10개),채소류,반찬,13307
2026-01-16,oi,오이,다다기계통(10개),채소류,반찬,13460
2026-01-16,oi,오이,다다기계통(10개),채소류,반찬,13460
2026-01-16,oi,오이,다다기계통(10개),채소류,반찬,13460
2026-01-16,oi,오이,다다기계통(10개),채소류,반찬,13460
2026-01-16,oi,오이,다다기계통(10개),채소류,반찬,13460
2026-01-16,oi,오이,다다기계통(10개),채소류,반찬,13460
2026-01-16,oi,오이,다다기계통(10개),채소류,반찬,13460
2026-01-19,oi,오이,다다기계통(10개),채소류,반찬,13787
2026-01-19,oi,오이,다다기계통(10개),채소류,반찬,13787
2026-01-19,oi,오이,다다기계통(10개),채소류,반찬,13787
2026-01-19,oi,오이,다다기계통(10개),채소류,반찬,13787
2026-01-19,oi,오이,다다기계통(10개),채소류,반찬,13787
2026-01-19,oi,오이,다다기계통(10개),채소류,반찬,13787
2026-01-19,oi,오이,다다기계통(10개),채소류,반찬,13787
2026-01-20,oi,오이,다다기계통(10개),채소류,반찬,13733
2026-01-20,oi,오이,다다기계통(10개),채소류,반찬,13733
2026-01-20,oi,오이,다다기계통(10개),채소류,반찬,13733
2026-01-20,oi,오이,다다기계통(10개),채소류,반찬,13733
2026-01-20,oi,오이,다다기계통(10개),채소류,반찬,13733
2026-01-20,oi,오이,다다기계통(10개),채소류,반찬,13733
2026-01-20,oi,오이,다다기계통(10개),채소류,반찬,13733
2026-01-21,oi,오이,다다기계통(10개),채소류,반찬,13749
2026-01-21,oi,오이,다다기계통(10개),채소류,반찬,13749
2026-01-21,oi,오이,다다기계통(10개),채소류,반찬,13749
2026-01-21,oi,오이,다다기계통(10개),채소류,반찬,13749
2026-01-21,oi,오이,다다기계통(10개),채소류,반찬,13749
2026-01-21,oi,오이,다다기계통(10개),채소류,반찬,13749
2026-01-21,oi,오이,다다기계통(10개),채소류,반찬,13749
2026-01-22,oi,오이,다다기계통(10개),채소류,반찬,14040
2026-01-22,oi,오이,다다기계통(10개),채소류,반찬,14040
2026-01-22,oi,오이,다다기계통(10개),채소류,반찬,14040
2026-01-22,oi,오이,다다기계통(10개),채소류,반찬,14040
2026-01-22,oi,오이,다다기계통(10개),채소류,반찬,14040
2026-01-22,oi,오이,다다기계통(10개),채소류,반찬,14040
2026-01-22,oi,오이,다다기계통(10개),채소류,반찬,14040
2026-01-23,oi,오이,다다기계통(10개),채소류,반찬,13971
2026-01-23,oi,오이,다다기계통(10개),채소류,반찬,13971
2026-01-23,oi,오이,다다기계통(10개),채소류,반찬,13971
2026-01-23,oi,오이,다다기계통(10개),채소류,반찬,13971
2026-01-23,oi,오이,다다기계통(10개),채소류,반찬,13971
2026-01-23,oi,오이,다다기계통(10개),채소류,반찬,13971
2026-01-23,oi,오이,다다기계통(10개),채소류,반찬,13971
2026-01-26,oi,오이,다다기계통(10개),채소류,반찬,14010
2026-01-26,oi,오이,다다기계통(10개),채소류,반찬,14010
2026-01-26,oi,오이,다다기계통(10개),채소류,반찬,14010
2026-01-26,oi,오이,다다기계통(10개),채소류,반찬,14010
2026-01-26,oi,오이,다다기계통(10개),채소류,반찬,14010
2026-01-26,oi,오이,다다기계통(10개),채소류,반찬,14010
2026-01-26,oi,오이,다다기계통(10개),채소류,반찬,14010
2026-01-27,oi,오이,다다기계통(10개),채소류,반찬,14087
2026-01-27,oi,오이,다다기계통(10개),채소류,반찬,14087
2026-01-27,oi,오이,다다기계통(10개),채소류,반찬,14087
2026-01-27,oi,오이,다다기계통(10개),채소류,반찬,14087
2026-01-27,oi,오이,다다기계통(10개),채소류,반찬,14087
2026-01-27,oi,오이,다다기계통(10개),채소류,반찬,14087
2026-01-27,oi,오이,다다기계통(10개),채소류,반찬,14087
2026-01-28,oi,오이,다다기계통(10개),채소류,반찬,14057
2026-01-28,oi,오이,다다기계통(10개),채소류,반찬,14057
2026-01-28,oi,오이,다다기계통(10개),채소류,반찬,14057
2026-01-28,oi,오이,다다기계통(10개),채소류,반찬,14057
2026-01-28,oi,오이,다다기계통(10개),채소류,반찬,14057
2026-01-28,oi,오이,다다기계통(10개),채소류,반찬,14057
2026-01-28,oi,오이,다다기계통(10개),채소류,반찬,14057
2026-01-29,oi,오이,다다기계통(10개),채소류,반찬,13860
2026-01-29,oi,오이,다다기계통(10개),채소류,반찬,13860
2026-01-29,oi,오이,다다기계통(10개),채소류,반찬,13860
2026-01-29,oi,오이,다다기계통(10개),채소류,반찬,13860
2026-01-29,oi,오이,다다기계통(10개),채소류,반찬,13860
2026-01-29,oi,오이,다다기계통(10개),채소류,반찬,13860
2026-01-29,oi,오이,다다기계통(10개),채소류,반찬,13860
2026-01-30,oi,오이,다다기계통(10개),채소류,반찬,13814
2026-01-30,oi,오이,다다기계통(10개),채소류,반찬,13814
2026-01-30,oi,오이,다다기계통(10개),채소류,반찬,13814
2026-01-30,oi,오이,다다기계통(10개),채소류,반찬,13814
2026-01-30,oi,오이,다다기계통(10개),채소류,반찬,13814
2026-01-30,oi,오이,다다기계통(10개),채소류,반찬,13814
2026-01-30,oi,오이,다다기계통(10개),채소류,반찬,13814
2026-02-02,oi,오이,다다기계통(10개),채소류,반찬,13795
2026-02-02,oi,오이,다다기계통(10개),채소류,반찬,13795
2026-02-02,oi,오이,다다기계통(10개),채소류,반찬,13795
2026-02-02,oi,오이,다다기계통(10개),채소류,반찬,13795
2026-02-02,oi,오이,다다기계통(10개),채소류,반찬,13795
2026-02-02,oi,오이,다다기계통(10개),채소류,반찬,13795
2026-02-02,oi,오이,다다기계통(10개),채소류,반찬,13795
2026-02-03,oi,오이,다다기계통(10개),채소류,반찬,13928
2026-02-03,oi,오이,다다기계통(10개),채소류,반찬,13928
2026-02-03,oi,오이,다다기계통(10개),채소류,반찬,13928
2026-02-03,oi,오이,다다기계통(10개),채소류,반찬,13928
2026-02-03,oi,오이,다다기계통(10개),채소류,반찬,13928
2026-02-03,oi,오이,다다기계통(10개),채소류,반찬,13928
2026-02-03,oi,오이,다다기계통(10개),채소류,반찬,13928
2026-02-04,oi,오이,다다기계통(10개),채소류,반찬,14034
2026-02-04,oi,오이,다다기계통(10개),채소류,반찬,14034
2026-02-04,oi,오이,다다기계통(10개),채소류,반찬,14034
2026-02-04,oi,오이,다다기계통(10개),채소류,반찬,14034
2026-02-04,oi,오이,다다기계통(10개),채소류,반찬,14034
2026-02-04,oi,오이,다다기계통(10개),채소류,반찬,14034
2026-02-04,oi,오이,다다기계통(10개),채소류,반찬,14034
2026-02-05,oi,오이,다다기계통(10개),채소류,반찬,13415
2026-02-05,oi,오이,다다기계통(10개),채소류,반찬,13415
2026-02-05,oi,오이,다다기계통(10개),채소류,반찬,13415
2026-02-05,oi,오이,다다기계통(10개),채소류,반찬,13415
2026-02-05,oi,오이,다다기계통(10개),채소류,반찬,13415
2026-02-05,oi,오이,다다기계통(10개),채소류,반찬,13415
2026-02-05,oi,오이,다다기계통(10개),채소류,반찬,13415
2026-02-06,oi,오이,다다기계통(10개),채소류,반찬,13361
2026-02-06,oi,오이,다다기계통(10개),채소류,반찬,13361
2026-02-06,oi,오이,다다기계통(10개),채소류,반찬,13361
2026-02-06,oi,오이,다다기계통(10개),채소류,반찬,13361
2026-02-06,oi,오이,다다기계통(10개),채소류,반찬,13361
2026-02-06,oi,오이,다다기계통(10개),채소류,반찬,13361
2026-02-06,oi,오이,다다기계통(10개),채소류,반찬,13361
2026-02-09,oi,오이,다다기계통(10개),채소류,반찬,13125
2026-02-09,oi,오이,다다기계통(10개),채소류,반찬,13125
2026-02-09,oi,오이,다다기계통(10개),채소류,반찬,13125
2026-02-09,oi,오이,다다기계통(10개),채소류,반찬,13125
2026-02-09,oi,오이,다다기계통(10개),채소류,반찬,13125
2026-02-09,oi,오이,다다기계통(10개),채소류,반찬,13125
2026-02-09,oi,오이,다다기계통(10개),채소류,반찬,13125
2026-02-10,oi,오이,다다기계통(10개),채소류,반찬,13103
2026-02-10,oi,오이,다다기계통(10개),채소류,반찬,13103
2026-02-10,oi,오이,다다기계통(10개),채소류,반찬,13103
2026-02-10,oi,오이,다다기계통(10개),채소류,반찬,13103
2026-02-10,oi,오이,다다기계통(10개),채소류,반찬,13103
2026-02-10,oi,오이,다다기계통(10개),채소류,반찬,13103
2026-02-10,oi,오이,다다기계통(10개),채소류,반찬,13103
2026-02-11,oi,오이,다다기계통(10개),채소류,반찬,13250
2026-02-11,oi,오이,다다기계통(10개),채소류,반찬,13250
2026-02-11,oi,오이,다다기계통(10개),채소류,반찬,13250
2026-02-11,oi,오이,다다기계통(10개),채소류,반찬,13250
2026-02-11,oi,오이,다다기계통(10개),채소류,반찬,13250
2026-02-11,oi,오이,다다기계통(10개),채소류,반찬,13250
2026-02-11,oi,오이,다다기계통(10개),채소류,반찬,13250
2026-02-12,oi,오이,다다기계통(10개),채소류,반찬,13753
2026-02-12,oi,오이,다다기계통(10개),채소류,반찬,13753
2026-02-12,oi,오이,다다기계통(10개),채소류,반찬,13753
2026-02-12,oi,오이,다다기계통(10개),채소류,반찬,13753
2026-02-12,oi,오이,다다기계통(10개),채소류,반찬,13753
2026-02-12,oi,오이,다다기계통(10개),채소류,반찬,13753
2026-02-12,oi,오이,다다기계통(10개),채소류,반찬,13753
2026-02-13,oi,오이,다다기계통(10개),채소류,반찬,13770
2026-02-13,oi,오이,다다기계통(10개),채소류,반찬,13770
2026-02-13,oi,오이,다다기계통(10개),채소류,반찬,13770
2026-02-13,oi,오이,다다기계통(10개),채소류,반찬,13770
2026-02-13,oi,오이,다다기계통(10개),채소류,반찬,13770
2026-02-13,oi,오이,다다기계통(10개),채소류,반찬,13770
2026-02-13,oi,오이,다다기계통(10개),채소류,반찬,13770
2026-02-19,oi,오이,다다기계통(10개),채소류,반찬,13387
2026-02-19,oi,오이,다다기계통(10개),채소류,반찬,13387
2026-02-19,oi,오이,다다기계통(10개),채소류,반찬,13387
2026-02-19,oi,오이,다다기계통(10개),채소류,반찬,13387
2026-02-19,oi,오이,다다기계통(10개),채소류,반찬,13387
2026-02-19,oi,오이,다다기계통(10개),채소류,반찬,13387
2026-02-19,oi,오이,다다기계통(10개),채소류,반찬,13387
2026-02-20,oi,오이,다다기계통(10개),채소류,반찬,13151
2026-02-20,oi,오이,다다기계통(10개),채소류,반찬,13151
2026-02-20,oi,오이,다다기계통(10개),채소류,반찬,13151
2026-02-20,oi,오이,다다기계통(10개),채소류,반찬,13151
2026-02-20,oi,오이,다다기계통(10개),채소류,반찬,13151
2026-02-20,oi,오이,다다기계통(10개),채소류,반찬,13151
2026-02-20,oi,오이,다다기계통(10개),채소류,반찬,13151
2026-02-23,oi,오이,다다기계통(10개),채소류,반찬,12761
2026-02-23,oi,오이,다다기계통(10개),채소류,반찬,12761
2026-02-23,oi,오이,다다기계통(10개),채소류,반찬,12761
2026-02-23,oi,오이,다다기계통(10개),채소류,반찬,12761
2026-02-23,oi,오이,다다기계통(10개),채소류,반찬,12761
2026-02-23,oi,오이,다다기계통(10개),채소류,반찬,12761
2026-02-23,oi,오이,다다기계통(10개),채소류,반찬,12761
2026-02-24,oi,오이,다다기계통(10개),채소류,반찬,12488
2026-02-24,oi,오이,다다기계통(10개),채소류,반찬,12488
2026-02-24,oi,오이,다다기계통(10개),채소류,반찬,12488
2026-02-24,oi,오이,다다기계통(10개),채소류,반찬,12488
2026-02-24,oi,오이,다다기계통(10개),채소류,반찬,12488
2026-02-24,oi,오이,다다기계통(10개),채소류,반찬,12488
2026-02-24,oi,오이,다다기계통(10개),채소류,반찬,12488
2026-02-25,oi,오이,다다기계통(10개),채소류,반찬,12327
2026-02-25,oi,오이,다다기계통(10개),채소류,반찬,12327
2026-02-25,oi,오이,다다기계통(10개),채소류,반찬,12327
2026-02-25,oi,오이,다다기계통(10개),채소류,반찬,12327
2026-02-25,oi,오이,다다기계통(10개),채소류,반찬,12327
2026-02-25,oi,오이,다다기계통(10개),채소류,반찬,12327
2026-02-25,oi,오이,다다기계통(10개),채소류,반찬,12327
2026-02-26,oi,오이,다다기계통(10개),채소류,반찬,10977
2026-02-26,oi,오이,다다기계통(10개),채소류,반찬,10977
2026-02-26,oi,오이,다다기계통(10개),채소류,반찬,10977
2026-02-26,oi,오이,다다기계통(10개),채소류,반찬,10977
2026-02-26,oi,오이,다다기계통(10개),채소류,반찬,10977
2026-02-26,oi,오이,다다기계통(10개),채소류,반찬,10977
2026-02-26,oi,오이,다다기계통(10개),채소류,반찬,10977
2026-02-27,oi,오이,다다기계통(10개),채소류,반찬,11031
2026-02-27,oi,오이,다다기계통(10개),채소류,반찬,11031
2026-02-27,oi,오이,다다기계통(10개),채소류,반찬,11031
2026-02-27,oi,오이,다다기계통(10개),채소류,반찬,11031
2026-02-27,oi,오이,다다기계통(10개),채소류,반찬,11031
2026-02-27,oi,오이,다다기계통(10개),채소류,반찬,11031
2026-02-27,oi,오이,다다기계통(10개),채소류,반찬,11031
2026-03-03,oi,오이,다다기계통(10개),채소류,반찬,11297
2026-03-03,oi,오이,다다기계통(10개),채소류,반찬,11297
2026-03-03,oi,오이,다다기계통(10개),채소류,반찬,11297
2026-03-03,oi,오이,다다기계통(10개),채소류,반찬,11297
2026-03-03,oi,오이,다다기계통(10개),채소류,반찬,11297
2026-03-03,oi,오이,다다기계통(10개),채소류,반찬,11297
2026-03-03,oi,오이,다다기계통(10개),채소류,반찬,11297
2026-03-04,oi,오이,다다기계통(10개),채소류,반찬,10852
2026-03-04,oi,오이,다다기계통(10개),채소류,반찬,10852
2026-03-04,oi,오이,다다기계통(10개),채소류,반찬,10852
2026-03-04,oi,오이,다다기계통(10개),채소류,반찬,10852
2026-03-04,oi,오이,다다기계통(10개),채소류,반찬,10852
2026-03-04,oi,오이,다다기계통(10개),채소류,반찬,10852
2026-03-04,oi,오이,다다기계통(10개),채소류,반찬,10852
2026-03-05,oi,오이,다다기계통(10개),채소류,반찬,10107
2026-03-05,oi,오이,다다기계통(10개),채소류,반찬,10107
2026-03-05,oi,오이,다다기계통(10개),채소류,반찬,10107
2026-03-05,oi,오이,다다기계통(10개),채소류,반찬,10107
2026-03-05,oi,오이,다다기계통(10개),채소류,반찬,10107
2026-03-05,oi,오이,다다기계통(10개),채소류,반찬,10107
2026-03-05,oi,오이,다다기계통(10개),채소류,반찬,10107
2026-03-06,oi,오이,다다기계통(10개),채소류,반찬,10203
2026-03-06,oi,오이,다다기계통(10개),채소류,반찬,10203
2026-03-06,oi,오이,다다기계통(10개),채소류,반찬,10203
2026-03-06,oi,오이,다다기계통(10개),채소류,반찬,10203
2026-03-06,oi,오이,다다기계통(10개),채소류,반찬,10203
2026-03-06,oi,오이,다다기계통(10개),채소류,반찬,10203
2026-03-06,oi,오이,다다기계통(10개),채소류,반찬,10203
2026-03-09,oi,오이,다다기계통(10개),채소류,반찬,10254
2026-03-09,oi,오이,다다기계통(10개),채소류,반찬,10254
2026-03-09,oi,오이,다다기계통(10개),채소류,반찬,10254
2026-03-09,oi,오이,다다기계통(10개),채소류,반찬,10254
2026-03-09,oi,오이,다다기계통(10개),채소류,반찬,10254
2026-03-09,oi,오이,다다기계통(10개),채소류,반찬,10254
2026-03-09,oi,오이,다다기계통(10개),채소류,반찬,10254
2026-03-10,oi,오이,다다기계통(10개),채소류,반찬,10290
2026-03-10,oi,오이,다다기계통(10개),채소류,반찬,10290
2026-03-10,oi,오이,다다기계통(10개),채소류,반찬,10290
2026-03-10,oi,오이,다다기계통(10개),채소류,반찬,10290
2026-03-10,oi,오이,다다기계통(10개),채소류,반찬,10290
2026-03-10,oi,오이,다다기계통(10개),채소류,반찬,10290
2026-03-10,oi,오이,다다기계통(10개),채소류,반찬,10290
2026-03-11,oi,오이,다다기계통(10개),채소류,반찬,10267
2026-03-11,oi,오이,다다기계통(10개),채소류,반찬,10267
2026-03-11,oi,오이,다다기계통(10개),채소류,반찬,10267
2026-03-11,oi,오이,다다기계통(10개),채소류,반찬,10267
2026-03-11,oi,오이,다다기계통(10개),채소류,반찬,10267
2026-03-11,oi,오이,다다기계통(10개),채소류,반찬,10267
2026-03-11,oi,오이,다다기계통(10개),채소류,반찬,10267
2026-03-12,oi,오이,다다기계통(10개),채소류,반찬,11227
2026-03-12,oi,오이,다다기계통(10개),채소류,반찬,11227
2026-03-12,oi,오이,다다기계통(10개),채소류,반찬,11227
2026-03-12,oi,오이,다다기계통(10개),채소류,반찬,11227
2026-03-12,oi,오이,다다기계통(10개),채소류,반찬,11227
2026-03-12,oi,오이,다다기계통(10개),채소류,반찬,11227
2026-03-12,oi,오이,다다기계통(10개),채소류,반찬,11227
2026-03-13,oi,오이,다다기계통(10개),채소류,반찬,10814
2026-03-13,oi,오이,다다기계통(10개),채소류,반찬,10814
2026-03-13,oi,오이,다다기계통(10개),채소류,반찬,10814
2026-03-13,oi,오이,다다기계통(10개),채소류,반찬,10814
2026-03-13,oi,오이,다다기계통(10개),채소류,반찬,10814
2026-03-13,oi,오이,다다기계통(10개),채소류,반찬,10814
2026-03-13,oi,오이,다다기계통(10개),채소류,반찬,10814
2026-03-16,oi,오이,다다기계통(10개),채소류,반찬,11117
2026-03-16,oi,오이,다다기계통(10개),채소류,반찬,11117
2026-03-16,oi,오이,다다기계통(10개),채소류,반찬,11117
2026-03-16,oi,오이,다다기계통(10개),채소류,반찬,11117
2026-03-16,oi,오이,다다기계통(10개),채소류,반찬,11117
2026-03-16,oi,오이,다다기계통(10개),채소류,반찬,11117
2026-03-16,oi,오이,다다기계통(10개),채소류,반찬,11117
2026-03-17,oi,오이,다다기계통(10개),채소류,반찬,10970
2026-03-17,oi,오이,다다기계통(10개),채소류,반찬,10970
2026-03-17,oi,오이,다다기계통(10개),채소류,반찬,10970
2026-03-17,oi,오이,다다기계통(10개),채소류,반찬,10970
2026-03-17,oi,오이,다다기계통(10개),채소류,반찬,10970
2026-03-17,oi,오이,다다기계통(10개),채소류,반찬,10970
2026-03-17,oi,오이,다다기계통(10개),채소류,반찬,10970
2026-03-18,oi,오이,다다기계통(10개),채소류,반찬,10884
2026-03-18,oi,오이,다다기계통(10개),채소류,반찬,10884
2026-03-18,oi,오이,다다기계통(10개),채소류,반찬,10884
2026-03-18,oi,오이,다다기계통(10개),채소류,반찬,10884
2026-03-18,oi,오이,다다기계통(10개),채소류,반찬,10884
2026-03-18,oi,오이,다다기계통(10개),채소류,반찬,10884
2026-03-18,oi,오이,다다기계통(10개),채소류,반찬,10884
2026-03-19,oi,오이,다다기계통(10개),채소류,반찬,10270
2026-03-19,oi,오이,다다기계통(10개),채소류,반찬,10270
2026-03-19,oi,오이,다다기계통(10개),채소류,반찬,10270
2026-03-19,oi,오이,다다기계통(10개),채소류,반찬,10270
2026-03-19,oi,오이,다다기계통(10개),채소류,반찬,10270
2026-03-19,oi,오이,다다기계통(10개),채소류,반찬,10270
2026-03-19,oi,오이,다다기계통(10개),채소류,반찬,10270
2026-03-20,oi,오이,다다기계통(10개),채소류,반찬,10364
2026-03-20,oi,오이,다다기계통(10개),채소류,반찬,10364
2026-03-20,oi,오이,다다기계통(10개),채소류,반찬,10364
2026-03-20,oi,오이,다다기계통(10개),채소류,반찬,10364
2026-03-20,oi,오이,다다기계통(10개),채소류,반찬,10364
2026-03-20,oi,오이,다다기계통(10개),채소류,반찬,10364
2026-03-20,oi,오이,다다기계통(10개),채소류,반찬,10364
2026-03-23,oi,오이,다다기계통(10개),채소류,반찬,10112
2026-03-23,oi,오이,다다기계통(10개),채소류,반찬,10112
2026-03-23,oi,오이,다다기계통(10개),채소류,반찬,10112
2026-03-23,oi,오이,다다기계통(10개),채소류,반찬,10112
2026-03-23,oi,오이,다다기계통(10개),채소류,반찬,10112
2026-03-23,oi,오이,다다기계통(10개),채소류,반찬,10112
2026-03-23,oi,오이,다다기계통(10개),채소류,반찬,10112
2026-03-24,oi,오이,다다기계통(10개),채소류,반찬,9944
2026-03-24,oi,오이,다다기계통(10개),채소류,반찬,9944
2026-03-24,oi,오이,다다기계통(10개),채소류,반찬,9944
2026-03-24,oi,오이,다다기계통(10개),채소류,반찬,9944
2026-03-24,oi,오이,다다기계통(10개),채소류,반찬,9944
2026-03-24,oi,오이,다다기계통(10개),채소류,반찬,9944
2026-03-24,oi,오이,다다기계통(10개),채소류,반찬,9944
2026-03-25,oi,오이,다다기계통(10개),채소류,반찬,9895
2026-03-25,oi,오이,다다기계통(10개),채소류,반찬,9895
2026-03-25,oi,오이,다다기계통(10개),채소류,반찬,9895
2026-03-25,oi,오이,다다기계통(10개),채소류,반찬,9895
2026-03-25,oi,오이,다다기계통(10개),채소류,반찬,9895
2026-03-25,oi,오이,다다기계통(10개),채소류,반찬,9895
2026-03-25,oi,오이,다다기계통(10개),채소류,반찬,9895
2026-03-26,oi,오이,다다기계통(10개),채소류,반찬,9836
2026-03-26,oi,오이,다다기계통(10개),채소류,반찬,9836
2026-03-26,oi,오이,다다기계통(10개),채소류,반찬,9836
2026-03-26,oi,오이,다다기계통(10개),채소류,반찬,9836
2026-03-26,oi,오이,다다기계통(10개),채소류,반찬,9836
2026-03-26,oi,오이,다다기계통(10개),채소류,반찬,9836
2026-03-26,oi,오이,다다기계통(10개),채소류,반찬,9836
2026-03-27,oi,오이,다다기계통(10개),채소류,반찬,8936
2026-03-27,oi,오이,다다기계통(10개),채소류,반찬,8936
2026-03-27,oi,오이,다다기계통(10개),채소류,반찬,8936
2026-03-27,oi,오이,다다기계통(10개),채소류,반찬,8936
2026-03-27,oi,오이,다다기계통(10개),채소류,반찬,8936
2026-03-27,oi,오이,다다기계통(10개),채소류,반찬,8936
2026-03-27,oi,오이,다다기계통(10개),채소류,반찬,8936
2026-03-30,oi,오이,다다기계통(10개),채소류,반찬,9598
2026-03-30,oi,오이,다다기계통(10개),채소류,반찬,9598
2026-03-30,oi,오이,다다기계통(10개),채소류,반찬,9598
2026-03-30,oi,오이,다다기계통(10개),채소류,반찬,9598
2026-03-30,oi,오이,다다기계통(10개),채소류,반찬,9598
2026-03-30,oi,오이,다다기계통(10개),채소류,반찬,9598
2026-03-30,oi,오이,다다기계통(10개),채소류,반찬,9598
2026-03-31,oi,오이,다다기계통(10개),채소류,반찬,9630
2026-03-31,oi,오이,다다기계통(10개),채소류,반찬,9630
2026-03-31,oi,오이,다다기계통(10개),채소류,반찬,9630
2026-03-31,oi,오이,다다기계통(10개),채소류,반찬,9630
2026-03-31,oi,오이,다다기계통(10개),채소류,반찬,9630
2026-03-31,oi,오이,다다기계통(10개),채소류,반찬,9630
2026-03-31,oi,오이,다다기계통(10개),채소류,반찬,9630
2026-04-01,oi,오이,다다기계통(10개),채소류,반찬,8912
2026-04-01,oi,오이,다다기계통(10개),채소류,반찬,8912
2026-04-01,oi,오이,다다기계통(10개),채소류,반찬,8912
2026-04-01,oi,오이,다다기계통(10개),채소류,반찬,8912
2026-04-01,oi,오이,다다기계통(10개),채소류,반찬,8912
2026-04-01,oi,오이,다다기계통(10개),채소류,반찬,8912
2026-04-01,oi,오이,다다기계통(10개),채소류,반찬,8912
2026-04-02,oi,오이,다다기계통(10개),채소류,반찬,8450
2026-04-02,oi,오이,다다기계통(10개),채소류,반찬,8450
2026-04-02,oi,오이,다다기계통(10개),채소류,반찬,8450
2026-04-02,oi,오이,다다기계통(10개),채소류,반찬,8450
2026-04-02,oi,오이,다다기계통(10개),채소류,반찬,8450
2026-04-02,oi,오이,다다기계통(10개),채소류,반찬,8450
2026-04-02,oi,오이,다다기계통(10개),채소류,반찬,8450
2026-04-03,oi,오이,다다기계통(10개),채소류,반찬,8505
2026-04-03,oi,오이,다다기계통(10개),채소류,반찬,8505
2026-04-03,oi,오이,다다기계통(10개),채소류,반찬,8505
2026-04-03,oi,오이,다다기계통(10개),채소류,반찬,8505
2026-04-03,oi,오이,다다기계통(10개),채소류,반찬,8505
2026-04-03,oi,오이,다다기계통(10개),채소류,반찬,8505
2026-04-03,oi,오이,다다기계통(10개),채소류,반찬,8505
2026-04-06,oi,오이,다다기계통(10개),채소류,반찬,9046
2026-04-06,oi,오이,다다기계통(10개),채소류,반찬,9046
2026-04-06,oi,오이,다다기계통(10개),채소류,반찬,9046
2026-04-06,oi,오이,다다기계통(10개),채소류,반찬,9046
2026-04-06,oi,오이,다다기계통(10개),채소류,반찬,9046
2026-04-06,oi,오이,다다기계통(10개),채소류,반찬,9046
2026-04-06,oi,오이,다다기계통(10개),채소류,반찬,9046
2026-04-07,oi,오이,다다기계통(10개),채소류,반찬,8989
2026-04-07,oi,오이,다다기계통(10개),채소류,반찬,8989
2026-04-07,oi,오이,다다기계통(10개),채소류,반찬,8989
2026-04-07,oi,오이,다다기계통(10개),채소류,반찬,8989
2026-04-07,oi,오이,다다기계통(10개),채소류,반찬,8989
2026-04-07,oi,오이,다다기계통(10개),채소류,반찬,8989
2026-04-07,oi,오이,다다기계통(10개),채소류,반찬,8989
2026-04-08,oi,오이,다다기계통(10개),채소류,반찬,8992
2026-04-08,oi,오이,다다기계통(10개),채소류,반찬,8992
2026-04-08,oi,오이,다다기계통(10개),채소류,반찬,8992
2026-04-08,oi,오이,다다기계통(10개),채소류,반찬,8992
2026-04-08,oi,오이,다다기계통(10개),채소류,반찬,8992
2026-04-08,oi,오이,다다기계통(10개),채소류,반찬,8992
2026-04-08,oi,오이,다다기계통(10개),채소류,반찬,8992
2026-04-09,oi,오이,다다기계통(10개),채소류,반찬,7883
2026-04-09,oi,오이,다다기계통(10개),채소류,반찬,7883
2026-04-09,oi,오이,다다기계통(10개),채소류,반찬,7883
2026-04-09,oi,오이,다다기계통(10개),채소류,반찬,7883
2026-04-09,oi,오이,다다기계통(10개),채소류,반찬,7883
2026-04-09,oi,오이,다다기계통(10개),채소류,반찬,7883
2026-04-09,oi,오이,다다기계통(10개),채소류,반찬,7883
2026-04-10,oi,오이,다다기계통(10개),채소류,반찬,7669
2026-04-10,oi,오이,다다기계통(10개),채소류,반찬,7669
2026-04-10,oi,오이,다다기계통(10개),채소류,반찬,7669
2026-04-10,oi,오이,다다기계통(10개),채소류,반찬,7669
2026-04-10,oi,오이,다다기계통(10개),채소류,반찬,7669
2026-04-10,oi,오이,다다기계통(10개),채소류,반찬,7669
2026-04-10,oi,오이,다다기계통(10개),채소류,반찬,7669
2026-04-13,oi,오이,다다기계통(10개),채소류,반찬,7901
2026-04-13,oi,오이,다다기계통(10개),채소류,반찬,7901
2026-04-13,oi,오이,다다기계통(10개),채소류,반찬,7901
2026-04-13,oi,오이,다다기계통(10개),채소류,반찬,7901
2026-04-13,oi,오이,다다기계통(10개),채소류,반찬,7901
2026-04-13,oi,오이,다다기계통(10개),채소류,반찬,7901
2026-04-13,oi,오이,다다기계통(10개),채소류,반찬,7901
2026-04-14,oi,오이,다다기계통(10개),채소류,반찬,7883
2026-04-14,oi,오이,다다기계통(10개),채소류,반찬,7883
2026-04-14,oi,오이,다다기계통(10개),채소류,반찬,7883
2026-04-14,oi,오이,다다기계통(10개),채소류,반찬,7883
2026-04-14,oi,오이,다다기계통(10개),채소류,반찬,7883
2026-04-14,oi,오이,다다기계통(10개),채소류,반찬,7883
2026-04-14,oi,오이,다다기계통(10개),채소류,반찬,7883
2026-04-15,oi,오이,다다기계통(10개),채소류,반찬,7932
2026-04-15,oi,오이,다다기계통(10개),채소류,반찬,7932
2026-04-15,oi,오이,다다기계통(10개),채소류,반찬,7932
2026-04-15,oi,오이,다다기계통(10개),채소류,반찬,7932
2026-04-15,oi,오이,다다기계통(10개),채소류,반찬,7932
2026-04-15,oi,오이,다다기계통(10개),채소류,반찬,7932
2026-04-15,oi,오이,다다기계통(10개),채소류,반찬,7932
2026-04-16,oi,오이,다다기계통(10개),채소류,반찬,7240
2026-04-16,oi,오이,다다기계통(10개),채소류,반찬,7240
2026-04-16,oi,오이,다다기계통(10개),채소류,반찬,7240
2026-04-16,oi,오이,다다기계통(10개),채소류,반찬,7240
2026-04-16,oi,오이,다다기계통(10개),채소류,반찬,7240
2026-04-16,oi,오이,다다기계통(10개),채소류,반찬,7240
2026-04-16,oi,오이,다다기계통(10개),채소류,반찬,7240
2026-04-17,oi,오이,다다기계통(10개),채소류,반찬,7110
2026-04-17,oi,오이,다다기계통(10개),채소류,반찬,7110
2026-04-17,oi,오이,다다기계통(10개),채소류,반찬,7110
2026-04-17,oi,오이,다다기계통(10개),채소류,반찬,7110
2026-04-17,oi,오이,다다기계통(10개),채소류,반찬,7110
2026-04-17,oi,오이,다다기계통(10개),채소류,반찬,7110
2026-04-17,oi,오이,다다기계통(10개),채소류,반찬,7110
2026-04-20,oi,오이,다다기계통(10개),채소류,반찬,7157
2026-04-20,oi,오이,다다기계통(10개),채소류,반찬,7157
2026-04-20,oi,오이,다다기계통(10개),채소류,반찬,7157
2026-04-20,oi,오이,다다기계통(10개),채소류,반찬,7157
2026-04-20,oi,오이,다다기계통(10개),채소류,반찬,7157
2026-04-20,oi,오이,다다기계통(10개),채소류,반찬,7157
2026-04-20,oi,오이,다다기계통(10개),채소류,반찬,7157
2026-04-21,oi,오이,다다기계통(10개),채소류,반찬,7044
2026-04-21,oi,오이,다다기계통(10개),채소류,반찬,7044
2026-04-21,oi,오이,다다기계통(10개),채소류,반찬,7044
2026-04-21,oi,오이,다다기계통(10개),채소류,반찬,7044
2026-04-21,oi,오이,다다기계통(10개),채소류,반찬,7044
2026-04-21,oi,오이,다다기계통(10개),채소류,반찬,7044
2026-04-21,oi,오이,다다기계통(10개),채소류,반찬,7044
2026-04-22,oi,오이,다다기계통(10개),채소류,반찬,7025
2026-04-22,oi,오이,다다기계통(10개),채소류,반찬,7025
2026-04-22,oi,오이,다다기계통(10개),채소류,반찬,7025
2026-04-22,oi,오이,다다기계통(10개),채소류,반찬,7025
2026-04-22,oi,오이,다다기계통(10개),채소류,반찬,7025
2026-04-22,oi,오이,다다기계통(10개),채소류,반찬,7025
2026-04-22,oi,오이,다다기계통(10개),채소류,반찬,7025
2026-04-23,oi,오이,다다기계통(10개),채소류,반찬,6957
2026-04-23,oi,오이,다다기계통(10개),채소류,반찬,6957
2026-04-23,oi,오이,다다기계통(10개),채소류,반찬,6957
2026-04-23,oi,오이,다다기계통(10개),채소류,반찬,6957
2026-04-23,oi,오이,다다기계통(10개),채소류,반찬,6957
2026-04-23,oi,오이,다다기계통(10개),채소류,반찬,6957
2026-04-23,oi,오이,다다기계통(10개),채소류,반찬,6957
2026-04-24,oi,오이,다다기계통(10개),채소류,반찬,6741
2026-04-24,oi,오이,다다기계통(10개),채소류,반찬,6741
2026-04-24,oi,오이,다다기계통(10개),채소류,반찬,6741
2026-04-24,oi,오이,다다기계통(10개),채소류,반찬,6741
2026-04-24,oi,오이,다다기계통(10개),채소류,반찬,6741
2026-04-24,oi,오이,다다기계통(10개),채소류,반찬,6741
2026-04-24,oi,오이,다다기계통(10개),채소류,반찬,6741
2026-04-27,oi,오이,다다기계통(10개),채소류,반찬,6907
2026-04-27,oi,오이,다다기계통(10개),채소류,반찬,6907
2026-04-27,oi,오이,다다기계통(10개),채소류,반찬,6907
2026-04-27,oi,오이,다다기계통(10개),채소류,반찬,6907
2026-04-27,oi,오이,다다기계통(10개),채소류,반찬,6907
2026-04-27,oi,오이,다다기계통(10개),채소류,반찬,6907
2026-04-27,oi,오이,다다기계통(10개),채소류,반찬,6907
2026-04-28,oi,오이,다다기계통(10개),채소류,반찬,6972
2026-04-28,oi,오이,다다기계통(10개),채소류,반찬,6972
2026-04-28,oi,오이,다다기계통(10개),채소류,반찬,6972
2026-04-28,oi,오이,다다기계통(10개),채소류,반찬,6972
2026-04-28,oi,오이,다다기계통(10개),채소류,반찬,6972
2026-04-28,oi,오이,다다기계통(10개),채소류,반찬,6972
2026-04-28,oi,오이,다다기계통(10개),채소류,반찬,6972
2026-04-29,oi,오이,다다기계통(10개),채소류,반찬,7065
2026-04-29,oi,오이,다다기계통(10개),채소류,반찬,7065
2026-04-29,oi,오이,다다기계통(10개),채소류,반찬,7065
2026-04-29,oi,오이,다다기계통(10개),채소류,반찬,7065
2026-04-29,oi,오이,다다기계통(10개),채소류,반찬,7065
2026-04-29,oi,오이,다다기계통(10개),채소류,반찬,7065
2026-04-29,oi,오이,다다기계통(10개),채소류,반찬,7065
2026-04-30,oi,오이,다다기계통(10개),채소류,반찬,5687
2026-04-30,oi,오이,다다기계통(10개),채소류,반찬,5687
2026-04-30,oi,오이,다다기계통(10개),채소류,반찬,5687
2026-04-30,oi,오이,다다기계통(10개),채소류,반찬,5687
2026-04-30,oi,오이,다다기계통(10개),채소류,반찬,5687
2026-04-30,oi,오이,다다기계통(10개),채소류,반찬,5687
2026-04-30,oi,오이,다다기계통(10개),채소류,반찬,5687
2026-05-04,oi,오이,다다기계통(10개),채소류,반찬,5685
2026-05-04,oi,오이,다다기계통(10개),채소류,반찬,5685
2026-05-04,oi,오이,다다기계통(10개),채소류,반찬,5685
2026-05-04,oi,오이,다다기계통(10개),채소류,반찬,5685
2026-05-04,oi,오이,다다기계통(10개),채소류,반찬,5685
2026-05-04,oi,오이,다다기계통(10개),채소류,반찬,5685
2026-05-04,oi,오이,다다기계통(10개),채소류,반찬,5685
2026-05-06,oi,오이,다다기계통(10개),채소류,반찬,5656
2026-05-06,oi,오이,다다기계통(10개),채소류,반찬,5656
2026-05-06,oi,오이,다다기계통(10개),채소류,반찬,5656
2026-05-06,oi,오이,다다기계통(10개),채소류,반찬,5656
2026-05-06,oi,오이,다다기계통(10개),채소류,반찬,5656
2026-05-06,oi,오이,다다기계통(10개),채소류,반찬,5656
2026-05-06,oi,오이,다다기계통(10개),채소류,반찬,5656
2026-05-07,oi,오이,다다기계통(10개),채소류,반찬,5776
2026-05-07,oi,오이,다다기계통(10개),채소류,반찬,5776
2026-05-07,oi,오이,다다기계통(10개),채소류,반찬,5776
2026-05-07,oi,오이,다다기계통(10개),채소류,반찬,5776
2026-05-07,oi,오이,다다기계통(10개),채소류,반찬,5776
2026-05-07,oi,오이,다다기계통(10개),채소류,반찬,5776
2026-05-07,oi,오이,다다기계통(10개),채소류,반찬,5776
2026-05-08,oi,오이,다다기계통(10개),채소류,반찬,5833
2026-05-08,oi,오이,다다기계통(10개),채소류,반찬,5833
2026-05-08,oi,오이,다다기계통(10개),채소류,반찬,5833
2026-05-08,oi,오이,다다기계통(10개),채소류,반찬,5833
2026-05-08,oi,오이,다다기계통(10개),채소류,반찬,5833
2026-05-08,oi,오이,다다기계통(10개),채소류,반찬,5833
2026-05-08,oi,오이,다다기계통(10개),채소류,반찬,5833
2026-05-11,oi,오이,다다기계통(10개),채소류,반찬,5954
2026-05-11,oi,오이,다다기계통(10개),채소류,반찬,5954
2026-05-11,oi,오이,다다기계통(10개),채소류,반찬,5954
2026-05-11,oi,오이,다다기계통(10개),채소류,반찬,5954
2026-05-11,oi,오이,다다기계통(10개),채소류,반찬,5954
2026-05-11,oi,오이,다다기계통(10개),채소류,반찬,5954
2026-05-11,oi,오이,다다기계통(10개),채소류,반찬,5954
2026-05-12,oi,오이,다다기계통(10개),채소류,반찬,5936
2026-05-12,oi,오이,다다기계통(10개),채소류,반찬,5936
2026-05-12,oi,오이,다다기계통(10개),채소류,반찬,5936
2026-05-12,oi,오이,다다기계통(10개),채소류,반찬,5936
2026-05-12,oi,오이,다다기계통(10개),채소류,반찬,5936
2026-05-12,oi,오이,다다기계통(10개),채소류,반찬,5936
2026-05-12,oi,오이,다다기계통(10개),채소류,반찬,5936
2026-05-13,oi,오이,다다기계통(10개),채소류,반찬,5775
2026-05-13,oi,오이,다다기계통(10개),채소류,반찬,5775
2026-05-13,oi,오이,다다기계통(10개),채소류,반찬,5775
2026-05-13,oi,오이,다다기계통(10개),채소류,반찬,5775
2026-05-13,oi,오이,다다기계통(10개),채소류,반찬,5775
2026-05-13,oi,오이,다다기계통(10개),채소류,반찬,5775
2026-05-13,oi,오이,다다기계통(10개),채소류,반찬,5775
2026-05-14,oi,오이,다다기계통(10개),채소류,반찬,5339
2026-05-14,oi,오이,다다기계통(10개),채소류,반찬,5339
2026-05-14,oi,오이,다다기계통(10개),채소류,반찬,5339
2026-05-14,oi,오이,다다기계통(10개),채소류,반찬,5339
2026-05-14,oi,오이,다다기계통(10개),채소류,반찬,5339
2026-05-14,oi,오이,다다기계통(10개),채소류,반찬,5339
2026-05-14,oi,오이,다다기계통(10개),채소류,반찬,5339
2026-05-15,oi,오이,다다기계통(10개),채소류,반찬,5054
2026-05-15,oi,오이,다다기계통(10개),채소류,반찬,5054
2026-05-15,oi,오이,다다기계통(10개),채소류,반찬,5054
2026-05-15,oi,오이,다다기계통(10개),채소류,반찬,5054
2026-05-15,oi,오이,다다기계통(10개),채소류,반찬,5054
2026-05-15,oi,오이,다다기계통(10개),채소류,반찬,5054
2026-05-15,oi,오이,다다기계통(10개),채소류,반찬,5054
2026-05-18,oi,오이,다다기계통(10개),채소류,반찬,5209
2026-05-18,oi,오이,다다기계통(10개),채소류,반찬,5209
2026-05-18,oi,오이,다다기계통(10개),채소류,반찬,5209
2026-05-18,oi,오이,다다기계통(10개),채소류,반찬,5209
2026-05-18,oi,오이,다다기계통(10개),채소류,반찬,5209
2026-05-18,oi,오이,다다기계통(10개),채소류,반찬,5209
2026-05-18,oi,오이,다다기계통(10개),채소류,반찬,5209
2026-05-19,oi,오이,다다기계통(10개),채소류,반찬,5176
2026-05-19,oi,오이,다다기계통(10개),채소류,반찬,5176
2026-05-19,oi,오이,다다기계통(10개),채소류,반찬,5176
2026-05-19,oi,오이,다다기계통(10개),채소류,반찬,5176
2026-05-19,oi,오이,다다기계통(10개),채소류,반찬,5176
2026-05-19,oi,오이,다다기계통(10개),채소류,반찬,5176
2026-05-19,oi,오이,다다기계통(10개),채소류,반찬,5176
2026-05-20,oi,오이,다다기계통(10개),채소류,반찬,5139
2026-05-20,oi,오이,다다기계통(10개),채소류,반찬,5139
2026-05-20,oi,오이,다다기계통(10개),채소류,반찬,5139
2026-05-20,oi,오이,다다기계통(10개),채소류,반찬,5139
2026-05-20,oi,오이,다다기계통(10개),채소류,반찬,5139
2026-05-20,oi,오이,다다기계통(10개),채소류,반찬,5139
2026-05-20,oi,오이,다다기계통(10개),채소류,반찬,5139
2026-05-21,oi,오이,다다기계통(10개),채소류,반찬,4951
2026-05-21,oi,오이,다다기계통(10개),채소류,반찬,4951
2026-05-21,oi,오이,다다기계통(10개),채소류,반찬,4951
2026-05-21,oi,오이,다다기계통(10개),채소류,반찬,4951
2026-05-21,oi,오이,다다기계통(10개),채소류,반찬,4951
2026-05-21,oi,오이,다다기계통(10개),채소류,반찬,4951
2026-05-21,oi,오이,다다기계통(10개),채소류,반찬,4951
2026-05-22,oi,오이,다다기계통(10개),채소류,반찬,4863
2026-05-22,oi,오이,다다기계통(10개),채소류,반찬,4863
2026-05-22,oi,오이,다다기계통(10개),채소류,반찬,4863
2026-05-22,oi,오이,다다기계통(10개),채소류,반찬,4863
2026-05-22,oi,오이,다다기계통(10개),채소류,반찬,4863
2026-05-22,oi,오이,다다기계통(10개),채소류,반찬,4863
2026-05-22,oi,오이,다다기계통(10개),채소류,반찬,4863
2026-05-26,oi,오이,다다기계통(10개),채소류,반찬,4912
2026-05-26,oi,오이,다다기계통(10개),채소류,반찬,4912
2026-05-26,oi,오이,다다기계통(10개),채소류,반찬,4912
2026-05-26,oi,오이,다다기계통(10개),채소류,반찬,4912
2026-05-26,oi,오이,다다기계통(10개),채소류,반찬,4912
2026-05-26,oi,오이,다다기계통(10개),채소류,반찬,4912
2026-05-26,oi,오이,다다기계통(10개),채소류,반찬,4912
2026-05-27,oi,오이,다다기계통(10개),채소류,반찬,4924
2026-05-27,oi,오이,다다기계통(10개),채소류,반찬,4924
2026-05-27,oi,오이,다다기계통(10개),채소류,반찬,4924
2026-05-27,oi,오이,다다기계통(10개),채소류,반찬,4924
2026-05-27,oi,오이,다다기계통(10개),채소류,반찬,4924
2026-05-27,oi,오이,다다기계통(10개),채소류,반찬,4924
2026-05-27,oi,오이,다다기계통(10개),채소류,반찬,4924
2026-05-28,oi,오이,다다기계통(10개),채소류,반찬,5423
2026-05-28,oi,오이,다다기계통(10개),채소류,반찬,5423
2026-05-28,oi,오이,다다기계통(10개),채소류,반찬,5423
2026-05-28,oi,오이,다다기계통(10개),채소류,반찬,5423
2026-05-28,oi,오이,다다기계통(10개),채소류,반찬,5423
2026-05-28,oi,오이,다다기계통(10개),채소류,반찬,5423
2026-05-28,oi,오이,다다기계통(10개),채소류,반찬,5423
2026-05-29,oi,오이,다다기계통(10개),채소류,반찬,5514
2026-05-29,oi,오이,다다기계통(10개),채소류,반찬,5514
2026-05-29,oi,오이,다다기계통(10개),채소류,반찬,5514
2026-05-29,oi,오이,다다기계통(10개),채소류,반찬,5514
2026-05-29,oi,오이,다다기계통(10개),채소류,반찬,5514
2026-05-29,oi,오이,다다기계통(10개),채소류,반찬,5514
2026-05-29,oi,오이,다다기계통(10개),채소류,반찬,5514
2026-06-01,oi,오이,다다기계통(10개),채소류,반찬,5579
2026-06-01,oi,오이,다다기계통(10개),채소류,반찬,5579
2026-06-01,oi,오이,다다기계통(10개),채소류,반찬,5579
2026-06-01,oi,오이,다다기계통(10개),채소류,반찬,5579
2026-06-01,oi,오이,다다기계통(10개),채소류,반찬,5579
2026-06-01,oi,오이,다다기계통(10개),채소류,반찬,5579
2026-06-01,oi,오이,다다기계통(10개),채소류,반찬,5579
2026-06-02,oi,오이,다다기계통(10개),채소류,반찬,5625
2026-06-02,oi,오이,다다기계통(10개),채소류,반찬,5625
2026-06-02,oi,오이,다다기계통(10개),채소류,반찬,5625
2026-06-02,oi,오이,다다기계통(10개),채소류,반찬,5625
2026-06-02,oi,오이,다다기계통(10개),채소류,반찬,5625
2026-06-02,oi,오이,다다기계통(10개),채소류,반찬,5625
2026-06-02,oi,오이,다다기계통(10개),채소류,반찬,5625
2026-06-04,oi,오이,다다기계통(10개),채소류,반찬,5182
2026-06-04,oi,오이,다다기계통(10개),채소류,반찬,5182
2026-06-04,oi,오이,다다기계통(10개),채소류,반찬,5182
2026-06-04,oi,오이,다다기계통(10개),채소류,반찬,5182
2026-06-04,oi,오이,다다기계통(10개),채소류,반찬,5182
2026-06-04,oi,오이,다다기계통(10개),채소류,반찬,5182
2026-06-04,oi,오이,다다기계통(10개),채소류,반찬,5182
2026-06-05,oi,오이,다다기계통(10개),채소류,반찬,5119
2026-06-05,oi,오이,다다기계통(10개),채소류,반찬,5119
2026-06-05,oi,오이,다다기계통(10개),채소류,반찬,5119
2026-06-05,oi,오이,다다기계통(10개),채소류,반찬,5119
2026-06-05,oi,오이,다다기계통(10개),채소류,반찬,5119
2026-06-05,oi,오이,다다기계통(10개),채소류,반찬,5119
2026-06-05,oi,오이,다다기계통(10개),채소류,반찬,5119
2026-06-08,oi,오이,다다기계통(10개),채소류,반찬,5365
2026-06-08,oi,오이,다다기계통(10개),채소류,반찬,5365
2026-06-08,oi,오이,다다기계통(10개),채소류,반찬,5365
2026-06-08,oi,오이,다다기계통(10개),채소류,반찬,5365
2026-06-08,oi,오이,다다기계통(10개),채소류,반찬,5365
2026-06-08,oi,오이,다다기계통(10개),채소류,반찬,5365
2026-06-08,oi,오이,다다기계통(10개),채소류,반찬,5365
2026-06-09,oi,오이,다다기계통(10개),채소류,반찬,5364
2026-06-09,oi,오이,다다기계통(10개),채소류,반찬,5364
2026-06-09,oi,오이,다다기계통(10개),채소류,반찬,5364
2026-06-09,oi,오이,다다기계통(10개),채소류,반찬,5364
2026-06-09,oi,오이,다다기계통(10개),채소류,반찬,5364
2026-06-09,oi,오이,다다기계통(10개),채소류,반찬,5364
2026-06-09,oi,오이,다다기계통(10개),채소류,반찬,5364
2026-06-10,oi,오이,다다기계통(10개),채소류,반찬,5258
2026-06-10,oi,오이,다다기계통(10개),채소류,반찬,5258
2026-06-10,oi,오이,다다기계통(10개),채소류,반찬,5258
2026-06-10,oi,오이,다다기계통(10개),채소류,반찬,5258
2026-06-10,oi,오이,다다기계통(10개),채소류,반찬,5258
2026-06-10,oi,오이,다다기계통(10개),채소류,반찬,5258
2026-06-10,oi,오이,다다기계통(10개),채소류,반찬,5258
2026-06-11,oi,오이,다다기계통(10개),채소류,반찬,4898
2026-06-11,oi,오이,다다기계통(10개),채소류,반찬,4898
2026-06-11,oi,오이,다다기계통(10개),채소류,반찬,4898
2026-06-11,oi,오이,다다기계통(10개),채소류,반찬,4898
2026-06-11,oi,오이,다다기계통(10개),채소류,반찬,4898
2026-06-11,oi,오이,다다기계통(10개),채소류,반찬,4898
2026-06-11,oi,오이,다다기계통(10개),채소류,반찬,4898
2026-06-12,oi,오이,다다기계통(10개),채소류,반찬,4870
2026-06-12,oi,오이,다다기계통(10개),채소류,반찬,4870
2026-06-12,oi,오이,다다기계통(10개),채소류,반찬,4870
2026-06-12,oi,오이,다다기계통(10개),채소류,반찬,4870
2026-06-12,oi,오이,다다기계통(10개),채소류,반찬,4870
2026-06-12,oi,오이,다다기계통(10개),채소류,반찬,4870
2026-06-12,oi,오이,다다기계통(10개),채소류,반찬,4870
2026-06-15,oi,오이,다다기계통(10개),채소류,반찬,4911
2026-06-15,oi,오이,다다기계통(10개),채소류,반찬,4911
2026-06-15,oi,오이,다다기계통(10개),채소류,반찬,4911
2026-06-15,oi,오이,다다기계통(10개),채소류,반찬,4911
2026-06-15,oi,오이,다다기계통(10개),채소류,반찬,4911
2026-06-15,oi,오이,다다기계통(10개),채소류,반찬,4911
2026-06-15,oi,오이,다다기계통(10개),채소류,반찬,4911
2026-06-16,oi,오이,다다기계통(10개),채소류,반찬,4940
2026-06-16,oi,오이,다다기계통(10개),채소류,반찬,4940
2026-06-16,oi,오이,다다기계통(10개),채소류,반찬,4940
2026-06-16,oi,오이,다다기계통(10개),채소류,반찬,4940
2026-06-16,oi,오이,다다기계통(10개),채소류,반찬,4940
2026-06-16,oi,오이,다다기계통(10개),채소류,반찬,4940
2026-06-16,oi,오이,다다기계통(10개),채소류,반찬,4940
2026-06-17,oi,오이,다다기계통(10개),채소류,반찬,4996
2026-06-17,oi,오이,다다기계통(10개),채소류,반찬,4996
2026-06-17,oi,오이,다다기계통(10개),채소류,반찬,4996
2026-06-17,oi,오이,다다기계통(10개),채소류,반찬,4996
2026-06-17,oi,오이,다다기계통(10개),채소류,반찬,4996
2026-06-17,oi,오이,다다기계통(10개),채소류,반찬,4996
2026-06-17,oi,오이,다다기계통(10개),채소류,반찬,4996
2026-06-18,oi,오이,다다기계통(10개),채소류,반찬,5195
2026-06-18,oi,오이,다다기계통(10개),채소류,반찬,5195
2026-06-18,oi,오이,다다기계통(10개),채소류,반찬,5195
2026-06-18,oi,오이,다다기계통(10개),채소류,반찬,5195
2026-06-18,oi,오이,다다기계통(10개),채소류,반찬,5195
2026-06-18,oi,오이,다다기계통(10개),채소류,반찬,5195
2026-06-18,oi,오이,다다기계통(10개),채소류,반찬,5195
2026-06-19,oi,오이,다다기계통(10개),채소류,반찬,5168
2026-06-19,oi,오이,다다기계통(10개),채소류,반찬,5168
2026-06-19,oi,오이,다다기계통(10개),채소류,반찬,5168
2026-06-19,oi,오이,다다기계통(10개),채소류,반찬,5168
2026-06-19,oi,오이,다다기계통(10개),채소류,반찬,5168
2026-06-19,oi,오이,다다기계통(10개),채소류,반찬,5168
2026-06-19,oi,오이,다다기계통(10개),채소류,반찬,5168
2026-06-22,oi,오이,다다기계통(10개),채소류,반찬,5113
2026-06-22,oi,오이,다다기계통(10개),채소류,반찬,5113
2026-06-22,oi,오이,다다기계통(10개),채소류,반찬,5113
2026-06-22,oi,오이,다다기계통(10개),채소류,반찬,5113
2026-06-22,oi,오이,다다기계통(10개),채소류,반찬,5113
2026-06-22,oi,오이,다다기계통(10개),채소류,반찬,5113
2026-06-22,oi,오이,다다기계통(10개),채소류,반찬,5113
2026-06-23,oi,오이,다다기계통(10개),채소류,반찬,5020
2026-06-23,oi,오이,다다기계통(10개),채소류,반찬,5020
2026-06-23,oi,오이,다다기계통(10개),채소류,반찬,5020
2026-06-23,oi,오이,다다기계통(10개),채소류,반찬,5020
2026-06-23,oi,오이,다다기계통(10개),채소류,반찬,5020
2026-06-23,oi,오이,다다기계통(10개),채소류,반찬,5020
2026-06-23,oi,오이,다다기계통(10개),채소류,반찬,5020
2026-06-24,oi,오이,다다기계통(10개),채소류,반찬,4909
2026-06-24,oi,오이,다다기계통(10개),채소류,반찬,4909
2026-06-24,oi,오이,다다기계통(10개),채소류,반찬,4909
2026-06-24,oi,오이,다다기계통(10개),채소류,반찬,4909
2026-06-24,oi,오이,다다기계통(10개),채소류,반찬,4909
2026-06-24,oi,오이,다다기계통(10개),채소류,반찬,4909
2026-06-24,oi,오이,다다기계통(10개),채소류,반찬,4909
2026-06-25,oi,오이,다다기계통(10개),채소류,반찬,4378
2026-06-25,oi,오이,다다기계통(10개),채소류,반찬,4378
2026-06-25,oi,오이,다다기계통(10개),채소류,반찬,4378
2026-06-25,oi,오이,다다기계통(10개),채소류,반찬,4378
2026-06-25,oi,오이,다다기계통(10개),채소류,반찬,4378
2026-06-25,oi,오이,다다기계통(10개),채소류,반찬,4378
2026-06-25,oi,오이,다다기계통(10개),채소류,반찬,4378
2026-06-26,oi,오이,다다기계통(10개),채소류,반찬,4357
2026-06-26,oi,오이,다다기계통(10개),채소류,반찬,4357
2026-06-26,oi,오이,다다기계통(10개),채소류,반찬,4357
2026-06-26,oi,오이,다다기계통(10개),채소류,반찬,4357
2026-06-26,oi,오이,다다기계통(10개),채소류,반찬,4357
2026-06-26,oi,오이,다다기계통(10개),채소류,반찬,4357
2026-06-26,oi,오이,다다기계통(10개),채소류,반찬,4357
2026-06-29,oi,오이,다다기계통(10개),채소류,반찬,4442
2026-06-29,oi,오이,다다기계통(10개),채소류,반찬,4442
2026-06-29,oi,오이,다다기계통(10개),채소류,반찬,4442
2026-06-29,oi,오이,다다기계통(10개),채소류,반찬,4442
2026-06-29,oi,오이,다다기계통(10개),채소류,반찬,4442
2026-06-29,oi,오이,다다기계통(10개),채소류,반찬,4442
2026-06-29,oi,오이,다다기계통(10개),채소류,반찬,4442
2026-06-30,oi,오이,다다기계통(10개),채소류,반찬,4654
2026-06-30,oi,오이,다다기계통(10개),채소류,반찬,4654
2026-06-30,oi,오이,다다기계통(10개),채소류,반찬,4654
2026-06-30,oi,오이,다다기계통(10개),채소류,반찬,4654
2026-06-30,oi,오이,다다기계통(10개),채소류,반찬,4654
2026-06-30,oi,오이,다다기계통(10개),채소류,반찬,4654
2026-06-30,oi,오이,다다기계통(10개),채소류,반찬,4654
2026-07-01,oi,오이,다다기계통(10개),채소류,반찬,4726
2026-07-01,oi,오이,다다기계통(10개),채소류,반찬,4726
2026-07-01,oi,오이,다다기계통(10개),채소류,반찬,4726
2026-07-01,oi,오이,다다기계통(10개),채소류,반찬,4726
2026-07-01,oi,오이,다다기계통(10개),채소류,반찬,4726
2026-07-01,oi,오이,다다기계통(10개),채소류,반찬,4726
2026-07-01,oi,오이,다다기계통(10개),채소류,반찬,4726
2026-07-02,oi,오이,다다기계통(10개),채소류,반찬,5468
2026-07-02,oi,오이,다다기계통(10개),채소류,반찬,5468
2026-07-02,oi,오이,다다기계통(10개),채소류,반찬,5468
2026-07-02,oi,오이,다다기계통(10개),채소류,반찬,5468
2026-07-02,oi,오이,다다기계통(10개),채소류,반찬,5468
2026-07-02,oi,오이,다다기계통(10개),채소류,반찬,5468
2026-07-02,oi,오이,다다기계통(10개),채소류,반찬,5468
2026-07-03,oi,오이,다다기계통(10개),채소류,반찬,5339
2026-07-03,oi,오이,다다기계통(10개),채소류,반찬,5339
2026-07-03,oi,오이,다다기계통(10개),채소류,반찬,5339
2026-07-03,oi,오이,다다기계통(10개),채소류,반찬,5339
2026-07-03,oi,오이,다다기계통(10개),채소류,반찬,5339
2026-07-03,oi,오이,다다기계통(10개),채소류,반찬,5339
2026-07-03,oi,오이,다다기계통(10개),채소류,반찬,5339
2026-07-06,oi,오이,다다기계통(10개),채소류,반찬,5384
2026-07-06,oi,오이,다다기계통(10개),채소류,반찬,5384
2026-07-06,oi,오이,다다기계통(10개),채소류,반찬,5384
2026-07-06,oi,오이,다다기계통(10개),채소류,반찬,5384
2026-07-06,oi,오이,다다기계통(10개),채소류,반찬,5384
2026-07-06,oi,오이,다다기계통(10개),채소류,반찬,5384
2026-07-06,oi,오이,다다기계통(10개),채소류,반찬,5384
2026-07-07,oi,오이,다다기계통(10개),채소류,반찬,5369
2026-07-07,oi,오이,다다기계통(10개),채소류,반찬,5369
2026-07-07,oi,오이,다다기계통(10개),채소류,반찬,5369
2026-07-07,oi,오이,다다기계통(10개),채소류,반찬,5369
2026-07-07,oi,오이,다다기계통(10개),채소류,반찬,5369
2026-07-07,oi,오이,다다기계통(10개),채소류,반찬,5369
2026-07-07,oi,오이,다다기계통(10개),채소류,반찬,5369
2026-07-08,oi,오이,다다기계통(10개),채소류,반찬,5255
2026-07-08,oi,오이,다다기계통(10개),채소류,반찬,5255
2026-07-08,oi,오이,다다기계통(10개),채소류,반찬,5255
2026-07-08,oi,오이,다다기계통(10개),채소류,반찬,5255
2026-07-08,oi,오이,다다기계통(10개),채소류,반찬,5255
2026-07-08,oi,오이,다다기계통(10개),채소류,반찬,5255
2026-07-08,oi,오이,다다기계통(10개),채소류,반찬,5255
2026-07-09,oi,오이,다다기계통(10개),채소류,반찬,5213
2026-07-09,oi,오이,다다기계통(10개),채소류,반찬,5213
2026-07-09,oi,오이,다다기계통(10개),채소류,반찬,5213
2026-07-09,oi,오이,다다기계통(10개),채소류,반찬,5213
2026-07-09,oi,오이,다다기계통(10개),채소류,반찬,5213
2026-07-09,oi,오이,다다기계통(10개),채소류,반찬,5213
2026-07-09,oi,오이,다다기계통(10개),채소류,반찬,5213
2026-07-10,oi,오이,다다기계통(10개),채소류,반찬,5266
2026-07-10,oi,오이,다다기계통(10개),채소류,반찬,5266
2026-07-10,oi,오이,다다기계통(10개),채소류,반찬,5266
2026-07-10,oi,오이,다다기계통(10개),채소류,반찬,5266
2026-07-10,oi,오이,다다기계통(10개),채소류,반찬,5266
2026-07-10,oi,오이,다다기계통(10개),채소류,반찬,5266
2026-07-10,oi,오이,다다기계통(10개),채소류,반찬,5266
2026-07-13,oi,오이,다다기계통(10개),채소류,반찬,5259
2026-07-13,oi,오이,다다기계통(10개),채소류,반찬,5259
2026-07-13,oi,오이,다다기계통(10개),채소류,반찬,5259
2026-07-13,oi,오이,다다기계통(10개),채소류,반찬,5259
2026-07-13,oi,오이,다다기계통(10개),채소류,반찬,5259
2026-07-13,oi,오이,다다기계통(10개),채소류,반찬,5259
2026-07-13,oi,오이,다다기계통(10개),채소류,반찬,5259
2026-07-14,oi,오이,다다기계통(10개),채소류,반찬,5340
2026-07-14,oi,오이,다다기계통(10개),채소류,반찬,5340
2026-07-14,oi,오이,다다기계통(10개),채소류,반찬,5340
2026-07-14,oi,오이,다다기계통(10개),채소류,반찬,5340
2026-07-14,oi,오이,다다기계통(10개),채소류,반찬,5340
2026-07-14,oi,오이,다다기계통(10개),채소류,반찬,5340
2026-07-14,oi,오이,다다기계통(10개),채소류,반찬,5340
2026-07-15,oi,오이,다다기계통(10개),채소류,반찬,5473
2026-07-15,oi,오이,다다기계통(10개),채소류,반찬,5473
2026-07-15,oi,오이,다다기계통(10개),채소류,반찬,5473
2026-07-15,oi,오이,다다기계통(10개),채소류,반찬,5473
2026-07-15,oi,오이,다다기계통(10개),채소류,반찬,5473
2026-07-15,oi,오이,다다기계통(10개),채소류,반찬,5473
2026-07-15,oi,오이,다다기계통(10개),채소류,반찬,5473
2026-07-16,oi,오이,다다기계통(10개),채소류,반찬,6908
2026-07-16,oi,오이,다다기계통(10개),채소류,반찬,6908
2026-07-16,oi,오이,다다기계통(10개),채소류,반찬,6908
2026-07-16,oi,오이,다다기계통(10개),채소류,반찬,6908
2026-07-16,oi,오이,다다기계통(10개),채소류,반찬,6908
2026-07-16,oi,오이,다다기계통(10개),채소류,반찬,6908
2026-07-16,oi,오이,다다기계통(10개),채소류,반찬,6908
2026-07-20,oi,오이,다다기계통(10개),채소류,반찬,7584
2026-07-20,oi,오이,다다기계통(10개),채소류,반찬,7584
2026-07-20,oi,오이,다다기계통(10개),채소류,반찬,7584
2026-07-20,oi,오이,다다기계통(10개),채소류,반찬,7584
2026-07-20,oi,오이,다다기계통(10개),채소류,반찬,7584
2026-07-20,oi,오이,다다기계통(10개),채소류,반찬,7584
2026-07-20,oi,오이,다다기계통(10개),채소류,반찬,7584
2026-07-21,oi,오이,다다기계통(10개),채소류,반찬,7769
2026-07-21,oi,오이,다다기계통(10개),채소류,반찬,7769
2026-07-21,oi,오이,다다기계통(10개),채소류,반찬,7769
2026-07-21,oi,오이,다다기계통(10개),채소류,반찬,7769
2026-07-21,oi,오이,다다기계통(10개),채소류,반찬,7769
2026-07-21,oi,오이,다다기계통(10개),채소류,반찬,7769
2026-07-21,oi,오이,다다기계통(10개),채소류,반찬,7769
2026-07-22,oi,오이,다다기계통(10개),채소류,반찬,7801
2026-07-22,oi,오이,다다기계통(10개),채소류,반찬,7801
2026-07-22,oi,오이,다다기계통(10개),채소류,반찬,7801
2026-07-22,oi,오이,다다기계통(10개),채소류,반찬,7801
2026-07-22,oi,오이,다다기계통(10개),채소류,반찬,7801
2026-07-22,oi,오이,다다기계통(10개),채소류,반찬,7801
2026-07-22,oi,오이,다다기계통(10개),채소류,반찬,7801
2026-07-23,oi,오이,다다기계통(10개),채소류,반찬,8041
2026-07-23,oi,오이,다다기계통(10개),채소류,반찬,8041
2026-07-23,oi,오이,다다기계통(10개),채소류,반찬,8041
2026-07-23,oi,오이,다다기계통(10개),채소류,반찬,8041
2026-07-23,oi,오이,다다기계통(10개),채소류,반찬,8041
2026-07-23,oi,오이,다다기계통(10개),채소류,반찬,8041
2026-07-23,oi,오이,다다기계통(10개),채소류,반찬,8041
2026-07-24,oi,오이,다다기계통(10개),채소류,반찬,8100
2026-07-24,oi,오이,다다기계통(10개),채소류,반찬,8100
2026-07-24,oi,오이,다다기계통(10개),채소류,반찬,8100
2026-07-24,oi,오이,다다기계통(10개),채소류,반찬,8100
2026-07-24,oi,오이,다다기계통(10개),채소류,반찬,8100
2026-07-24,oi,오이,다다기계통(10개),채소류,반찬,8100
2026-07-24,oi,오이,다다기계통(10개),채소류,반찬,8100
2026-07-27,oi,오이,다다기계통(10개),채소류,반찬,8195
2026-07-27,oi,오이,다다기계통(10개),채소류,반찬,8195
2026-07-27,oi,오이,다다기계통(10개),채소류,반찬,8195
2026-07-27,oi,오이,다다기계통(10개),채소류,반찬,8195
2026-07-27,oi,오이,다다기계통(10개),채소류,반찬,8195
2026-07-27,oi,오이,다다기계통(10개),채소류,반찬,8195
2026-07-27,oi,오이,다다기계통(10개),채소류,반찬,8195
2026-07-28,oi,오이,다다기계통(10개),채소류,반찬,8140
2026-07-28,oi,오이,다다기계통(10개),채소류,반찬,8140
2026-07-28,oi,오이,다다기계통(10개),채소류,반찬,8140
2026-07-28,oi,오이,다다기계통(10개),채소류,반찬,8140
2026-07-28,oi,오이,다다기계통(10개),채소류,반찬,8140
2026-07-28,oi,오이,다다기계통(10개),채소류,반찬,8140
2026-07-28,oi,오이,다다기계통(10개),채소류,반찬,8140
2026-07-29,oi,오이,다다기계통(10개),채소류,반찬,8193
2026-07-29,oi,오이,다다기계통(10개),채소류,반찬,8193
2026-07-29,oi,오이,다다기계통(10개),채소류,반찬,8193
2026-07-29,oi,오이,다다기계통(10개),채소류,반찬,8193
2026-07-29,oi,오이,다다기계통(10개),채소류,반찬,8193
2026-07-29,oi,오이,다다기계통(10개),채소류,반찬,8193
2026-07-29,oi,오이,다다기계통(10개),채소류,반찬,8193
2026-07-30,oi,오이,다다기계통(10개),채소류,반찬,8499
2026-07-30,oi,오이,다다기계통(10개),채소류,반찬,8499
2026-07-30,oi,오이,다다기계통(10개),채소류,반찬,8499
2026-07-30,oi,오이,다다기계통(10개),채소류,반찬,8499
2026-07-30,oi,오이,다다기계통(10개),채소류,반찬,8499
2026-07-30,oi,오이,다다기계통(10개),채소류,반찬,8499
2026-07-30,oi,오이,다다기계통(10개),채소류,반찬,8499
2026-07-31,oi,오이,다다기계통(10개),채소류,반찬,8605
2026-07-31,oi,오이,다다기계통(10개),채소류,반찬,8605
2026-07-31,oi,오이,다다기계통(10개),채소류,반찬,8605
2026-07-31,oi,오이,다다기계통(10개),채소류,반찬,8605
2026-07-31,oi,오이,다다기계통(10개),채소류,반찬,8605
2026-07-31,oi,오이,다다기계통(10개),채소류,반찬,8605
2026-07-31,oi,오이,다다기계통(10개),채소류,반찬,8605
2026-08-03,oi,오이,다다기계통(10개),채소류,반찬,9347
2026-08-03,oi,오이,다다기계통(10개),채소류,반찬,9347
2026-08-03,oi,오이,다다기계통(10개),채소류,반찬,9347
2026-08-03,oi,오이,다다기계통(10개),채소류,반찬,9347
2026-08-03,oi,오이,다다기계통(10개),채소류,반찬,9347
2026-08-03,oi,오이,다다기계통(10개),채소류,반찬,9347
2026-08-03,oi,오이,다다기계통(10개),채소류,반찬,9347
2026-08-04,oi,오이,다다기계통(10개),채소류,반찬,9312
2026-08-04,oi,오이,다다기계통(10개),채소류,반찬,9312
2026-08-04,oi,오이,다다기계통(10개),채소류,반찬,9312
2026-08-04,oi,오이,다다기계통(10개),채소류,반찬,9312
2026-08-04,oi,오이,다다기계통(10개),채소류,반찬,9312
2026-08-04,oi,오이,다다기계통(10개),채소류,반찬,9312
2026-08-04,oi,오이,다다기계통(10개),채소류,반찬,9312
2026-08-05,oi,오이,다다기계통(10개),채소류,반찬,9181
2026-08-05,oi,오이,다다기계통(10개),채소류,반찬,9181
2026-08-05,oi,오이,다다기계통(10개),채소류,반찬,9181
2026-08-05,oi,오이,다다기계통(10개),채소류,반찬,9181
2026-08-05,oi,오이,다다기계통(10개),채소류,반찬,9181
2026-08-05,oi,오이,다다기계통(10개),채소류,반찬,9181
2026-08-05,oi,오이,다다기계통(10개),채소류,반찬,9181
2026-08-06,oi,오이,다다기계통(10개),채소류,반찬,8343
2026-08-06,oi,오이,다다기계통(10개),채소류,반찬,8343
2026-08-06,oi,오이,다다기계통(10개),채소류,반찬,8343
2026-08-06,oi,오이,다다기계통(10개),채소류,반찬,8343
2026-08-06,oi,오이,다다기계통(10개),채소류,반찬,8343
2026-08-06,oi,오이,다다기계통(10개),채소류,반찬,8343
2026-08-06,oi,오이,다다기계통(10개),채소류,반찬,8343
2026-08-07,oi,오이,다다기계통(10개),채소류,반찬,8313
2026-08-07,oi,오이,다다기계통(10개),채소류,반찬,8313
2026-08-07,oi,오이,다다기계통(10개),채소류,반찬,8313
2026-08-07,oi,오이,다다기계통(10개),채소류,반찬,8313
2026-08-07,oi,오이,다다기계통(10개),채소류,반찬,8313
2026-08-07,oi,오이,다다기계통(10개),채소류,반찬,8313
2026-08-07,oi,오이,다다기계통(10개),채소류,반찬,8313
2026-08-10,oi,오이,다다기계통(10개),채소류,반찬,8366
2026-08-10,oi,오이,다다기계통(10개),채소류,반찬,8366
2026-08-10,oi,오이,다다기계통(10개),채소류,반찬,8366
2026-08-10,oi,오이,다다기계통(10개),채소류,반찬,8366
2026-08-10,oi,오이,다다기계통(10개),채소류,반찬,8366
2026-08-10,oi,오이,다다기계통(10개),채소류,반찬,8366
2026-08-10,oi,오이,다다기계통(10개),채소류,반찬,8366
2026-08-11,oi,오이,다다기계통(10개),채소류,반찬,8336
2026-08-11,oi,오이,다다기계통(10개),채소류,반찬,8336
2026-08-11,oi,오이,다다기계통(10개),채소류,반찬,8336
2026-08-11,oi,오이,다다기계통(10개),채소류,반찬,8336
2026-08-11,oi,오이,다다기계통(10개),채소류,반찬,8336
2026-08-11,oi,오이,다다기계통(10개),채소류,반찬,8336
2026-08-11,oi,오이,다다기계통(10개),채소류,반찬,8336
2026-08-12,oi,오이,다다기계통(10개),채소류,반찬,8440
2026-08-12,oi,오이,다다기계통(10개),채소류,반찬,8440
2026-08-12,oi,오이,다다기계통(10개),채소류,반찬,8440
2026-08-12,oi,오이,다다기계통(10개),채소류,반찬,8440
2026-08-12,oi,오이,다다기계통(10개),채소류,반찬,8440
2026-08-12,oi,오이,다다기계통(10개),채소류,반찬,8440
2026-08-12,oi,오이,다다기계통(10개),채소류,반찬,8440
2026-08-13,oi,오이,다다기계통(10개),채소류,반찬,7727
2026-08-13,oi,오이,다다기계통(10개),채소류,반찬,7727
2026-08-13,oi,오이,다다기계통(10개),채소류,반찬,7727
2026-08-13,oi,오이,다다기계통(10개),채소류,반찬,7727
2026-08-13,oi,오이,다다기계통(10개),채소류,반찬,7727
2026-08-13,oi,오이,다다기계통(10개),채소류,반찬,7727
2026-08-13,oi,오이,다다기계통(10개),채소류,반찬,7727
2026-08-14,oi,오이,다다기계통(10개),채소류,반찬,7714
2026-08-14,oi,오이,다다기계통(10개),채소류,반찬,7714
2026-08-14,oi,오이,다다기계통(10개),채소류,반찬,7714
2026-08-14,oi,오이,다다기계통(10개),채소류,반찬,7714
2026-08-14,oi,오이,다다기계통(10개),채소류,반찬,7714
2026-08-14,oi,오이,다다기계통(10개),채소류,반찬,7714
2026-08-14,oi,오이,다다기계통(10개),채소류,반찬,7714
2026-08-18,oi,오이,다다기계통(10개),채소류,반찬,7766
2026-08-18,oi,오이,다다기계통(10개),채소류,반찬,7766
2026-08-18,oi,오이,다다기계통(10개),채소류,반찬,7766
2026-08-18,oi,오이,다다기계통(10개),채소류,반찬,7766
2026-08-18,oi,오이,다다기계통(10개),채소류,반찬,7766
2026-08-18,oi,오이,다다기계통(10개),채소류,반찬,7766
2026-08-18,oi,오이,다다기계통(10개),채소류,반찬,7766
2026-08-19,oi,오이,다다기계통(10개),채소류,반찬,8029
2026-08-19,oi,오이,다다기계통(10개),채소류,반찬,8029
2026-08-19,oi,오이,다다기계통(10개),채소류,반찬,8029
2026-08-19,oi,오이,다다기계통(10개),채소류,반찬,8029
2026-08-19,oi,오이,다다기계통(10개),채소류,반찬,8029
2026-08-19,oi,오이,다다기계통(10개),채소류,반찬,8029
2026-08-19,oi,오이,다다기계통(10개),채소류,반찬,8029
2026-08-20,oi,오이,다다기계통(10개),채소류,반찬,9614
2026-08-20,oi,오이,다다기계통(10개),채소류,반찬,9614
2026-08-20,oi,오이,다다기계통(10개),채소류,반찬,9614
2026-08-20,oi,오이,다다기계통(10개),채소류,반찬,9614
2026-08-20,oi,오이,다다기계통(10개),채소류,반찬,9614
2026-08-20,oi,오이,다다기계통(10개),채소류,반찬,9614
2026-08-20,oi,오이,다다기계통(10개),채소류,반찬,9614
2026-08-21,oi,오이,다다기계통(10개),채소류,반찬,9623
2026-08-21,oi,오이,다다기계통(10개),채소류,반찬,9623
2026-08-21,oi,오이,다다기계통(10개),채소류,반찬,9623
2026-08-21,oi,오이,다다기계통(10개),채소류,반찬,9623
2026-08-21,oi,오이,다다기계통(10개),채소류,반찬,9623
2026-08-21,oi,오이,다다기계통(10개),채소류,반찬,9623
2026-08-21,oi,오이,다다기계통(10개),채소류,반찬,9623
2026-08-24,oi,오이,다다기계통(10개),채소류,반찬,9600
2026-08-24,oi,오이,다다기계통(10개),채소류,반찬,9600
2026-08-24,oi,오이,다다기계통(10개),채소류,반찬,9600
2026-08-24,oi,오이,다다기계통(10개),채소류,반찬,9600
2026-08-24,oi,오이,다다기계통(10개),채소류,반찬,9600
2026-08-24,oi,오이,다다기계통(10개),채소류,반찬,9600
2026-08-24,oi,오이,다다기계통(10개),채소류,반찬,9600
2026-08-25,oi,오이,다다기계통(10개),채소류,반찬,9564
2026-08-25,oi,오이,다다기계통(10개),채소류,반찬,9564
2026-08-25,oi,오이,다다기계통(10개),채소류,반찬,9564
2026-08-25,oi,오이,다다기계통(10개),채소류,반찬,9564
2026-08-25,oi,오이,다다기계통(10개),채소류,반찬,9564
2026-08-25,oi,오이,다다기계통(10개),채소류,반찬,9564
2026-08-25,oi,오이,다다기계통(10개),채소류,반찬,9564
2026-08-26,oi,오이,다다기계통(10개),채소류,반찬,9548
2026-08-26,oi,오이,다다기계통(10개),채소류,반찬,9548
2026-08-26,oi,오이,다다기계통(10개),채소류,반찬,9548
2026-08-26,oi,오이,다다기계통(10개),채소류,반찬,9548
2026-08-26,oi,오이,다다기계통(10개),채소류,반찬,9548
2026-08-26,oi,오이,다다기계통(10개),채소류,반찬,9548
2026-08-26,oi,오이,다다기계통(10개),채소류,반찬,9548
2026-08-27,oi,오이,다다기계통(10개),채소류,반찬,9955
2026-08-27,oi,오이,다다기계통(10개),채소류,반찬,9955
2026-08-27,oi,오이,다다기계통(10개),채소류,반찬,9955
2026-08-27,oi,오이,다다기계통(10개),채소류,반찬,9955
2026-08-27,oi,오이,다다기계통(10개),채소류,반찬,9955
2026-08-27,oi,오이,다다기계통(10개),채소류,반찬,9955
2026-08-27,oi,오이,다다기계통(10개),채소류,반찬,9955
2026-08-28,oi,오이,다다기계통(10개),채소류,반찬,9969
2026-08-28,oi,오이,다다기계통(10개),채소류,반찬,9969
2026-08-28,oi,오이,다다기계통(10개),채소류,반찬,9969
2026-08-28,oi,오이,다다기계통(10개),채소류,반찬,9969
2026-08-28,oi,오이,다다기계통(10개),채소류,반찬,9969
2026-08-28,oi,오이,다다기계통(10개),채소류,반찬,9969
2026-08-28,oi,오이,다다기계통(10개),채소류,반찬,9969
2026-08-31,oi,오이,다다기계통(10개),채소류,반찬,9781
2026-08-31,oi,오이,다다기계통(10개),채소류,반찬,9781
2026-08-31,oi,오이,다다기계통(10개),채소류,반찬,9781
2026-08-31,oi,오이,다다기계통(10개),채소류,반찬,9781
2026-08-31,oi,오이,다다기계통(10개),채소류,반찬,9781
2026-08-31,oi,오이,다다기계통(10개),채소류,반찬,9781
2026-08-31,oi,오이,다다기계통(10개),채소류,반찬,9781
2026-09-01,oi,오이,다다기계통(10개),채소류,반찬,9783
2026-09-01,oi,오이,다다기계통(10개),채소류,반찬,9783
2026-09-01,oi,오이,다다기계통(10개),채소류,반찬,9783
2026-09-01,oi,오이,다다기계통(10개),채소류,반찬,9783
2026-09-01,oi,오이,다다기계통(10개),채소류,반찬,9783
2026-09-01,oi,오이,다다기계통(10개),채소류,반찬,9783
2026-09-01,oi,오이,다다기계통(10개),채소류,반찬,9783
2026-09-02,oi,오이,다다기계통(10개),채소류,반찬,9867
2026-09-02,oi,오이,다다기계통(10개),채소류,반찬,9867
2026-09-02,oi,오이,다다기계통(10개),채소류,반찬,9867
2026-09-02,oi,오이,다다기계통(10개),채소류,반찬,9867
2026-09-02,oi,오이,다다기계통(10개),채소류,반찬,9867
2026-09-02,oi,오이,다다기계통(10개),채소류,반찬,9867
2026-09-02,oi,오이,다다기계통(10개),채소류,반찬,9867
2026-09-03,oi,오이,다다기계통(10개),채소류,반찬,10918
2026-09-03,oi,오이,다다기계통(10개),채소류,반찬,10918
2026-09-03,oi,오이,다다기계통(10개),채소류,반찬,10918
2026-09-03,oi,오이,다다기계통(10개),채소류,반찬,10918
2026-09-03,oi,오이,다다기계통(10개),채소류,반찬,10918
2026-09-03,oi,오이,다다기계통(10개),채소류,반찬,10918
2026-09-03,oi,오이,다다기계통(10개),채소류,반찬,10918
2026-09-04,oi,오이,다다기계통(10개),채소류,반찬,10982
2026-09-04,oi,오이,다다기계통(10개),채소류,반찬,10982
2026-09-04,oi,오이,다다기계통(10개),채소류,반찬,10982
2026-09-04,oi,오이,다다기계통(10개),채소류,반찬,10982
2026-09-04,oi,오이,다다기계통(10개),채소류,반찬,10982
2026-09-04,oi,오이,다다기계통(10개),채소류,반찬,10982
2026-09-04,oi,오이,다다기계통(10개),채소류,반찬,10982
2026-09-07,oi,오이,다다기계통(10개),채소류,반찬,10735
2026-09-07,oi,오이,다다기계통(10개),채소류,반찬,10735
2026-09-07,oi,오이,다다기계통(10개),채소류,반찬,10735
2026-09-07,oi,오이,다다기계통(10개),채소류,반찬,10735
2026-09-07,oi,오이,다다기계통(10개),채소류,반찬,10735
2026-09-07,oi,오이,다다기계통(10개),채소류,반찬,10735
2026-09-07,oi,오이,다다기계통(10개),채소류,반찬,10735
2026-09-08,oi,오이,다다기계통(10개),채소류,반찬,10973
2026-09-08,oi,오이,다다기계통(10개),채소류,반찬,10973
2026-09-08,oi,오이,다다기계통(10개),채소류,반찬,10973
2026-09-08,oi,오이,다다기계통(10개),채소류,반찬,10973
2026-09-08,oi,오이,다다기계통(10개),채소류,반찬,10973
2026-09-08,oi,오이,다다기계통(10개),채소류,반찬,10973
2026-09-08,oi,오이,다다기계통(10개),채소류,반찬,10973
2026-09-09,oi,오이,다다기계통(10개),채소류,반찬,11452
2026-09-09,oi,오이,다다기계통(10개),채소류,반찬,11452
2026-09-09,oi,오이,다다기계통(10개),채소류,반찬,11452
2026-09-09,oi,오이,다다기계통(10개),채소류,반찬,11452
2026-09-09,oi,오이,다다기계통(10개),채소류,반찬,11452
2026-09-09,oi,오이,다다기계통(10개),채소류,반찬,11452
2026-09-09,oi,오이,다다기계통(10개),채소류,반찬,11452
2026-09-10,oi,오이,다다기계통(10개),채소류,반찬,12395
2026-09-10,oi,오이,다다기계통(10개),채소류,반찬,12395
2026-09-10,oi,오이,다다기계통(10개),채소류,반찬,12395
2026-09-10,oi,오이,다다기계통(10개),채소류,반찬,12395
2026-09-10,oi,오이,다다기계통(10개),채소류,반찬,12395
2026-09-10,oi,오이,다다기계통(10개),채소류,반찬,12395
2025-09-10,sigeumchi,시금치,시금치(100g),채소류,나물,2833
2025-09-10,sigeumchi,시금치,시금치(100g),채소류,나물,2833
2025-09-10,sigeumchi,시금치,시금치(100g),채소류,나물,2833
2025-09-10,sigeumchi,시금치,시금치(100g),채소류,나물,2833
2025-09-10,sigeumchi,시금치,시금치(100g),채소류,나물,2833
2025-09-10,sigeumchi,시금치,시금치(100g),채소류,나물,2833
2025-09-10,sigeumchi,시금치,시금치(100g),채소류,나물,2833
2025-09-11,sigeumchi,시금치,시금치(100g),채소류,나물,2932
2025-09-11,sigeumchi,시금치,시금치(100g),채소류,나물,2932
2025-09-11,sigeumchi,시금치,시금치(100g),채소류,나물,2932
2025-09-11,sigeumchi,시금치,시금치(100g),채소류,나물,2932
2025-09-11,sigeumchi,시금치,시금치(100g),채소류,나물,2932
2025-09-11,sigeumchi,시금치,시금치(100g),채소류,나물,2932
2025-09-11,sigeumchi,시금치,시금치(100g),채소류,나물,2932
2025-09-12,sigeumchi,시금치,시금치(100g),채소류,나물,2933
2025-09-12,sigeumchi,시금치,시금치(100g),채소류,나물,2933
2025-09-12,sigeumchi,시금치,시금치(100g),채소류,나물,2933
2025-09-12,sigeumchi,시금치,시금치(100g),채소류,나물,2933
2025-09-12,sigeumchi,시금치,시금치(100g),채소류,나물,2933
2025-09-12,sigeumchi,시금치,시금치(100g),채소류,나물,2933
2025-09-12,sigeumchi,시금치,시금치(100g),채소류,나물,2933
2025-09-15,sigeumchi,시금치,시금치(100g),채소류,나물,3012
2025-09-15,sigeumchi,시금치,시금치(100g),채소류,나물,3012
2025-09-15,sigeumchi,시금치,시금치(100g),채소류,나물,3012
2025-09-15,sigeumchi,시금치,시금치(100g),채소류,나물,3012
2025-09-15,sigeumchi,시금치,시금치(100g),채소류,나물,3012
2025-09-15,sigeumchi,시금치,시금치(100g),채소류,나물,3012
2025-09-15,sigeumchi,시금치,시금치(100g),채소류,나물,3012
2025-09-16,sigeumchi,시금치,시금치(100g),채소류,나물,2948
2025-09-16,sigeumchi,시금치,시금치(100g),채소류,나물,2948
2025-09-16,sigeumchi,시금치,시금치(100g),채소류,나물,2948
2025-09-16,sigeumchi,시금치,시금치(100g),채소류,나물,2948
2025-09-16,sigeumchi,시금치,시금치(100g),채소류,나물,2948
2025-09-16,sigeumchi,시금치,시금치(100g),채소류,나물,2948
2025-09-16,sigeumchi,시금치,시금치(100g),채소류,나물,2948
2025-09-17,sigeumchi,시금치,시금치(100g),채소류,나물,2927
2025-09-17,sigeumchi,시금치,시금치(100g),채소류,나물,2927
2025-09-17,sigeumchi,시금치,시금치(100g),채소류,나물,2927
2025-09-17,sigeumchi,시금치,시금치(100g),채소류,나물,2927
2025-09-17,sigeumchi,시금치,시금치(100g),채소류,나물,2927
2025-09-17,sigeumchi,시금치,시금치(100g),채소류,나물,2927
2025-09-17,sigeumchi,시금치,시금치(100g),채소류,나물,2927
2025-09-18,sigeumchi,시금치,시금치(100g),채소류,나물,2831
2025-09-18,sigeumchi,시금치,시금치(100g),채소류,나물,2831
2025-09-18,sigeumchi,시금치,시금치(100g),채소류,나물,2831
2025-09-18,sigeumchi,시금치,시금치(100g),채소류,나물,2831
2025-09-18,sigeumchi,시금치,시금치(100g),채소류,나물,2831
2025-09-18,sigeumchi,시금치,시금치(100g),채소류,나물,2831
2025-09-18,sigeumchi,시금치,시금치(100g),채소류,나물,2831
2025-09-19,sigeumchi,시금치,시금치(100g),채소류,나물,2809
2025-09-19,sigeumchi,시금치,시금치(100g),채소류,나물,2809
2025-09-19,sigeumchi,시금치,시금치(100g),채소류,나물,2809
2025-09-19,sigeumchi,시금치,시금치(100g),채소류,나물,2809
2025-09-19,sigeumchi,시금치,시금치(100g),채소류,나물,2809
2025-09-19,sigeumchi,시금치,시금치(100g),채소류,나물,2809
2025-09-19,sigeumchi,시금치,시금치(100g),채소류,나물,2809
2025-09-22,sigeumchi,시금치,시금치(100g),채소류,나물,2717
2025-09-22,sigeumchi,시금치,시금치(100g),채소류,나물,2717
2025-09-22,sigeumchi,시금치,시금치(100g),채소류,나물,2717
2025-09-22,sigeumchi,시금치,시금치(100g),채소류,나물,2717
2025-09-22,sigeumchi,시금치,시금치(100g),채소류,나물,2717
2025-09-22,sigeumchi,시금치,시금치(100g),채소류,나물,2717
2025-09-22,sigeumchi,시금치,시금치(100g),채소류,나물,2717
2025-09-23,sigeumchi,시금치,시금치(100g),채소류,나물,2679
2025-09-23,sigeumchi,시금치,시금치(100g),채소류,나물,2679
2025-09-23,sigeumchi,시금치,시금치(100g),채소류,나물,2679
2025-09-23,sigeumchi,시금치,시금치(100g),채소류,나물,2679
2025-09-23,sigeumchi,시금치,시금치(100g),채소류,나물,2679
2025-09-23,sigeumchi,시금치,시금치(100g),채소류,나물,2679
2025-09-23,sigeumchi,시금치,시금치(100g),채소류,나물,2679
2025-09-24,sigeumchi,시금치,시금치(100g),채소류,나물,2636
2025-09-24,sigeumchi,시금치,시금치(100g),채소류,나물,2636
2025-09-24,sigeumchi,시금치,시금치(100g),채소류,나물,2636
2025-09-24,sigeumchi,시금치,시금치(100g),채소류,나물,2636
2025-09-24,sigeumchi,시금치,시금치(100g),채소류,나물,2636
2025-09-24,sigeumchi,시금치,시금치(100g),채소류,나물,2636
2025-09-24,sigeumchi,시금치,시금치(100g),채소류,나물,2636
2025-09-25,sigeumchi,시금치,시금치(100g),채소류,나물,2019
2025-09-25,sigeumchi,시금치,시금치(100g),채소류,나물,2019
2025-09-25,sigeumchi,시금치,시금치(100g),채소류,나물,2019
2025-09-25,sigeumchi,시금치,시금치(100g),채소류,나물,2019
2025-09-25,sigeumchi,시금치,시금치(100g),채소류,나물,2019
2025-09-25,sigeumchi,시금치,시금치(100g),채소류,나물,2019
2025-09-25,sigeumchi,시금치,시금치(100g),채소류,나물,2019
2025-09-26,sigeumchi,시금치,시금치(100g),채소류,나물,1998
2025-09-26,sigeumchi,시금치,시금치(100g),채소류,나물,1998
2025-09-26,sigeumchi,시금치,시금치(100g),채소류,나물,1998
2025-09-26,sigeumchi,시금치,시금치(100g),채소류,나물,1998
2025-09-26,sigeumchi,시금치,시금치(100g),채소류,나물,1998
2025-09-26,sigeumchi,시금치,시금치(100g),채소류,나물,1998
2025-09-26,sigeumchi,시금치,시금치(100g),채소류,나물,1998
2025-09-29,sigeumchi,시금치,시금치(100g),채소류,나물,1948
2025-09-29,sigeumchi,시금치,시금치(100g),채소류,나물,1948
2025-09-29,sigeumchi,시금치,시금치(100g),채소류,나물,1948
2025-09-29,sigeumchi,시금치,시금치(100g),채소류,나물,1948
2025-09-29,sigeumchi,시금치,시금치(100g),채소류,나물,1948
2025-09-29,sigeumchi,시금치,시금치(100g),채소류,나물,1948
2025-09-29,sigeumchi,시금치,시금치(100g),채소류,나물,1948
2025-09-30,sigeumchi,시금치,시금치(100g),채소류,나물,1808
2025-09-30,sigeumchi,시금치,시금치(100g),채소류,나물,1808
2025-09-30,sigeumchi,시금치,시금치(100g),채소류,나물,1808
2025-09-30,sigeumchi,시금치,시금치(100g),채소류,나물,1808
2025-09-30,sigeumchi,시금치,시금치(100g),채소류,나물,1808
2025-09-30,sigeumchi,시금치,시금치(100g),채소류,나물,1808
2025-09-30,sigeumchi,시금치,시금치(100g),채소류,나물,1808
2025-10-01,sigeumchi,시금치,시금치(100g),채소류,나물,1798
2025-10-01,sigeumchi,시금치,시금치(100g),채소류,나물,1798
2025-10-01,sigeumchi,시금치,시금치(100g),채소류,나물,1798
2025-10-01,sigeumchi,시금치,시금치(100g),채소류,나물,1798
2025-10-01,sigeumchi,시금치,시금치(100g),채소류,나물,1798
2025-10-01,sigeumchi,시금치,시금치(100g),채소류,나물,1798
2025-10-01,sigeumchi,시금치,시금치(100g),채소류,나물,1798
2025-10-02,sigeumchi,시금치,시금치(100g),채소류,나물,1861
2025-10-02,sigeumchi,시금치,시금치(100g),채소류,나물,1861
2025-10-02,sigeumchi,시금치,시금치(100g),채소류,나물,1861
2025-10-02,sigeumchi,시금치,시금치(100g),채소류,나물,1861
2025-10-02,sigeumchi,시금치,시금치(100g),채소류,나물,1861
2025-10-02,sigeumchi,시금치,시금치(100g),채소류,나물,1861
2025-10-02,sigeumchi,시금치,시금치(100g),채소류,나물,1861
2025-10-10,sigeumchi,시금치,시금치(100g),채소류,나물,2080
2025-10-10,sigeumchi,시금치,시금치(100g),채소류,나물,2080
2025-10-10,sigeumchi,시금치,시금치(100g),채소류,나물,2080
2025-10-10,sigeumchi,시금치,시금치(100g),채소류,나물,2080
2025-10-10,sigeumchi,시금치,시금치(100g),채소류,나물,2080
2025-10-10,sigeumchi,시금치,시금치(100g),채소류,나물,2080
2025-10-10,sigeumchi,시금치,시금치(100g),채소류,나물,2080
2025-10-13,sigeumchi,시금치,시금치(100g),채소류,나물,1871
2025-10-13,sigeumchi,시금치,시금치(100g),채소류,나물,1871
2025-10-13,sigeumchi,시금치,시금치(100g),채소류,나물,1871
2025-10-13,sigeumchi,시금치,시금치(100g),채소류,나물,1871
2025-10-13,sigeumchi,시금치,시금치(100g),채소류,나물,1871
2025-10-13,sigeumchi,시금치,시금치(100g),채소류,나물,1871
2025-10-13,sigeumchi,시금치,시금치(100g),채소류,나물,1871
2025-10-14,sigeumchi,시금치,시금치(100g),채소류,나물,1772
2025-10-14,sigeumchi,시금치,시금치(100g),채소류,나물,1772
2025-10-14,sigeumchi,시금치,시금치(100g),채소류,나물,1772
2025-10-14,sigeumchi,시금치,시금치(100g),채소류,나물,1772
2025-10-14,sigeumchi,시금치,시금치(100g),채소류,나물,1772
2025-10-14,sigeumchi,시금치,시금치(100g),채소류,나물,1772
2025-10-14,sigeumchi,시금치,시금치(100g),채소류,나물,1772
2025-10-15,sigeumchi,시금치,시금치(100g),채소류,나물,1768
2025-10-15,sigeumchi,시금치,시금치(100g),채소류,나물,1768
2025-10-15,sigeumchi,시금치,시금치(100g),채소류,나물,1768
2025-10-15,sigeumchi,시금치,시금치(100g),채소류,나물,1768
2025-10-15,sigeumchi,시금치,시금치(100g),채소류,나물,1768
2025-10-15,sigeumchi,시금치,시금치(100g),채소류,나물,1768
2025-10-15,sigeumchi,시금치,시금치(100g),채소류,나물,1768
2025-10-16,sigeumchi,시금치,시금치(100g),채소류,나물,1256
2025-10-16,sigeumchi,시금치,시금치(100g),채소류,나물,1256
2025-10-16,sigeumchi,시금치,시금치(100g),채소류,나물,1256
2025-10-16,sigeumchi,시금치,시금치(100g),채소류,나물,1256
2025-10-16,sigeumchi,시금치,시금치(100g),채소류,나물,1256
2025-10-16,sigeumchi,시금치,시금치(100g),채소류,나물,1256
2025-10-16,sigeumchi,시금치,시금치(100g),채소류,나물,1256
2025-10-17,sigeumchi,시금치,시금치(100g),채소류,나물,1201
2025-10-17,sigeumchi,시금치,시금치(100g),채소류,나물,1201
2025-10-17,sigeumchi,시금치,시금치(100g),채소류,나물,1201
2025-10-17,sigeumchi,시금치,시금치(100g),채소류,나물,1201
2025-10-17,sigeumchi,시금치,시금치(100g),채소류,나물,1201
2025-10-17,sigeumchi,시금치,시금치(100g),채소류,나물,1201
2025-10-17,sigeumchi,시금치,시금치(100g),채소류,나물,1201
2025-10-20,sigeumchi,시금치,시금치(100g),채소류,나물,1202
2025-10-20,sigeumchi,시금치,시금치(100g),채소류,나물,1202
2025-10-20,sigeumchi,시금치,시금치(100g),채소류,나물,1202
2025-10-20,sigeumchi,시금치,시금치(100g),채소류,나물,1202
2025-10-20,sigeumchi,시금치,시금치(100g),채소류,나물,1202
2025-10-20,sigeumchi,시금치,시금치(100g),채소류,나물,1202
2025-10-20,sigeumchi,시금치,시금치(100g),채소류,나물,1202
2025-10-21,sigeumchi,시금치,시금치(100g),채소류,나물,1191
2025-10-21,sigeumchi,시금치,시금치(100g),채소류,나물,1191
2025-10-21,sigeumchi,시금치,시금치(100g),채소류,나물,1191
2025-10-21,sigeumchi,시금치,시금치(100g),채소류,나물,1191
2025-10-21,sigeumchi,시금치,시금치(100g),채소류,나물,1191
2025-10-21,sigeumchi,시금치,시금치(100g),채소류,나물,1191
2025-10-21,sigeumchi,시금치,시금치(100g),채소류,나물,1191
2025-10-22,sigeumchi,시금치,시금치(100g),채소류,나물,1155
2025-10-22,sigeumchi,시금치,시금치(100g),채소류,나물,1155
2025-10-22,sigeumchi,시금치,시금치(100g),채소류,나물,1155
2025-10-22,sigeumchi,시금치,시금치(100g),채소류,나물,1155
2025-10-22,sigeumchi,시금치,시금치(100g),채소류,나물,1155
2025-10-22,sigeumchi,시금치,시금치(100g),채소류,나물,1155
2025-10-22,sigeumchi,시금치,시금치(100g),채소류,나물,1155
2025-10-23,sigeumchi,시금치,시금치(100g),채소류,나물,1097
2025-10-23,sigeumchi,시금치,시금치(100g),채소류,나물,1097
2025-10-23,sigeumchi,시금치,시금치(100g),채소류,나물,1097
2025-10-23,sigeumchi,시금치,시금치(100g),채소류,나물,1097
2025-10-23,sigeumchi,시금치,시금치(100g),채소류,나물,1097
2025-10-23,sigeumchi,시금치,시금치(100g),채소류,나물,1097
2025-10-23,sigeumchi,시금치,시금치(100g),채소류,나물,1097
2025-10-24,sigeumchi,시금치,시금치(100g),채소류,나물,1083
2025-10-24,sigeumchi,시금치,시금치(100g),채소류,나물,1083
2025-10-24,sigeumchi,시금치,시금치(100g),채소류,나물,1083
2025-10-24,sigeumchi,시금치,시금치(100g),채소류,나물,1083
2025-10-24,sigeumchi,시금치,시금치(100g),채소류,나물,1083
2025-10-24,sigeumchi,시금치,시금치(100g),채소류,나물,1083
2025-10-24,sigeumchi,시금치,시금치(100g),채소류,나물,1083
2025-10-27,sigeumchi,시금치,시금치(100g),채소류,나물,1116
2025-10-27,sigeumchi,시금치,시금치(100g),채소류,나물,1116
2025-10-27,sigeumchi,시금치,시금치(100g),채소류,나물,1116
2025-10-27,sigeumchi,시금치,시금치(100g),채소류,나물,1116
2025-10-27,sigeumchi,시금치,시금치(100g),채소류,나물,1116
2025-10-27,sigeumchi,시금치,시금치(100g),채소류,나물,1116
2025-10-27,sigeumchi,시금치,시금치(100g),채소류,나물,1116
2025-10-28,sigeumchi,시금치,시금치(100g),채소류,나물,1123
2025-10-28,sigeumchi,시금치,시금치(100g),채소류,나물,1123
2025-10-28,sigeumchi,시금치,시금치(100g),채소류,나물,1123
2025-10-28,sigeumchi,시금치,시금치(100g),채소류,나물,1123
2025-10-28,sigeumchi,시금치,시금치(100g),채소류,나물,1123
2025-10-28,sigeumchi,시금치,시금치(100g),채소류,나물,1123
2025-10-28,sigeumchi,시금치,시금치(100g),채소류,나물,1123
2025-10-29,sigeumchi,시금치,시금치(100g),채소류,나물,1178
2025-10-29,sigeumchi,시금치,시금치(100g),채소류,나물,1178
2025-10-29,sigeumchi,시금치,시금치(100g),채소류,나물,1178
2025-10-29,sigeumchi,시금치,시금치(100g),채소류,나물,1178
2025-10-29,sigeumchi,시금치,시금치(100g),채소류,나물,1178
2025-10-29,sigeumchi,시금치,시금치(100g),채소류,나물,1178
2025-10-29,sigeumchi,시금치,시금치(100g),채소류,나물,1178
2025-10-30,sigeumchi,시금치,시금치(100g),채소류,나물,1234
2025-10-30,sigeumchi,시금치,시금치(100g),채소류,나물,1234
2025-10-30,sigeumchi,시금치,시금치(100g),채소류,나물,1234
2025-10-30,sigeumchi,시금치,시금치(100g),채소류,나물,1234
2025-10-30,sigeumchi,시금치,시금치(100g),채소류,나물,1234
2025-10-30,sigeumchi,시금치,시금치(100g),채소류,나물,1234
2025-10-30,sigeumchi,시금치,시금치(100g),채소류,나물,1234
2025-10-31,sigeumchi,시금치,시금치(100g),채소류,나물,1220
2025-10-31,sigeumchi,시금치,시금치(100g),채소류,나물,1220
2025-10-31,sigeumchi,시금치,시금치(100g),채소류,나물,1220
2025-10-31,sigeumchi,시금치,시금치(100g),채소류,나물,1220
2025-10-31,sigeumchi,시금치,시금치(100g),채소류,나물,1220
2025-10-31,sigeumchi,시금치,시금치(100g),채소류,나물,1220
2025-10-31,sigeumchi,시금치,시금치(100g),채소류,나물,1220
2025-11-03,sigeumchi,시금치,시금치(100g),채소류,나물,1251
2025-11-03,sigeumchi,시금치,시금치(100g),채소류,나물,1251
2025-11-03,sigeumchi,시금치,시금치(100g),채소류,나물,1251
2025-11-03,sigeumchi,시금치,시금치(100g),채소류,나물,1251
2025-11-03,sigeumchi,시금치,시금치(100g),채소류,나물,1251
2025-11-03,sigeumchi,시금치,시금치(100g),채소류,나물,1251
2025-11-03,sigeumchi,시금치,시금치(100g),채소류,나물,1251
2025-11-04,sigeumchi,시금치,시금치(100g),채소류,나물,1262
2025-11-04,sigeumchi,시금치,시금치(100g),채소류,나물,1262
2025-11-04,sigeumchi,시금치,시금치(100g),채소류,나물,1262
2025-11-04,sigeumchi,시금치,시금치(100g),채소류,나물,1262
2025-11-04,sigeumchi,시금치,시금치(100g),채소류,나물,1262
2025-11-04,sigeumchi,시금치,시금치(100g),채소류,나물,1262
2025-11-04,sigeumchi,시금치,시금치(100g),채소류,나물,1262
2025-11-05,sigeumchi,시금치,시금치(100g),채소류,나물,1264
2025-11-05,sigeumchi,시금치,시금치(100g),채소류,나물,1264
2025-11-05,sigeumchi,시금치,시금치(100g),채소류,나물,1264
2025-11-05,sigeumchi,시금치,시금치(100g),채소류,나물,1264
2025-11-05,sigeumchi,시금치,시금치(100g),채소류,나물,1264
2025-11-05,sigeumchi,시금치,시금치(100g),채소류,나물,1264
2025-11-05,sigeumchi,시금치,시금치(100g),채소류,나물,1264
2025-11-06,sigeumchi,시금치,시금치(100g),채소류,나물,1381
2025-11-06,sigeumchi,시금치,시금치(100g),채소류,나물,1381
2025-11-06,sigeumchi,시금치,시금치(100g),채소류,나물,1381
2025-11-06,sigeumchi,시금치,시금치(100g),채소류,나물,1381
2025-11-06,sigeumchi,시금치,시금치(100g),채소류,나물,1381
2025-11-06,sigeumchi,시금치,시금치(100g),채소류,나물,1381
2025-11-06,sigeumchi,시금치,시금치(100g),채소류,나물,1381
2025-11-07,sigeumchi,시금치,시금치(100g),채소류,나물,1375
2025-11-07,sigeumchi,시금치,시금치(100g),채소류,나물,1375
2025-11-07,sigeumchi,시금치,시금치(100g),채소류,나물,1375
2025-11-07,sigeumchi,시금치,시금치(100g),채소류,나물,1375
2025-11-07,sigeumchi,시금치,시금치(100g),채소류,나물,1375
2025-11-07,sigeumchi,시금치,시금치(100g),채소류,나물,1375
2025-11-07,sigeumchi,시금치,시금치(100g),채소류,나물,1375
2025-11-10,sigeumchi,시금치,시금치(100g),채소류,나물,1388
2025-11-10,sigeumchi,시금치,시금치(100g),채소류,나물,1388
2025-11-10,sigeumchi,시금치,시금치(100g),채소류,나물,1388
2025-11-10,sigeumchi,시금치,시금치(100g),채소류,나물,1388
2025-11-10,sigeumchi,시금치,시금치(100g),채소류,나물,1388
2025-11-10,sigeumchi,시금치,시금치(100g),채소류,나물,1388
2025-11-10,sigeumchi,시금치,시금치(100g),채소류,나물,1388
2025-11-11,sigeumchi,시금치,시금치(100g),채소류,나물,1382
2025-11-11,sigeumchi,시금치,시금치(100g),채소류,나물,1382
2025-11-11,sigeumchi,시금치,시금치(100g),채소류,나물,1382
2025-11-11,sigeumchi,시금치,시금치(100g),채소류,나물,1382
2025-11-11,sigeumchi,시금치,시금치(100g),채소류,나물,1382
2025-11-11,sigeumchi,시금치,시금치(100g),채소류,나물,1382
2025-11-11,sigeumchi,시금치,시금치(100g),채소류,나물,1382
2025-11-12,sigeumchi,시금치,시금치(100g),채소류,나물,1350
2025-11-12,sigeumchi,시금치,시금치(100g),채소류,나물,1350
2025-11-12,sigeumchi,시금치,시금치(100g),채소류,나물,1350
2025-11-12,sigeumchi,시금치,시금치(100g),채소류,나물,1350
2025-11-12,sigeumchi,시금치,시금치(100g),채소류,나물,1350
2025-11-12,sigeumchi,시금치,시금치(100g),채소류,나물,1350
2025-11-12,sigeumchi,시금치,시금치(100g),채소류,나물,1350
2025-11-13,sigeumchi,시금치,시금치(100g),채소류,나물,1296
2025-11-13,sigeumchi,시금치,시금치(100g),채소류,나물,1296
2025-11-13,sigeumchi,시금치,시금치(100g),채소류,나물,1296
2025-11-13,sigeumchi,시금치,시금치(100g),채소류,나물,1296
2025-11-13,sigeumchi,시금치,시금치(100g),채소류,나물,1296
2025-11-13,sigeumchi,시금치,시금치(100g),채소류,나물,1296
2025-11-13,sigeumchi,시금치,시금치(100g),채소류,나물,1296
2025-11-14,sigeumchi,시금치,시금치(100g),채소류,나물,1321
2025-11-14,sigeumchi,시금치,시금치(100g),채소류,나물,1321
2025-11-14,sigeumchi,시금치,시금치(100g),채소류,나물,1321
2025-11-14,sigeumchi,시금치,시금치(100g),채소류,나물,1321
2025-11-14,sigeumchi,시금치,시금치(100g),채소류,나물,1321
2025-11-14,sigeumchi,시금치,시금치(100g),채소류,나물,1321
2025-11-14,sigeumchi,시금치,시금치(100g),채소류,나물,1321
2025-11-17,sigeumchi,시금치,시금치(100g),채소류,나물,1300
2025-11-17,sigeumchi,시금치,시금치(100g),채소류,나물,1300
2025-11-17,sigeumchi,시금치,시금치(100g),채소류,나물,1300
2025-11-17,sigeumchi,시금치,시금치(100g),채소류,나물,1300
2025-11-17,sigeumchi,시금치,시금치(100g),채소류,나물,1300
2025-11-17,sigeumchi,시금치,시금치(100g),채소류,나물,1300
2025-11-17,sigeumchi,시금치,시금치(100g),채소류,나물,1300
2025-11-18,sigeumchi,시금치,시금치(100g),채소류,나물,1294
2025-11-18,sigeumchi,시금치,시금치(100g),채소류,나물,1294
2025-11-18,sigeumchi,시금치,시금치(100g),채소류,나물,1294
2025-11-18,sigeumchi,시금치,시금치(100g),채소류,나물,1294
2025-11-18,sigeumchi,시금치,시금치(100g),채소류,나물,1294
2025-11-18,sigeumchi,시금치,시금치(100g),채소류,나물,1294
2025-11-18,sigeumchi,시금치,시금치(100g),채소류,나물,1294
2025-11-19,sigeumchi,시금치,시금치(100g),채소류,나물,1260
2025-11-19,sigeumchi,시금치,시금치(100g),채소류,나물,1260
2025-11-19,sigeumchi,시금치,시금치(100g),채소류,나물,1260
2025-11-19,sigeumchi,시금치,시금치(100g),채소류,나물,1260
2025-11-19,sigeumchi,시금치,시금치(100g),채소류,나물,1260
2025-11-19,sigeumchi,시금치,시금치(100g),채소류,나물,1260
2025-11-19,sigeumchi,시금치,시금치(100g),채소류,나물,1260
2025-11-20,sigeumchi,시금치,시금치(100g),채소류,나물,1180
2025-11-20,sigeumchi,시금치,시금치(100g),채소류,나물,1180
2025-11-20,sigeumchi,시금치,시금치(100g),채소류,나물,1180
2025-11-20,sigeumchi,시금치,시금치(100g),채소류,나물,1180
2025-11-20,sigeumchi,시금치,시금치(100g),채소류,나물,1180
2025-11-20,sigeumchi,시금치,시금치(100g),채소류,나물,1180
2025-11-20,sigeumchi,시금치,시금치(100g),채소류,나물,1180
2025-11-21,sigeumchi,시금치,시금치(100g),채소류,나물,1158
2025-11-21,sigeumchi,시금치,시금치(100g),채소류,나물,1158
2025-11-21,sigeumchi,시금치,시금치(100g),채소류,나물,1158
2025-11-21,sigeumchi,시금치,시금치(100g),채소류,나물,1158
2025-11-21,sigeumchi,시금치,시금치(100g),채소류,나물,1158
2025-11-21,sigeumchi,시금치,시금치(100g),채소류,나물,1158
2025-11-21,sigeumchi,시금치,시금치(100g),채소류,나물,1158
2025-11-24,sigeumchi,시금치,시금치(100g),채소류,나물,1109
2025-11-24,sigeumchi,시금치,시금치(100g),채소류,나물,1109
2025-11-24,sigeumchi,시금치,시금치(100g),채소류,나물,1109
2025-11-24,sigeumchi,시금치,시금치(100g),채소류,나물,1109
2025-11-24,sigeumchi,시금치,시금치(100g),채소류,나물,1109
2025-11-24,sigeumchi,시금치,시금치(100g),채소류,나물,1109
2025-11-24,sigeumchi,시금치,시금치(100g),채소류,나물,1109
2025-11-25,sigeumchi,시금치,시금치(100g),채소류,나물,1098
2025-11-25,sigeumchi,시금치,시금치(100g),채소류,나물,1098
2025-11-25,sigeumchi,시금치,시금치(100g),채소류,나물,1098
2025-11-25,sigeumchi,시금치,시금치(100g),채소류,나물,1098
2025-11-25,sigeumchi,시금치,시금치(100g),채소류,나물,1098
2025-11-25,sigeumchi,시금치,시금치(100g),채소류,나물,1098
2025-11-25,sigeumchi,시금치,시금치(100g),채소류,나물,1098
2025-11-26,sigeumchi,시금치,시금치(100g),채소류,나물,1095
2025-11-26,sigeumchi,시금치,시금치(100g),채소류,나물,1095
2025-11-26,sigeumchi,시금치,시금치(100g),채소류,나물,1095
2025-11-26,sigeumchi,시금치,시금치(100g),채소류,나물,1095
2025-11-26,sigeumchi,시금치,시금치(100g),채소류,나물,1095
2025-11-26,sigeumchi,시금치,시금치(100g),채소류,나물,1095
2025-11-26,sigeumchi,시금치,시금치(100g),채소류,나물,1095
2025-11-27,sigeumchi,시금치,시금치(100g),채소류,나물,939
2025-11-27,sigeumchi,시금치,시금치(100g),채소류,나물,939
2025-11-27,sigeumchi,시금치,시금치(100g),채소류,나물,939
2025-11-27,sigeumchi,시금치,시금치(100g),채소류,나물,939
2025-11-27,sigeumchi,시금치,시금치(100g),채소류,나물,939
2025-11-27,sigeumchi,시금치,시금치(100g),채소류,나물,939
2025-11-27,sigeumchi,시금치,시금치(100g),채소류,나물,939
2025-11-28,sigeumchi,시금치,시금치(100g),채소류,나물,917
2025-11-28,sigeumchi,시금치,시금치(100g),채소류,나물,917
2025-11-28,sigeumchi,시금치,시금치(100g),채소류,나물,917
2025-11-28,sigeumchi,시금치,시금치(100g),채소류,나물,917
2025-11-28,sigeumchi,시금치,시금치(100g),채소류,나물,917
2025-11-28,sigeumchi,시금치,시금치(100g),채소류,나물,917
2025-11-28,sigeumchi,시금치,시금치(100g),채소류,나물,917
2025-12-01,sigeumchi,시금치,시금치(100g),채소류,나물,1036
2025-12-01,sigeumchi,시금치,시금치(100g),채소류,나물,1036
2025-12-01,sigeumchi,시금치,시금치(100g),채소류,나물,1036
2025-12-01,sigeumchi,시금치,시금치(100g),채소류,나물,1036
2025-12-01,sigeumchi,시금치,시금치(100g),채소류,나물,1036
2025-12-01,sigeumchi,시금치,시금치(100g),채소류,나물,1036
2025-12-01,sigeumchi,시금치,시금치(100g),채소류,나물,1036
2025-12-02,sigeumchi,시금치,시금치(100g),채소류,나물,1043
2025-12-02,sigeumchi,시금치,시금치(100g),채소류,나물,1043
2025-12-02,sigeumchi,시금치,시금치(100g),채소류,나물,1043
2025-12-02,sigeumchi,시금치,시금치(100g),채소류,나물,1043
2025-12-02,sigeumchi,시금치,시금치(100g),채소류,나물,1043
2025-12-02,sigeumchi,시금치,시금치(100g),채소류,나물,1043
2025-12-02,sigeumchi,시금치,시금치(100g),채소류,나물,1043
2025-12-03,sigeumchi,시금치,시금치(100g),채소류,나물,1040
2025-12-03,sigeumchi,시금치,시금치(100g),채소류,나물,1040
2025-12-03,sigeumchi,시금치,시금치(100g),채소류,나물,1040
2025-12-03,sigeumchi,시금치,시금치(100g),채소류,나물,1040
2025-12-03,sigeumchi,시금치,시금치(100g),채소류,나물,1040
2025-12-03,sigeumchi,시금치,시금치(100g),채소류,나물,1040
2025-12-03,sigeumchi,시금치,시금치(100g),채소류,나물,1040
2025-12-04,sigeumchi,시금치,시금치(100g),채소류,나물,1035
2025-12-04,sigeumchi,시금치,시금치(100g),채소류,나물,1035
2025-12-04,sigeumchi,시금치,시금치(100g),채소류,나물,1035
2025-12-04,sigeumchi,시금치,시금치(100g),채소류,나물,1035
2025-12-04,sigeumchi,시금치,시금치(100g),채소류,나물,1035
2025-12-04,sigeumchi,시금치,시금치(100g),채소류,나물,1035
2025-12-04,sigeumchi,시금치,시금치(100g),채소류,나물,1035
2025-12-08,sigeumchi,시금치,시금치(100g),채소류,나물,1032
2025-12-08,sigeumchi,시금치,시금치(100g),채소류,나물,1032
2025-12-08,sigeumchi,시금치,시금치(100g),채소류,나물,1032
2025-12-08,sigeumchi,시금치,시금치(100g),채소류,나물,1032
2025-12-08,sigeumchi,시금치,시금치(100g),채소류,나물,1032
2025-12-08,sigeumchi,시금치,시금치(100g),채소류,나물,1032
2025-12-08,sigeumchi,시금치,시금치(100g),채소류,나물,1032
2025-12-09,sigeumchi,시금치,시금치(100g),채소류,나물,1038
2025-12-09,sigeumchi,시금치,시금치(100g),채소류,나물,1038
2025-12-09,sigeumchi,시금치,시금치(100g),채소류,나물,1038
2025-12-09,sigeumchi,시금치,시금치(100g),채소류,나물,1038
2025-12-09,sigeumchi,시금치,시금치(100g),채소류,나물,1038
2025-12-09,sigeumchi,시금치,시금치(100g),채소류,나물,1038
2025-12-09,sigeumchi,시금치,시금치(100g),채소류,나물,1038
2025-12-10,sigeumchi,시금치,시금치(100g),채소류,나물,1051
2025-12-10,sigeumchi,시금치,시금치(100g),채소류,나물,1051
2025-12-10,sigeumchi,시금치,시금치(100g),채소류,나물,1051
2025-12-10,sigeumchi,시금치,시금치(100g),채소류,나물,1051
2025-12-10,sigeumchi,시금치,시금치(100g),채소류,나물,1051
2025-12-10,sigeumchi,시금치,시금치(100g),채소류,나물,1051
2025-12-10,sigeumchi,시금치,시금치(100g),채소류,나물,1051
2025-12-11,sigeumchi,시금치,시금치(100g),채소류,나물,900
2025-12-11,sigeumchi,시금치,시금치(100g),채소류,나물,900
2025-12-11,sigeumchi,시금치,시금치(100g),채소류,나물,900
2025-12-11,sigeumchi,시금치,시금치(100g),채소류,나물,900
2025-12-11,sigeumchi,시금치,시금치(100g),채소류,나물,900
2025-12-11,sigeumchi,시금치,시금치(100g),채소류,나물,900
2025-12-11,sigeumchi,시금치,시금치(100g),채소류,나물,900
2025-12-12,sigeumchi,시금치,시금치(100g),채소류,나물,904
2025-12-12,sigeumchi,시금치,시금치(100g),채소류,나물,904
2025-12-12,sigeumchi,시금치,시금치(100g),채소류,나물,904
2025-12-12,sigeumchi,시금치,시금치(100g),채소류,나물,904
2025-12-12,sigeumchi,시금치,시금치(100g),채소류,나물,904
2025-12-12,sigeumchi,시금치,시금치(100g),채소류,나물,904
2025-12-12,sigeumchi,시금치,시금치(100g),채소류,나물,904
2025-12-15,sigeumchi,시금치,시금치(100g),채소류,나물,941
2025-12-15,sigeumchi,시금치,시금치(100g),채소류,나물,941
2025-12-15,sigeumchi,시금치,시금치(100g),채소류,나물,941
2025-12-15,sigeumchi,시금치,시금치(100g),채소류,나물,941
2025-12-15,sigeumchi,시금치,시금치(100g),채소류,나물,941
2025-12-15,sigeumchi,시금치,시금치(100g),채소류,나물,941
2025-12-15,sigeumchi,시금치,시금치(100g),채소류,나물,941
2025-12-16,sigeumchi,시금치,시금치(100g),채소류,나물,942
2025-12-16,sigeumchi,시금치,시금치(100g),채소류,나물,942
2025-12-16,sigeumchi,시금치,시금치(100g),채소류,나물,942
2025-12-16,sigeumchi,시금치,시금치(100g),채소류,나물,942
2025-12-16,sigeumchi,시금치,시금치(100g),채소류,나물,942
2025-12-16,sigeumchi,시금치,시금치(100g),채소류,나물,942
2025-12-16,sigeumchi,시금치,시금치(100g),채소류,나물,942
2025-12-17,sigeumchi,시금치,시금치(100g),채소류,나물,923
2025-12-17,sigeumchi,시금치,시금치(100g),채소류,나물,923
2025-12-17,sigeumchi,시금치,시금치(100g),채소류,나물,923
2025-12-17,sigeumchi,시금치,시금치(100g),채소류,나물,923
2025-12-17,sigeumchi,시금치,시금치(100g),채소류,나물,923
2025-12-17,sigeumchi,시금치,시금치(100g),채소류,나물,923
2025-12-17,sigeumchi,시금치,시금치(100g),채소류,나물,923
2025-12-18,sigeumchi,시금치,시금치(100g),채소류,나물,925
2025-12-18,sigeumchi,시금치,시금치(100g),채소류,나물,925
2025-12-18,sigeumchi,시금치,시금치(100g),채소류,나물,925
2025-12-18,sigeumchi,시금치,시금치(100g),채소류,나물,925
2025-12-18,sigeumchi,시금치,시금치(100g),채소류,나물,925
2025-12-18,sigeumchi,시금치,시금치(100g),채소류,나물,925
2025-12-18,sigeumchi,시금치,시금치(100g),채소류,나물,925
2025-12-19,sigeumchi,시금치,시금치(100g),채소류,나물,920
2025-12-19,sigeumchi,시금치,시금치(100g),채소류,나물,920
2025-12-19,sigeumchi,시금치,시금치(100g),채소류,나물,920
2025-12-19,sigeumchi,시금치,시금치(100g),채소류,나물,920
2025-12-19,sigeumchi,시금치,시금치(100g),채소류,나물,920
2025-12-19,sigeumchi,시금치,시금치(100g),채소류,나물,920
2025-12-19,sigeumchi,시금치,시금치(100g),채소류,나물,920
2025-12-22,sigeumchi,시금치,시금치(100g),채소류,나물,947
2025-12-22,sigeumchi,시금치,시금치(100g),채소류,나물,947
2025-12-22,sigeumchi,시금치,시금치(100g),채소류,나물,947
2025-12-22,sigeumchi,시금치,시금치(100g),채소류,나물,947
2025-12-22,sigeumchi,시금치,시금치(100g),채소류,나물,947
2025-12-22,sigeumchi,시금치,시금치(100g),채소류,나물,947
2025-12-22,sigeumchi,시금치,시금치(100g),채소류,나물,947
2025-12-23,sigeumchi,시금치,시금치(100g),채소류,나물,945
2025-12-23,sigeumchi,시금치,시금치(100g),채소류,나물,945
2025-12-23,sigeumchi,시금치,시금치(100g),채소류,나물,945
2025-12-23,sigeumchi,시금치,시금치(100g),채소류,나물,945
2025-12-23,sigeumchi,시금치,시금치(100g),채소류,나물,945
2025-12-23,sigeumchi,시금치,시금치(100g),채소류,나물,945
2025-12-23,sigeumchi,시금치,시금치(100g),채소류,나물,945
2025-12-24,sigeumchi,시금치,시금치(100g),채소류,나물,957
2025-12-24,sigeumchi,시금치,시금치(100g),채소류,나물,957
2025-12-24,sigeumchi,시금치,시금치(100g),채소류,나물,957
2025-12-24,sigeumchi,시금치,시금치(100g),채소류,나물,957
2025-12-24,sigeumchi,시금치,시금치(100g),채소류,나물,957
2025-12-24,sigeumchi,시금치,시금치(100g),채소류,나물,957
2025-12-24,sigeumchi,시금치,시금치(100g),채소류,나물,957
2025-12-26,sigeumchi,시금치,시금치(100g),채소류,나물,891
2025-12-26,sigeumchi,시금치,시금치(100g),채소류,나물,891
2025-12-26,sigeumchi,시금치,시금치(100g),채소류,나물,891
2025-12-26,sigeumchi,시금치,시금치(100g),채소류,나물,891
2025-12-26,sigeumchi,시금치,시금치(100g),채소류,나물,891
2025-12-26,sigeumchi,시금치,시금치(100g),채소류,나물,891
2025-12-26,sigeumchi,시금치,시금치(100g),채소류,나물,891
2025-12-29,sigeumchi,시금치,시금치(100g),채소류,나물,842
2025-12-29,sigeumchi,시금치,시금치(100g),채소류,나물,842
2025-12-29,sigeumchi,시금치,시금치(100g),채소류,나물,842
2025-12-29,sigeumchi,시금치,시금치(100g),채소류,나물,842
2025-12-29,sigeumchi,시금치,시금치(100g),채소류,나물,842
2025-12-29,sigeumchi,시금치,시금치(100g),채소류,나물,842
2025-12-29,sigeumchi,시금치,시금치(100g),채소류,나물,842
2025-12-30,sigeumchi,시금치,시금치(100g),채소류,나물,840
2025-12-30,sigeumchi,시금치,시금치(100g),채소류,나물,840
2025-12-30,sigeumchi,시금치,시금치(100g),채소류,나물,840
2025-12-30,sigeumchi,시금치,시금치(100g),채소류,나물,840
2025-12-30,sigeumchi,시금치,시금치(100g),채소류,나물,840
2025-12-30,sigeumchi,시금치,시금치(100g),채소류,나물,840
2025-12-30,sigeumchi,시금치,시금치(100g),채소류,나물,840
2025-12-31,sigeumchi,시금치,시금치(100g),채소류,나물,843
2025-12-31,sigeumchi,시금치,시금치(100g),채소류,나물,843
2025-12-31,sigeumchi,시금치,시금치(100g),채소류,나물,843
2025-12-31,sigeumchi,시금치,시금치(100g),채소류,나물,843
2025-12-31,sigeumchi,시금치,시금치(100g),채소류,나물,843
2025-12-31,sigeumchi,시금치,시금치(100g),채소류,나물,843
2025-12-31,sigeumchi,시금치,시금치(100g),채소류,나물,843
2026-01-02,sigeumchi,시금치,시금치(100g),채소류,나물,874
2026-01-02,sigeumchi,시금치,시금치(100g),채소류,나물,874
2026-01-02,sigeumchi,시금치,시금치(100g),채소류,나물,874
2026-01-02,sigeumchi,시금치,시금치(100g),채소류,나물,874
2026-01-02,sigeumchi,시금치,시금치(100g),채소류,나물,874
2026-01-02,sigeumchi,시금치,시금치(100g),채소류,나물,874
2026-01-02,sigeumchi,시금치,시금치(100g),채소류,나물,874
2026-01-05,sigeumchi,시금치,시금치(100g),채소류,나물,977
2026-01-05,sigeumchi,시금치,시금치(100g),채소류,나물,977
2026-01-05,sigeumchi,시금치,시금치(100g),채소류,나물,977
2026-01-05,sigeumchi,시금치,시금치(100g),채소류,나물,977
2026-01-05,sigeumchi,시금치,시금치(100g),채소류,나물,977
2026-01-05,sigeumchi,시금치,시금치(100g),채소류,나물,977
2026-01-05,sigeumchi,시금치,시금치(100g),채소류,나물,977
2026-01-06,sigeumchi,시금치,시금치(100g),채소류,나물,984
2026-01-06,sigeumchi,시금치,시금치(100g),채소류,나물,984
2026-01-06,sigeumchi,시금치,시금치(100g),채소류,나물,984
2026-01-06,sigeumchi,시금치,시금치(100g),채소류,나물,984
2026-01-06,sigeumchi,시금치,시금치(100g),채소류,나물,984
2026-01-06,sigeumchi,시금치,시금치(100g),채소류,나물,984
2026-01-06,sigeumchi,시금치,시금치(100g),채소류,나물,984
2026-01-07,sigeumchi,시금치,시금치(100g),채소류,나물,984
2026-01-07,sigeumchi,시금치,시금치(100g),채소류,나물,984
2026-01-07,sigeumchi,시금치,시금치(100g),채소류,나물,984
2026-01-07,sigeumchi,시금치,시금치(100g),채소류,나물,984
2026-01-07,sigeumchi,시금치,시금치(100g),채소류,나물,984
2026-01-07,sigeumchi,시금치,시금치(100g),채소류,나물,984
2026-01-07,sigeumchi,시금치,시금치(100g),채소류,나물,984
2026-01-08,sigeumchi,시금치,시금치(100g),채소류,나물,976
2026-01-08,sigeumchi,시금치,시금치(100g),채소류,나물,976
2026-01-08,sigeumchi,시금치,시금치(100g),채소류,나물,976
2026-01-08,sigeumchi,시금치,시금치(100g),채소류,나물,976
2026-01-08,sigeumchi,시금치,시금치(100g),채소류,나물,976
2026-01-08,sigeumchi,시금치,시금치(100g),채소류,나물,976
2026-01-08,sigeumchi,시금치,시금치(100g),채소류,나물,976
2026-01-09,sigeumchi,시금치,시금치(100g),채소류,나물,1068
2026-01-09,sigeumchi,시금치,시금치(100g),채소류,나물,1068
2026-01-09,sigeumchi,시금치,시금치(100g),채소류,나물,1068
2026-01-09,sigeumchi,시금치,시금치(100g),채소류,나물,1068
2026-01-09,sigeumchi,시금치,시금치(100g),채소류,나물,1068
2026-01-09,sigeumchi,시금치,시금치(100g),채소류,나물,1068
2026-01-09,sigeumchi,시금치,시금치(100g),채소류,나물,1068
2026-01-12,sigeumchi,시금치,시금치(100g),채소류,나물,1065
2026-01-12,sigeumchi,시금치,시금치(100g),채소류,나물,1065
2026-01-12,sigeumchi,시금치,시금치(100g),채소류,나물,1065
2026-01-12,sigeumchi,시금치,시금치(100g),채소류,나물,1065
2026-01-12,sigeumchi,시금치,시금치(100g),채소류,나물,1065
2026-01-12,sigeumchi,시금치,시금치(100g),채소류,나물,1065
2026-01-12,sigeumchi,시금치,시금치(100g),채소류,나물,1065
2026-01-13,sigeumchi,시금치,시금치(100g),채소류,나물,1066
2026-01-13,sigeumchi,시금치,시금치(100g),채소류,나물,1066
2026-01-13,sigeumchi,시금치,시금치(100g),채소류,나물,1066
2026-01-13,sigeumchi,시금치,시금치(100g),채소류,나물,1066
2026-01-13,sigeumchi,시금치,시금치(100g),채소류,나물,1066
2026-01-13,sigeumchi,시금치,시금치(100g),채소류,나물,1066
2026-01-13,sigeumchi,시금치,시금치(100g),채소류,나물,1066
2026-01-14,sigeumchi,시금치,시금치(100g),채소류,나물,1053
2026-01-14,sigeumchi,시금치,시금치(100g),채소류,나물,1053
2026-01-14,sigeumchi,시금치,시금치(100g),채소류,나물,1053
2026-01-14,sigeumchi,시금치,시금치(100g),채소류,나물,1053
2026-01-14,sigeumchi,시금치,시금치(100g),채소류,나물,1053
2026-01-14,sigeumchi,시금치,시금치(100g),채소류,나물,1053
2026-01-14,sigeumchi,시금치,시금치(100g),채소류,나물,1053
2026-01-15,sigeumchi,시금치,시금치(100g),채소류,나물,1067
2026-01-15,sigeumchi,시금치,시금치(100g),채소류,나물,1067
2026-01-15,sigeumchi,시금치,시금치(100g),채소류,나물,1067
2026-01-15,sigeumchi,시금치,시금치(100g),채소류,나물,1067
2026-01-15,sigeumchi,시금치,시금치(100g),채소류,나물,1067
2026-01-15,sigeumchi,시금치,시금치(100g),채소류,나물,1067
2026-01-15,sigeumchi,시금치,시금치(100g),채소류,나물,1067
2026-01-16,sigeumchi,시금치,시금치(100g),채소류,나물,1066
2026-01-16,sigeumchi,시금치,시금치(100g),채소류,나물,1066
2026-01-16,sigeumchi,시금치,시금치(100g),채소류,나물,1066
2026-01-16,sigeumchi,시금치,시금치(100g),채소류,나물,1066
2026-01-16,sigeumchi,시금치,시금치(100g),채소류,나물,1066
2026-01-16,sigeumchi,시금치,시금치(100g),채소류,나물,1066
2026-01-16,sigeumchi,시금치,시금치(100g),채소류,나물,1066
2026-01-19,sigeumchi,시금치,시금치(100g),채소류,나물,1075
2026-01-19,sigeumchi,시금치,시금치(100g),채소류,나물,1075
2026-01-19,sigeumchi,시금치,시금치(100g),채소류,나물,1075
2026-01-19,sigeumchi,시금치,시금치(100g),채소류,나물,1075
2026-01-19,sigeumchi,시금치,시금치(100g),채소류,나물,1075
2026-01-19,sigeumchi,시금치,시금치(100g),채소류,나물,1075
2026-01-19,sigeumchi,시금치,시금치(100g),채소류,나물,1075
2026-01-20,sigeumchi,시금치,시금치(100g),채소류,나물,1074
2026-01-20,sigeumchi,시금치,시금치(100g),채소류,나물,1074
2026-01-20,sigeumchi,시금치,시금치(100g),채소류,나물,1074
2026-01-20,sigeumchi,시금치,시금치(100g),채소류,나물,1074
2026-01-20,sigeumchi,시금치,시금치(100g),채소류,나물,1074
2026-01-20,sigeumchi,시금치,시금치(100g),채소류,나물,1074
2026-01-20,sigeumchi,시금치,시금치(100g),채소류,나물,1074
2026-01-21,sigeumchi,시금치,시금치(100g),채소류,나물,1067
2026-01-21,sigeumchi,시금치,시금치(100g),채소류,나물,1067
2026-01-21,sigeumchi,시금치,시금치(100g),채소류,나물,1067
2026-01-21,sigeumchi,시금치,시금치(100g),채소류,나물,1067
2026-01-21,sigeumchi,시금치,시금치(100g),채소류,나물,1067
2026-01-21,sigeumchi,시금치,시금치(100g),채소류,나물,1067
2026-01-21,sigeumchi,시금치,시금치(100g),채소류,나물,1067
2026-01-22,sigeumchi,시금치,시금치(100g),채소류,나물,1064
2026-01-22,sigeumchi,시금치,시금치(100g),채소류,나물,1064
2026-01-22,sigeumchi,시금치,시금치(100g),채소류,나물,1064
2026-01-22,sigeumchi,시금치,시금치(100g),채소류,나물,1064
2026-01-22,sigeumchi,시금치,시금치(100g),채소류,나물,1064
2026-01-22,sigeumchi,시금치,시금치(100g),채소류,나물,1064
2026-01-22,sigeumchi,시금치,시금치(100g),채소류,나물,1064
2026-01-23,sigeumchi,시금치,시금치(100g),채소류,나물,1063
2026-01-23,sigeumchi,시금치,시금치(100g),채소류,나물,1063
2026-01-23,sigeumchi,시금치,시금치(100g),채소류,나물,1063
2026-01-23,sigeumchi,시금치,시금치(100g),채소류,나물,1063
2026-01-23,sigeumchi,시금치,시금치(100g),채소류,나물,1063
2026-01-23,sigeumchi,시금치,시금치(100g),채소류,나물,1063
2026-01-23,sigeumchi,시금치,시금치(100g),채소류,나물,1063
2026-01-26,sigeumchi,시금치,시금치(100g),채소류,나물,1068
2026-01-26,sigeumchi,시금치,시금치(100g),채소류,나물,1068
2026-01-26,sigeumchi,시금치,시금치(100g),채소류,나물,1068
2026-01-26,sigeumchi,시금치,시금치(100g),채소류,나물,1068
2026-01-26,sigeumchi,시금치,시금치(100g),채소류,나물,1068
2026-01-26,sigeumchi,시금치,시금치(100g),채소류,나물,1068
2026-01-26,sigeumchi,시금치,시금치(100g),채소류,나물,1068
2026-01-27,sigeumchi,시금치,시금치(100g),채소류,나물,1069
2026-01-27,sigeumchi,시금치,시금치(100g),채소류,나물,1069
2026-01-27,sigeumchi,시금치,시금치(100g),채소류,나물,1069
2026-01-27,sigeumchi,시금치,시금치(100g),채소류,나물,1069
2026-01-27,sigeumchi,시금치,시금치(100g),채소류,나물,1069
2026-01-27,sigeumchi,시금치,시금치(100g),채소류,나물,1069
2026-01-27,sigeumchi,시금치,시금치(100g),채소류,나물,1069
2026-01-28,sigeumchi,시금치,시금치(100g),채소류,나물,1082
2026-01-28,sigeumchi,시금치,시금치(100g),채소류,나물,1082
2026-01-28,sigeumchi,시금치,시금치(100g),채소류,나물,1082
2026-01-28,sigeumchi,시금치,시금치(100g),채소류,나물,1082
2026-01-28,sigeumchi,시금치,시금치(100g),채소류,나물,1082
2026-01-28,sigeumchi,시금치,시금치(100g),채소류,나물,1082
2026-01-28,sigeumchi,시금치,시금치(100g),채소류,나물,1082
2026-01-29,sigeumchi,시금치,시금치(100g),채소류,나물,1141
2026-01-29,sigeumchi,시금치,시금치(100g),채소류,나물,1141
2026-01-29,sigeumchi,시금치,시금치(100g),채소류,나물,1141
2026-01-29,sigeumchi,시금치,시금치(100g),채소류,나물,1141
2026-01-29,sigeumchi,시금치,시금치(100g),채소류,나물,1141
2026-01-29,sigeumchi,시금치,시금치(100g),채소류,나물,1141
2026-01-29,sigeumchi,시금치,시금치(100g),채소류,나물,1141
2026-01-30,sigeumchi,시금치,시금치(100g),채소류,나물,1138
2026-01-30,sigeumchi,시금치,시금치(100g),채소류,나물,1138
2026-01-30,sigeumchi,시금치,시금치(100g),채소류,나물,1138
2026-01-30,sigeumchi,시금치,시금치(100g),채소류,나물,1138
2026-01-30,sigeumchi,시금치,시금치(100g),채소류,나물,1138
2026-01-30,sigeumchi,시금치,시금치(100g),채소류,나물,1138
2026-01-30,sigeumchi,시금치,시금치(100g),채소류,나물,1138
2026-02-02,sigeumchi,시금치,시금치(100g),채소류,나물,1152
2026-02-02,sigeumchi,시금치,시금치(100g),채소류,나물,1152
2026-02-02,sigeumchi,시금치,시금치(100g),채소류,나물,1152
2026-02-02,sigeumchi,시금치,시금치(100g),채소류,나물,1152
2026-02-02,sigeumchi,시금치,시금치(100g),채소류,나물,1152
2026-02-02,sigeumchi,시금치,시금치(100g),채소류,나물,1152
2026-02-02,sigeumchi,시금치,시금치(100g),채소류,나물,1152
2026-02-03,sigeumchi,시금치,시금치(100g),채소류,나물,1163
2026-02-03,sigeumchi,시금치,시금치(100g),채소류,나물,1163
2026-02-03,sigeumchi,시금치,시금치(100g),채소류,나물,1163
2026-02-03,sigeumchi,시금치,시금치(100g),채소류,나물,1163
2026-02-03,sigeumchi,시금치,시금치(100g),채소류,나물,1163
2026-02-03,sigeumchi,시금치,시금치(100g),채소류,나물,1163
2026-02-03,sigeumchi,시금치,시금치(100g),채소류,나물,1163
2026-02-04,sigeumchi,시금치,시금치(100g),채소류,나물,1161
2026-02-04,sigeumchi,시금치,시금치(100g),채소류,나물,1161
2026-02-04,sigeumchi,시금치,시금치(100g),채소류,나물,1161
2026-02-04,sigeumchi,시금치,시금치(100g),채소류,나물,1161
2026-02-04,sigeumchi,시금치,시금치(100g),채소류,나물,1161
2026-02-04,sigeumchi,시금치,시금치(100g),채소류,나물,1161
2026-02-04,sigeumchi,시금치,시금치(100g),채소류,나물,1161
2026-02-05,sigeumchi,시금치,시금치(100g),채소류,나물,1146
2026-02-05,sigeumchi,시금치,시금치(100g),채소류,나물,1146
2026-02-05,sigeumchi,시금치,시금치(100g),채소류,나물,1146
2026-02-05,sigeumchi,시금치,시금치(100g),채소류,나물,1146
2026-02-05,sigeumchi,시금치,시금치(100g),채소류,나물,1146
2026-02-05,sigeumchi,시금치,시금치(100g),채소류,나물,1146
2026-02-05,sigeumchi,시금치,시금치(100g),채소류,나물,1146
2026-02-06,sigeumchi,시금치,시금치(100g),채소류,나물,1148
2026-02-06,sigeumchi,시금치,시금치(100g),채소류,나물,1148
2026-02-06,sigeumchi,시금치,시금치(100g),채소류,나물,1148
2026-02-06,sigeumchi,시금치,시금치(100g),채소류,나물,1148
2026-02-06,sigeumchi,시금치,시금치(100g),채소류,나물,1148
2026-02-06,sigeumchi,시금치,시금치(100g),채소류,나물,1148
2026-02-06,sigeumchi,시금치,시금치(100g),채소류,나물,1148
2026-02-09,sigeumchi,시금치,시금치(100g),채소류,나물,1151
2026-02-09,sigeumchi,시금치,시금치(100g),채소류,나물,1151
2026-02-09,sigeumchi,시금치,시금치(100g),채소류,나물,1151
2026-02-09,sigeumchi,시금치,시금치(100g),채소류,나물,1151
2026-02-09,sigeumchi,시금치,시금치(100g),채소류,나물,1151
2026-02-09,sigeumchi,시금치,시금치(100g),채소류,나물,1151
2026-02-09,sigeumchi,시금치,시금치(100g),채소류,나물,1151
2026-02-10,sigeumchi,시금치,시금치(100g),채소류,나물,1152
2026-02-10,sigeumchi,시금치,시금치(100g),채소류,나물,1152
2026-02-10,sigeumchi,시금치,시금치(100g),채소류,나물,1152
2026-02-10,sigeumchi,시금치,시금치(100g),채소류,나물,1152
2026-02-10,sigeumchi,시금치,시금치(100g),채소류,나물,1152
2026-02-10,sigeumchi,시금치,시금치(100g),채소류,나물,1152
2026-02-10,sigeumchi,시금치,시금치(100g),채소류,나물,1152
2026-02-11,sigeumchi,시금치,시금치(100g),채소류,나물,1147
2026-02-11,sigeumchi,시금치,시금치(100g),채소류,나물,1147
2026-02-11,sigeumchi,시금치,시금치(100g),채소류,나물,1147
2026-02-11,sigeumchi,시금치,시금치(100g),채소류,나물,1147
2026-02-11,sigeumchi,시금치,시금치(100g),채소류,나물,1147
2026-02-11,sigeumchi,시금치,시금치(100g),채소류,나물,1147
2026-02-11,sigeumchi,시금치,시금치(100g),채소류,나물,1147
2026-02-12,sigeumchi,시금치,시금치(100g),채소류,나물,1070
2026-02-12,sigeumchi,시금치,시금치(100g),채소류,나물,1070
2026-02-12,sigeumchi,시금치,시금치(100g),채소류,나물,1070
2026-02-12,sigeumchi,시금치,시금치(100g),채소류,나물,1070
2026-02-12,sigeumchi,시금치,시금치(100g),채소류,나물,1070
2026-02-12,sigeumchi,시금치,시금치(100g),채소류,나물,1070
2026-02-12,sigeumchi,시금치,시금치(100g),채소류,나물,1070
2026-02-13,sigeumchi,시금치,시금치(100g),채소류,나물,1057
2026-02-13,sigeumchi,시금치,시금치(100g),채소류,나물,1057
2026-02-13,sigeumchi,시금치,시금치(100g),채소류,나물,1057
2026-02-13,sigeumchi,시금치,시금치(100g),채소류,나물,1057
2026-02-13,sigeumchi,시금치,시금치(100g),채소류,나물,1057
2026-02-13,sigeumchi,시금치,시금치(100g),채소류,나물,1057
2026-02-13,sigeumchi,시금치,시금치(100g),채소류,나물,1057
2026-02-19,sigeumchi,시금치,시금치(100g),채소류,나물,1125
2026-02-19,sigeumchi,시금치,시금치(100g),채소류,나물,1125
2026-02-19,sigeumchi,시금치,시금치(100g),채소류,나물,1125
2026-02-19,sigeumchi,시금치,시금치(100g),채소류,나물,1125
2026-02-19,sigeumchi,시금치,시금치(100g),채소류,나물,1125
2026-02-19,sigeumchi,시금치,시금치(100g),채소류,나물,1125
2026-02-19,sigeumchi,시금치,시금치(100g),채소류,나물,1125
2026-02-20,sigeumchi,시금치,시금치(100g),채소류,나물,1143
2026-02-20,sigeumchi,시금치,시금치(100g),채소류,나물,1143
2026-02-20,sigeumchi,시금치,시금치(100g),채소류,나물,1143
2026-02-20,sigeumchi,시금치,시금치(100g),채소류,나물,1143
2026-02-20,sigeumchi,시금치,시금치(100g),채소류,나물,1143
2026-02-20,sigeumchi,시금치,시금치(100g),채소류,나물,1143
2026-02-20,sigeumchi,시금치,시금치(100g),채소류,나물,1143
2026-02-23,sigeumchi,시금치,시금치(100g),채소류,나물,1093
2026-02-23,sigeumchi,시금치,시금치(100g),채소류,나물,1093
2026-02-23,sigeumchi,시금치,시금치(100g),채소류,나물,1093
2026-02-23,sigeumchi,시금치,시금치(100g),채소류,나물,1093
2026-02-23,sigeumchi,시금치,시금치(100g),채소류,나물,1093
2026-02-23,sigeumchi,시금치,시금치(100g),채소류,나물,1093
2026-02-23,sigeumchi,시금치,시금치(100g),채소류,나물,1093
2026-02-24,sigeumchi,시금치,시금치(100g),채소류,나물,1077
2026-02-24,sigeumchi,시금치,시금치(100g),채소류,나물,1077
2026-02-24,sigeumchi,시금치,시금치(100g),채소류,나물,1077
2026-02-24,sigeumchi,시금치,시금치(100g),채소류,나물,1077
2026-02-24,sigeumchi,시금치,시금치(100g),채소류,나물,1077
2026-02-24,sigeumchi,시금치,시금치(100g),채소류,나물,1077
2026-02-24,sigeumchi,시금치,시금치(100g),채소류,나물,1077
2026-02-25,sigeumchi,시금치,시금치(100g),채소류,나물,1054
2026-02-25,sigeumchi,시금치,시금치(100g),채소류,나물,1054
2026-02-25,sigeumchi,시금치,시금치(100g),채소류,나물,1054
2026-02-25,sigeumchi,시금치,시금치(100g),채소류,나물,1054
2026-02-25,sigeumchi,시금치,시금치(100g),채소류,나물,1054
2026-02-25,sigeumchi,시금치,시금치(100g),채소류,나물,1054
2026-02-25,sigeumchi,시금치,시금치(100g),채소류,나물,1054
2026-02-26,sigeumchi,시금치,시금치(100g),채소류,나물,1061
2026-02-26,sigeumchi,시금치,시금치(100g),채소류,나물,1061
2026-02-26,sigeumchi,시금치,시금치(100g),채소류,나물,1061
2026-02-26,sigeumchi,시금치,시금치(100g),채소류,나물,1061
2026-02-26,sigeumchi,시금치,시금치(100g),채소류,나물,1061
2026-02-26,sigeumchi,시금치,시금치(100g),채소류,나물,1061
2026-02-26,sigeumchi,시금치,시금치(100g),채소류,나물,1061
2026-02-27,sigeumchi,시금치,시금치(100g),채소류,나물,1032
2026-02-27,sigeumchi,시금치,시금치(100g),채소류,나물,1032
2026-02-27,sigeumchi,시금치,시금치(100g),채소류,나물,1032
2026-02-27,sigeumchi,시금치,시금치(100g),채소류,나물,1032
2026-02-27,sigeumchi,시금치,시금치(100g),채소류,나물,1032
2026-02-27,sigeumchi,시금치,시금치(100g),채소류,나물,1032
2026-02-27,sigeumchi,시금치,시금치(100g),채소류,나물,1032
2026-03-03,sigeumchi,시금치,시금치(100g),채소류,나물,1084
2026-03-03,sigeumchi,시금치,시금치(100g),채소류,나물,1084
2026-03-03,sigeumchi,시금치,시금치(100g),채소류,나물,1084
2026-03-03,sigeumchi,시금치,시금치(100g),채소류,나물,1084
2026-03-03,sigeumchi,시금치,시금치(100g),채소류,나물,1084
2026-03-03,sigeumchi,시금치,시금치(100g),채소류,나물,1084
2026-03-03,sigeumchi,시금치,시금치(100g),채소류,나물,1084
2026-03-04,sigeumchi,시금치,시금치(100g),채소류,나물,1060
2026-03-04,sigeumchi,시금치,시금치(100g),채소류,나물,1060
2026-03-04,sigeumchi,시금치,시금치(100g),채소류,나물,1060
2026-03-04,sigeumchi,시금치,시금치(100g),채소류,나물,1060
2026-03-04,sigeumchi,시금치,시금치(100g),채소류,나물,1060
2026-03-04,sigeumchi,시금치,시금치(100g),채소류,나물,1060
2026-03-04,sigeumchi,시금치,시금치(100g),채소류,나물,1060
2026-03-05,sigeumchi,시금치,시금치(100g),채소류,나물,997
2026-03-05,sigeumchi,시금치,시금치(100g),채소류,나물,997
2026-03-05,sigeumchi,시금치,시금치(100g),채소류,나물,997
2026-03-05,sigeumchi,시금치,시금치(100g),채소류,나물,997
2026-03-05,sigeumchi,시금치,시금치(100g),채소류,나물,997
2026-03-05,sigeumchi,시금치,시금치(100g),채소류,나물,997
2026-03-05,sigeumchi,시금치,시금치(100g),채소류,나물,997
2026-03-06,sigeumchi,시금치,시금치(100g),채소류,나물,981
2026-03-06,sigeumchi,시금치,시금치(100g),채소류,나물,981
2026-03-06,sigeumchi,시금치,시금치(100g),채소류,나물,981
2026-03-06,sigeumchi,시금치,시금치(100g),채소류,나물,981
2026-03-06,sigeumchi,시금치,시금치(100g),채소류,나물,981
2026-03-06,sigeumchi,시금치,시금치(100g),채소류,나물,981
2026-03-06,sigeumchi,시금치,시금치(100g),채소류,나물,981
2026-03-09,sigeumchi,시금치,시금치(100g),채소류,나물,985
2026-03-09,sigeumchi,시금치,시금치(100g),채소류,나물,985
2026-03-09,sigeumchi,시금치,시금치(100g),채소류,나물,985
2026-03-09,sigeumchi,시금치,시금치(100g),채소류,나물,985
2026-03-09,sigeumchi,시금치,시금치(100g),채소류,나물,985
2026-03-09,sigeumchi,시금치,시금치(100g),채소류,나물,985
2026-03-09,sigeumchi,시금치,시금치(100g),채소류,나물,985
2026-03-10,sigeumchi,시금치,시금치(100g),채소류,나물,976
2026-03-10,sigeumchi,시금치,시금치(100g),채소류,나물,976
2026-03-10,sigeumchi,시금치,시금치(100g),채소류,나물,976
2026-03-10,sigeumchi,시금치,시금치(100g),채소류,나물,976
2026-03-10,sigeumchi,시금치,시금치(100g),채소류,나물,976
2026-03-10,sigeumchi,시금치,시금치(100g),채소류,나물,976
2026-03-10,sigeumchi,시금치,시금치(100g),채소류,나물,976
2026-03-11,sigeumchi,시금치,시금치(100g),채소류,나물,957
2026-03-11,sigeumchi,시금치,시금치(100g),채소류,나물,957
2026-03-11,sigeumchi,시금치,시금치(100g),채소류,나물,957
2026-03-11,sigeumchi,시금치,시금치(100g),채소류,나물,957
2026-03-11,sigeumchi,시금치,시금치(100g),채소류,나물,957
2026-03-11,sigeumchi,시금치,시금치(100g),채소류,나물,957
2026-03-11,sigeumchi,시금치,시금치(100g),채소류,나물,957
2026-03-12,sigeumchi,시금치,시금치(100g),채소류,나물,812
2026-03-12,sigeumchi,시금치,시금치(100g),채소류,나물,812
2026-03-12,sigeumchi,시금치,시금치(100g),채소류,나물,812
2026-03-12,sigeumchi,시금치,시금치(100g),채소류,나물,812
2026-03-12,sigeumchi,시금치,시금치(100g),채소류,나물,812
2026-03-12,sigeumchi,시금치,시금치(100g),채소류,나물,812
2026-03-12,sigeumchi,시금치,시금치(100g),채소류,나물,812
2026-03-13,sigeumchi,시금치,시금치(100g),채소류,나물,806
2026-03-13,sigeumchi,시금치,시금치(100g),채소류,나물,806
2026-03-13,sigeumchi,시금치,시금치(100g),채소류,나물,806
2026-03-13,sigeumchi,시금치,시금치(100g),채소류,나물,806
2026-03-13,sigeumchi,시금치,시금치(100g),채소류,나물,806
2026-03-13,sigeumchi,시금치,시금치(100g),채소류,나물,806
2026-03-13,sigeumchi,시금치,시금치(100g),채소류,나물,806
2026-03-16,sigeumchi,시금치,시금치(100g),채소류,나물,793
2026-03-16,sigeumchi,시금치,시금치(100g),채소류,나물,793
2026-03-16,sigeumchi,시금치,시금치(100g),채소류,나물,793
2026-03-16,sigeumchi,시금치,시금치(100g),채소류,나물,793
2026-03-16,sigeumchi,시금치,시금치(100g),채소류,나물,793
2026-03-16,sigeumchi,시금치,시금치(100g),채소류,나물,793
2026-03-16,sigeumchi,시금치,시금치(100g),채소류,나물,793
2026-03-17,sigeumchi,시금치,시금치(100g),채소류,나물,787
2026-03-17,sigeumchi,시금치,시금치(100g),채소류,나물,787
2026-03-17,sigeumchi,시금치,시금치(100g),채소류,나물,787
2026-03-17,sigeumchi,시금치,시금치(100g),채소류,나물,787
2026-03-17,sigeumchi,시금치,시금치(100g),채소류,나물,787
2026-03-17,sigeumchi,시금치,시금치(100g),채소류,나물,787
2026-03-17,sigeumchi,시금치,시금치(100g),채소류,나물,787
2026-03-18,sigeumchi,시금치,시금치(100g),채소류,나물,789
2026-03-18,sigeumchi,시금치,시금치(100g),채소류,나물,789
2026-03-18,sigeumchi,시금치,시금치(100g),채소류,나물,789
2026-03-18,sigeumchi,시금치,시금치(100g),채소류,나물,789
2026-03-18,sigeumchi,시금치,시금치(100g),채소류,나물,789
2026-03-18,sigeumchi,시금치,시금치(100g),채소류,나물,789
2026-03-18,sigeumchi,시금치,시금치(100g),채소류,나물,789
2026-03-19,sigeumchi,시금치,시금치(100g),채소류,나물,803
2026-03-19,sigeumchi,시금치,시금치(100g),채소류,나물,803
2026-03-19,sigeumchi,시금치,시금치(100g),채소류,나물,803
2026-03-19,sigeumchi,시금치,시금치(100g),채소류,나물,803
2026-03-19,sigeumchi,시금치,시금치(100g),채소류,나물,803
2026-03-19,sigeumchi,시금치,시금치(100g),채소류,나물,803
2026-03-19,sigeumchi,시금치,시금치(100g),채소류,나물,803
2026-03-20,sigeumchi,시금치,시금치(100g),채소류,나물,813
2026-03-20,sigeumchi,시금치,시금치(100g),채소류,나물,813
2026-03-20,sigeumchi,시금치,시금치(100g),채소류,나물,813
2026-03-20,sigeumchi,시금치,시금치(100g),채소류,나물,813
2026-03-20,sigeumchi,시금치,시금치(100g),채소류,나물,813
2026-03-20,sigeumchi,시금치,시금치(100g),채소류,나물,813
2026-03-20,sigeumchi,시금치,시금치(100g),채소류,나물,813
2026-03-23,sigeumchi,시금치,시금치(100g),채소류,나물,835
2026-03-23,sigeumchi,시금치,시금치(100g),채소류,나물,835
2026-03-23,sigeumchi,시금치,시금치(100g),채소류,나물,835
2026-03-23,sigeumchi,시금치,시금치(100g),채소류,나물,835
2026-03-23,sigeumchi,시금치,시금치(100g),채소류,나물,835
2026-03-23,sigeumchi,시금치,시금치(100g),채소류,나물,835
2026-03-23,sigeumchi,시금치,시금치(100g),채소류,나물,835
2026-03-24,sigeumchi,시금치,시금치(100g),채소류,나물,826
2026-03-24,sigeumchi,시금치,시금치(100g),채소류,나물,826
2026-03-24,sigeumchi,시금치,시금치(100g),채소류,나물,826
2026-03-24,sigeumchi,시금치,시금치(100g),채소류,나물,826
2026-03-24,sigeumchi,시금치,시금치(100g),채소류,나물,826
2026-03-24,sigeumchi,시금치,시금치(100g),채소류,나물,826
2026-03-24,sigeumchi,시금치,시금치(100g),채소류,나물,826
2026-03-25,sigeumchi,시금치,시금치(100g),채소류,나물,823
2026-03-25,sigeumchi,시금치,시금치(100g),채소류,나물,823
2026-03-25,sigeumchi,시금치,시금치(100g),채소류,나물,823
2026-03-25,sigeumchi,시금치,시금치(100g),채소류,나물,823
2026-03-25,sigeumchi,시금치,시금치(100g),채소류,나물,823
2026-03-25,sigeumchi,시금치,시금치(100g),채소류,나물,823
2026-03-25,sigeumchi,시금치,시금치(100g),채소류,나물,823
2026-03-26,sigeumchi,시금치,시금치(100g),채소류,나물,722
2026-03-26,sigeumchi,시금치,시금치(100g),채소류,나물,722
2026-03-26,sigeumchi,시금치,시금치(100g),채소류,나물,722
2026-03-26,sigeumchi,시금치,시금치(100g),채소류,나물,722
2026-03-26,sigeumchi,시금치,시금치(100g),채소류,나물,722
2026-03-26,sigeumchi,시금치,시금치(100g),채소류,나물,722
2026-03-26,sigeumchi,시금치,시금치(100g),채소류,나물,722
2026-03-27,sigeumchi,시금치,시금치(100g),채소류,나물,715
2026-03-27,sigeumchi,시금치,시금치(100g),채소류,나물,715
2026-03-27,sigeumchi,시금치,시금치(100g),채소류,나물,715
2026-03-27,sigeumchi,시금치,시금치(100g),채소류,나물,715
2026-03-27,sigeumchi,시금치,시금치(100g),채소류,나물,715
2026-03-27,sigeumchi,시금치,시금치(100g),채소류,나물,715
2026-03-27,sigeumchi,시금치,시금치(100g),채소류,나물,715
2026-03-30,sigeumchi,시금치,시금치(100g),채소류,나물,751
2026-03-30,sigeumchi,시금치,시금치(100g),채소류,나물,751
2026-03-30,sigeumchi,시금치,시금치(100g),채소류,나물,751
2026-03-30,sigeumchi,시금치,시금치(100g),채소류,나물,751
2026-03-30,sigeumchi,시금치,시금치(100g),채소류,나물,751
2026-03-30,sigeumchi,시금치,시금치(100g),채소류,나물,751
2026-03-30,sigeumchi,시금치,시금치(100g),채소류,나물,751
2026-03-31,sigeumchi,시금치,시금치(100g),채소류,나물,742
2026-03-31,sigeumchi,시금치,시금치(100g),채소류,나물,742
2026-03-31,sigeumchi,시금치,시금치(100g),채소류,나물,742
2026-03-31,sigeumchi,시금치,시금치(100g),채소류,나물,742
2026-03-31,sigeumchi,시금치,시금치(100g),채소류,나물,742
2026-03-31,sigeumchi,시금치,시금치(100g),채소류,나물,742
2026-03-31,sigeumchi,시금치,시금치(100g),채소류,나물,742
2026-04-01,sigeumchi,시금치,시금치(100g),채소류,나물,757
2026-04-01,sigeumchi,시금치,시금치(100g),채소류,나물,757
2026-04-01,sigeumchi,시금치,시금치(100g),채소류,나물,757
2026-04-01,sigeumchi,시금치,시금치(100g),채소류,나물,757
2026-04-01,sigeumchi,시금치,시금치(100g),채소류,나물,757
2026-04-01,sigeumchi,시금치,시금치(100g),채소류,나물,757
2026-04-01,sigeumchi,시금치,시금치(100g),채소류,나물,757
2026-04-02,sigeumchi,시금치,시금치(100g),채소류,나물,757
2026-04-02,sigeumchi,시금치,시금치(100g),채소류,나물,757
2026-04-02,sigeumchi,시금치,시금치(100g),채소류,나물,757
2026-04-02,sigeumchi,시금치,시금치(100g),채소류,나물,757
2026-04-02,sigeumchi,시금치,시금치(100g),채소류,나물,757
2026-04-02,sigeumchi,시금치,시금치(100g),채소류,나물,757
2026-04-02,sigeumchi,시금치,시금치(100g),채소류,나물,757
2026-04-03,sigeumchi,시금치,시금치(100g),채소류,나물,752
2026-04-03,sigeumchi,시금치,시금치(100g),채소류,나물,752
2026-04-03,sigeumchi,시금치,시금치(100g),채소류,나물,752
2026-04-03,sigeumchi,시금치,시금치(100g),채소류,나물,752
2026-04-03,sigeumchi,시금치,시금치(100g),채소류,나물,752
2026-04-03,sigeumchi,시금치,시금치(100g),채소류,나물,752
2026-04-03,sigeumchi,시금치,시금치(100g),채소류,나물,752
2026-04-06,sigeumchi,시금치,시금치(100g),채소류,나물,771
2026-04-06,sigeumchi,시금치,시금치(100g),채소류,나물,771
2026-04-06,sigeumchi,시금치,시금치(100g),채소류,나물,771
2026-04-06,sigeumchi,시금치,시금치(100g),채소류,나물,771
2026-04-06,sigeumchi,시금치,시금치(100g),채소류,나물,771
2026-04-06,sigeumchi,시금치,시금치(100g),채소류,나물,771
2026-04-06,sigeumchi,시금치,시금치(100g),채소류,나물,771
2026-04-07,sigeumchi,시금치,시금치(100g),채소류,나물,786
2026-04-07,sigeumchi,시금치,시금치(100g),채소류,나물,786
2026-04-07,sigeumchi,시금치,시금치(100g),채소류,나물,786
2026-04-07,sigeumchi,시금치,시금치(100g),채소류,나물,786
2026-04-07,sigeumchi,시금치,시금치(100g),채소류,나물,786
2026-04-07,sigeumchi,시금치,시금치(100g),채소류,나물,786
2026-04-07,sigeumchi,시금치,시금치(100g),채소류,나물,786
2026-04-08,sigeumchi,시금치,시금치(100g),채소류,나물,802
2026-04-08,sigeumchi,시금치,시금치(100g),채소류,나물,802
2026-04-08,sigeumchi,시금치,시금치(100g),채소류,나물,802
2026-04-08,sigeumchi,시금치,시금치(100g),채소류,나물,802
2026-04-08,sigeumchi,시금치,시금치(100g),채소류,나물,802
2026-04-08,sigeumchi,시금치,시금치(100g),채소류,나물,802
2026-04-08,sigeumchi,시금치,시금치(100g),채소류,나물,802
2026-04-09,sigeumchi,시금치,시금치(100g),채소류,나물,793
2026-04-09,sigeumchi,시금치,시금치(100g),채소류,나물,793
2026-04-09,sigeumchi,시금치,시금치(100g),채소류,나물,793
2026-04-09,sigeumchi,시금치,시금치(100g),채소류,나물,793
2026-04-09,sigeumchi,시금치,시금치(100g),채소류,나물,793
2026-04-09,sigeumchi,시금치,시금치(100g),채소류,나물,793
2026-04-09,sigeumchi,시금치,시금치(100g),채소류,나물,793
2026-04-10,sigeumchi,시금치,시금치(100g),채소류,나물,788
2026-04-10,sigeumchi,시금치,시금치(100g),채소류,나물,788
2026-04-10,sigeumchi,시금치,시금치(100g),채소류,나물,788
2026-04-10,sigeumchi,시금치,시금치(100g),채소류,나물,788
2026-04-10,sigeumchi,시금치,시금치(100g),채소류,나물,788
2026-04-10,sigeumchi,시금치,시금치(100g),채소류,나물,788
2026-04-10,sigeumchi,시금치,시금치(100g),채소류,나물,788
2026-04-13,sigeumchi,시금치,시금치(100g),채소류,나물,777
2026-04-13,sigeumchi,시금치,시금치(100g),채소류,나물,777
2026-04-13,sigeumchi,시금치,시금치(100g),채소류,나물,777
2026-04-13,sigeumchi,시금치,시금치(100g),채소류,나물,777
2026-04-13,sigeumchi,시금치,시금치(100g),채소류,나물,777
2026-04-13,sigeumchi,시금치,시금치(100g),채소류,나물,777
2026-04-13,sigeumchi,시금치,시금치(100g),채소류,나물,777
2026-04-14,sigeumchi,시금치,시금치(100g),채소류,나물,789
2026-04-14,sigeumchi,시금치,시금치(100g),채소류,나물,789
2026-04-14,sigeumchi,시금치,시금치(100g),채소류,나물,789
2026-04-14,sigeumchi,시금치,시금치(100g),채소류,나물,789
2026-04-14,sigeumchi,시금치,시금치(100g),채소류,나물,789
2026-04-14,sigeumchi,시금치,시금치(100g),채소류,나물,789
2026-04-14,sigeumchi,시금치,시금치(100g),채소류,나물,789
2026-04-15,sigeumchi,시금치,시금치(100g),채소류,나물,803
2026-04-15,sigeumchi,시금치,시금치(100g),채소류,나물,803
2026-04-15,sigeumchi,시금치,시금치(100g),채소류,나물,803
2026-04-15,sigeumchi,시금치,시금치(100g),채소류,나물,803
2026-04-15,sigeumchi,시금치,시금치(100g),채소류,나물,803
2026-04-15,sigeumchi,시금치,시금치(100g),채소류,나물,803
2026-04-15,sigeumchi,시금치,시금치(100g),채소류,나물,803
2026-04-16,sigeumchi,시금치,시금치(100g),채소류,나물,672
2026-04-16,sigeumchi,시금치,시금치(100g),채소류,나물,672
2026-04-16,sigeumchi,시금치,시금치(100g),채소류,나물,672
2026-04-16,sigeumchi,시금치,시금치(100g),채소류,나물,672
2026-04-16,sigeumchi,시금치,시금치(100g),채소류,나물,672
2026-04-16,sigeumchi,시금치,시금치(100g),채소류,나물,672
2026-04-16,sigeumchi,시금치,시금치(100g),채소류,나물,672
2026-04-17,sigeumchi,시금치,시금치(100g),채소류,나물,665
2026-04-17,sigeumchi,시금치,시금치(100g),채소류,나물,665
2026-04-17,sigeumchi,시금치,시금치(100g),채소류,나물,665
2026-04-17,sigeumchi,시금치,시금치(100g),채소류,나물,665
2026-04-17,sigeumchi,시금치,시금치(100g),채소류,나물,665
2026-04-17,sigeumchi,시금치,시금치(100g),채소류,나물,665
2026-04-17,sigeumchi,시금치,시금치(100g),채소류,나물,665
2026-04-20,sigeumchi,시금치,시금치(100g),채소류,나물,669
2026-04-20,sigeumchi,시금치,시금치(100g),채소류,나물,669
2026-04-20,sigeumchi,시금치,시금치(100g),채소류,나물,669
2026-04-20,sigeumchi,시금치,시금치(100g),채소류,나물,669
2026-04-20,sigeumchi,시금치,시금치(100g),채소류,나물,669
2026-04-20,sigeumchi,시금치,시금치(100g),채소류,나물,669
2026-04-20,sigeumchi,시금치,시금치(100g),채소류,나물,669
2026-04-21,sigeumchi,시금치,시금치(100g),채소류,나물,671
2026-04-21,sigeumchi,시금치,시금치(100g),채소류,나물,671
2026-04-21,sigeumchi,시금치,시금치(100g),채소류,나물,671
2026-04-21,sigeumchi,시금치,시금치(100g),채소류,나물,671
2026-04-21,sigeumchi,시금치,시금치(100g),채소류,나물,671
2026-04-21,sigeumchi,시금치,시금치(100g),채소류,나물,671
2026-04-21,sigeumchi,시금치,시금치(100g),채소류,나물,671
2026-04-22,sigeumchi,시금치,시금치(100g),채소류,나물,683
2026-04-22,sigeumchi,시금치,시금치(100g),채소류,나물,683
2026-04-22,sigeumchi,시금치,시금치(100g),채소류,나물,683
2026-04-22,sigeumchi,시금치,시금치(100g),채소류,나물,683
2026-04-22,sigeumchi,시금치,시금치(100g),채소류,나물,683
2026-04-22,sigeumchi,시금치,시금치(100g),채소류,나물,683
2026-04-22,sigeumchi,시금치,시금치(100g),채소류,나물,683
2026-04-23,sigeumchi,시금치,시금치(100g),채소류,나물,682
2026-04-23,sigeumchi,시금치,시금치(100g),채소류,나물,682
2026-04-23,sigeumchi,시금치,시금치(100g),채소류,나물,682
2026-04-23,sigeumchi,시금치,시금치(100g),채소류,나물,682
2026-04-23,sigeumchi,시금치,시금치(100g),채소류,나물,682
2026-04-23,sigeumchi,시금치,시금치(100g),채소류,나물,682
2026-04-23,sigeumchi,시금치,시금치(100g),채소류,나물,682
2026-04-24,sigeumchi,시금치,시금치(100g),채소류,나물,687
2026-04-24,sigeumchi,시금치,시금치(100g),채소류,나물,687
2026-04-24,sigeumchi,시금치,시금치(100g),채소류,나물,687
2026-04-24,sigeumchi,시금치,시금치(100g),채소류,나물,687
2026-04-24,sigeumchi,시금치,시금치(100g),채소류,나물,687
2026-04-24,sigeumchi,시금치,시금치(100g),채소류,나물,687
2026-04-24,sigeumchi,시금치,시금치(100g),채소류,나물,687
2026-04-27,sigeumchi,시금치,시금치(100g),채소류,나물,717
2026-04-27,sigeumchi,시금치,시금치(100g),채소류,나물,717
2026-04-27,sigeumchi,시금치,시금치(100g),채소류,나물,717
2026-04-27,sigeumchi,시금치,시금치(100g),채소류,나물,717
2026-04-27,sigeumchi,시금치,시금치(100g),채소류,나물,717
2026-04-27,sigeumchi,시금치,시금치(100g),채소류,나물,717
2026-04-27,sigeumchi,시금치,시금치(100g),채소류,나물,717
2026-04-28,sigeumchi,시금치,시금치(100g),채소류,나물,714
2026-04-28,sigeumchi,시금치,시금치(100g),채소류,나물,714
2026-04-28,sigeumchi,시금치,시금치(100g),채소류,나물,714
2026-04-28,sigeumchi,시금치,시금치(100g),채소류,나물,714
2026-04-28,sigeumchi,시금치,시금치(100g),채소류,나물,714
2026-04-28,sigeumchi,시금치,시금치(100g),채소류,나물,714
2026-04-28,sigeumchi,시금치,시금치(100g),채소류,나물,714
2026-04-29,sigeumchi,시금치,시금치(100g),채소류,나물,714
2026-04-29,sigeumchi,시금치,시금치(100g),채소류,나물,714
2026-04-29,sigeumchi,시금치,시금치(100g),채소류,나물,714
2026-04-29,sigeumchi,시금치,시금치(100g),채소류,나물,714
2026-04-29,sigeumchi,시금치,시금치(100g),채소류,나물,714
2026-04-29,sigeumchi,시금치,시금치(100g),채소류,나물,714
2026-04-29,sigeumchi,시금치,시금치(100g),채소류,나물,714
2026-04-30,sigeumchi,시금치,시금치(100g),채소류,나물,696
2026-04-30,sigeumchi,시금치,시금치(100g),채소류,나물,696
2026-04-30,sigeumchi,시금치,시금치(100g),채소류,나물,696
2026-04-30,sigeumchi,시금치,시금치(100g),채소류,나물,696
2026-04-30,sigeumchi,시금치,시금치(100g),채소류,나물,696
2026-04-30,sigeumchi,시금치,시금치(100g),채소류,나물,696
2026-04-30,sigeumchi,시금치,시금치(100g),채소류,나물,696
2026-05-04,sigeumchi,시금치,시금치(100g),채소류,나물,710
2026-05-04,sigeumchi,시금치,시금치(100g),채소류,나물,710
2026-05-04,sigeumchi,시금치,시금치(100g),채소류,나물,710
2026-05-04,sigeumchi,시금치,시금치(100g),채소류,나물,710
2026-05-04,sigeumchi,시금치,시금치(100g),채소류,나물,710
2026-05-04,sigeumchi,시금치,시금치(100g),채소류,나물,710
2026-05-04,sigeumchi,시금치,시금치(100g),채소류,나물,710
2026-05-06,sigeumchi,시금치,시금치(100g),채소류,나물,718
2026-05-06,sigeumchi,시금치,시금치(100g),채소류,나물,718
2026-05-06,sigeumchi,시금치,시금치(100g),채소류,나물,718
2026-05-06,sigeumchi,시금치,시금치(100g),채소류,나물,718
2026-05-06,sigeumchi,시금치,시금치(100g),채소류,나물,718
2026-05-06,sigeumchi,시금치,시금치(100g),채소류,나물,718
2026-05-06,sigeumchi,시금치,시금치(100g),채소류,나물,718
2026-05-07,sigeumchi,시금치,시금치(100g),채소류,나물,746
2026-05-07,sigeumchi,시금치,시금치(100g),채소류,나물,746
2026-05-07,sigeumchi,시금치,시금치(100g),채소류,나물,746
2026-05-07,sigeumchi,시금치,시금치(100g),채소류,나물,746
2026-05-07,sigeumchi,시금치,시금치(100g),채소류,나물,746
2026-05-07,sigeumchi,시금치,시금치(100g),채소류,나물,746
2026-05-07,sigeumchi,시금치,시금치(100g),채소류,나물,746
2026-05-08,sigeumchi,시금치,시금치(100g),채소류,나물,752
2026-05-08,sigeumchi,시금치,시금치(100g),채소류,나물,752
2026-05-08,sigeumchi,시금치,시금치(100g),채소류,나물,752
2026-05-08,sigeumchi,시금치,시금치(100g),채소류,나물,752
2026-05-08,sigeumchi,시금치,시금치(100g),채소류,나물,752
2026-05-08,sigeumchi,시금치,시금치(100g),채소류,나물,752
2026-05-08,sigeumchi,시금치,시금치(100g),채소류,나물,752
2026-05-11,sigeumchi,시금치,시금치(100g),채소류,나물,766
2026-05-11,sigeumchi,시금치,시금치(100g),채소류,나물,766
2026-05-11,sigeumchi,시금치,시금치(100g),채소류,나물,766
2026-05-11,sigeumchi,시금치,시금치(100g),채소류,나물,766
2026-05-11,sigeumchi,시금치,시금치(100g),채소류,나물,766
2026-05-11,sigeumchi,시금치,시금치(100g),채소류,나물,766
2026-05-11,sigeumchi,시금치,시금치(100g),채소류,나물,766
2026-05-12,sigeumchi,시금치,시금치(100g),채소류,나물,762
2026-05-12,sigeumchi,시금치,시금치(100g),채소류,나물,762
2026-05-12,sigeumchi,시금치,시금치(100g),채소류,나물,762
2026-05-12,sigeumchi,시금치,시금치(100g),채소류,나물,762
2026-05-12,sigeumchi,시금치,시금치(100g),채소류,나물,762
2026-05-12,sigeumchi,시금치,시금치(100g),채소류,나물,762
2026-05-12,sigeumchi,시금치,시금치(100g),채소류,나물,762
2026-05-13,sigeumchi,시금치,시금치(100g),채소류,나물,748
2026-05-13,sigeumchi,시금치,시금치(100g),채소류,나물,748
2026-05-13,sigeumchi,시금치,시금치(100g),채소류,나물,748
2026-05-13,sigeumchi,시금치,시금치(100g),채소류,나물,748
2026-05-13,sigeumchi,시금치,시금치(100g),채소류,나물,748
2026-05-13,sigeumchi,시금치,시금치(100g),채소류,나물,748
2026-05-13,sigeumchi,시금치,시금치(100g),채소류,나물,748
2026-05-14,sigeumchi,시금치,시금치(100g),채소류,나물,693
2026-05-14,sigeumchi,시금치,시금치(100g),채소류,나물,693
2026-05-14,sigeumchi,시금치,시금치(100g),채소류,나물,693
2026-05-14,sigeumchi,시금치,시금치(100g),채소류,나물,693
2026-05-14,sigeumchi,시금치,시금치(100g),채소류,나물,693
2026-05-14,sigeumchi,시금치,시금치(100g),채소류,나물,693
2026-05-14,sigeumchi,시금치,시금치(100g),채소류,나물,693
2026-05-15,sigeumchi,시금치,시금치(100g),채소류,나물,688
2026-05-15,sigeumchi,시금치,시금치(100g),채소류,나물,688
2026-05-15,sigeumchi,시금치,시금치(100g),채소류,나물,688
2026-05-15,sigeumchi,시금치,시금치(100g),채소류,나물,688
2026-05-15,sigeumchi,시금치,시금치(100g),채소류,나물,688
2026-05-15,sigeumchi,시금치,시금치(100g),채소류,나물,688
2026-05-15,sigeumchi,시금치,시금치(100g),채소류,나물,688
2026-05-18,sigeumchi,시금치,시금치(100g),채소류,나물,718
2026-05-18,sigeumchi,시금치,시금치(100g),채소류,나물,718
2026-05-18,sigeumchi,시금치,시금치(100g),채소류,나물,718
2026-05-18,sigeumchi,시금치,시금치(100g),채소류,나물,718
2026-05-18,sigeumchi,시금치,시금치(100g),채소류,나물,718
2026-05-18,sigeumchi,시금치,시금치(100g),채소류,나물,718
2026-05-18,sigeumchi,시금치,시금치(100g),채소류,나물,718
2026-05-19,sigeumchi,시금치,시금치(100g),채소류,나물,704
2026-05-19,sigeumchi,시금치,시금치(100g),채소류,나물,704
2026-05-19,sigeumchi,시금치,시금치(100g),채소류,나물,704
2026-05-19,sigeumchi,시금치,시금치(100g),채소류,나물,704
2026-05-19,sigeumchi,시금치,시금치(100g),채소류,나물,704
2026-05-19,sigeumchi,시금치,시금치(100g),채소류,나물,704
2026-05-19,sigeumchi,시금치,시금치(100g),채소류,나물,704
2026-05-20,sigeumchi,시금치,시금치(100g),채소류,나물,709
2026-05-20,sigeumchi,시금치,시금치(100g),채소류,나물,709
2026-05-20,sigeumchi,시금치,시금치(100g),채소류,나물,709
2026-05-20,sigeumchi,시금치,시금치(100g),채소류,나물,709
2026-05-20,sigeumchi,시금치,시금치(100g),채소류,나물,709
2026-05-20,sigeumchi,시금치,시금치(100g),채소류,나물,709
2026-05-20,sigeumchi,시금치,시금치(100g),채소류,나물,709
2026-05-21,sigeumchi,시금치,시금치(100g),채소류,나물,748
2026-05-21,sigeumchi,시금치,시금치(100g),채소류,나물,748
2026-05-21,sigeumchi,시금치,시금치(100g),채소류,나물,748
2026-05-21,sigeumchi,시금치,시금치(100g),채소류,나물,748
2026-05-21,sigeumchi,시금치,시금치(100g),채소류,나물,748
2026-05-21,sigeumchi,시금치,시금치(100g),채소류,나물,748
2026-05-21,sigeumchi,시금치,시금치(100g),채소류,나물,748
2026-05-22,sigeumchi,시금치,시금치(100g),채소류,나물,755
2026-05-22,sigeumchi,시금치,시금치(100g),채소류,나물,755
2026-05-22,sigeumchi,시금치,시금치(100g),채소류,나물,755
2026-05-22,sigeumchi,시금치,시금치(100g),채소류,나물,755
2026-05-22,sigeumchi,시금치,시금치(100g),채소류,나물,755
2026-05-22,sigeumchi,시금치,시금치(100g),채소류,나물,755
2026-05-22,sigeumchi,시금치,시금치(100g),채소류,나물,755
2026-05-26,sigeumchi,시금치,시금치(100g),채소류,나물,750
2026-05-26,sigeumchi,시금치,시금치(100g),채소류,나물,750
2026-05-26,sigeumchi,시금치,시금치(100g),채소류,나물,750
2026-05-26,sigeumchi,시금치,시금치(100g),채소류,나물,750
2026-05-26,sigeumchi,시금치,시금치(100g),채소류,나물,750
2026-05-26,sigeumchi,시금치,시금치(100g),채소류,나물,750
2026-05-26,sigeumchi,시금치,시금치(100g),채소류,나물,750
2026-05-27,sigeumchi,시금치,시금치(100g),채소류,나물,750
2026-05-27,sigeumchi,시금치,시금치(100g),채소류,나물,750
2026-05-27,sigeumchi,시금치,시금치(100g),채소류,나물,750
2026-05-27,sigeumchi,시금치,시금치(100g),채소류,나물,750
2026-05-27,sigeumchi,시금치,시금치(100g),채소류,나물,750
2026-05-27,sigeumchi,시금치,시금치(100g),채소류,나물,750
2026-05-27,sigeumchi,시금치,시금치(100g),채소류,나물,750
2026-05-28,sigeumchi,시금치,시금치(100g),채소류,나물,783
2026-05-28,sigeumchi,시금치,시금치(100g),채소류,나물,783
2026-05-28,sigeumchi,시금치,시금치(100g),채소류,나물,783
2026-05-28,sigeumchi,시금치,시금치(100g),채소류,나물,783
2026-05-28,sigeumchi,시금치,시금치(100g),채소류,나물,783
2026-05-28,sigeumchi,시금치,시금치(100g),채소류,나물,783
2026-05-28,sigeumchi,시금치,시금치(100g),채소류,나물,783
2026-05-29,sigeumchi,시금치,시금치(100g),채소류,나물,779
2026-05-29,sigeumchi,시금치,시금치(100g),채소류,나물,779
2026-05-29,sigeumchi,시금치,시금치(100g),채소류,나물,779
2026-05-29,sigeumchi,시금치,시금치(100g),채소류,나물,779
2026-05-29,sigeumchi,시금치,시금치(100g),채소류,나물,779
2026-05-29,sigeumchi,시금치,시금치(100g),채소류,나물,779
2026-05-29,sigeumchi,시금치,시금치(100g),채소류,나물,779
2026-06-01,sigeumchi,시금치,시금치(100g),채소류,나물,780
2026-06-01,sigeumchi,시금치,시금치(100g),채소류,나물,780
2026-06-01,sigeumchi,시금치,시금치(100g),채소류,나물,780
2026-06-01,sigeumchi,시금치,시금치(100g),채소류,나물,780
2026-06-01,sigeumchi,시금치,시금치(100g),채소류,나물,780
2026-06-01,sigeumchi,시금치,시금치(100g),채소류,나물,780
2026-06-01,sigeumchi,시금치,시금치(100g),채소류,나물,780
2026-06-02,sigeumchi,시금치,시금치(100g),채소류,나물,776
2026-06-02,sigeumchi,시금치,시금치(100g),채소류,나물,776
2026-06-02,sigeumchi,시금치,시금치(100g),채소류,나물,776
2026-06-02,sigeumchi,시금치,시금치(100g),채소류,나물,776
2026-06-02,sigeumchi,시금치,시금치(100g),채소류,나물,776
2026-06-02,sigeumchi,시금치,시금치(100g),채소류,나물,776
2026-06-02,sigeumchi,시금치,시금치(100g),채소류,나물,776
2026-06-04,sigeumchi,시금치,시금치(100g),채소류,나물,730
2026-06-04,sigeumchi,시금치,시금치(100g),채소류,나물,730
2026-06-04,sigeumchi,시금치,시금치(100g),채소류,나물,730
2026-06-04,sigeumchi,시금치,시금치(100g),채소류,나물,730
2026-06-04,sigeumchi,시금치,시금치(100g),채소류,나물,730
2026-06-04,sigeumchi,시금치,시금치(100g),채소류,나물,730
2026-06-04,sigeumchi,시금치,시금치(100g),채소류,나물,730
2026-06-05,sigeumchi,시금치,시금치(100g),채소류,나물,730
2026-06-05,sigeumchi,시금치,시금치(100g),채소류,나물,730
2026-06-05,sigeumchi,시금치,시금치(100g),채소류,나물,730
2026-06-05,sigeumchi,시금치,시금치(100g),채소류,나물,730
2026-06-05,sigeumchi,시금치,시금치(100g),채소류,나물,730
2026-06-05,sigeumchi,시금치,시금치(100g),채소류,나물,730
2026-06-05,sigeumchi,시금치,시금치(100g),채소류,나물,730
2026-06-08,sigeumchi,시금치,시금치(100g),채소류,나물,724
2026-06-08,sigeumchi,시금치,시금치(100g),채소류,나물,724
2026-06-08,sigeumchi,시금치,시금치(100g),채소류,나물,724
2026-06-08,sigeumchi,시금치,시금치(100g),채소류,나물,724
2026-06-08,sigeumchi,시금치,시금치(100g),채소류,나물,724
2026-06-08,sigeumchi,시금치,시금치(100g),채소류,나물,724
2026-06-08,sigeumchi,시금치,시금치(100g),채소류,나물,724
2026-06-09,sigeumchi,시금치,시금치(100g),채소류,나물,721
2026-06-09,sigeumchi,시금치,시금치(100g),채소류,나물,721
2026-06-09,sigeumchi,시금치,시금치(100g),채소류,나물,721
2026-06-09,sigeumchi,시금치,시금치(100g),채소류,나물,721
2026-06-09,sigeumchi,시금치,시금치(100g),채소류,나물,721
2026-06-09,sigeumchi,시금치,시금치(100g),채소류,나물,721
2026-06-09,sigeumchi,시금치,시금치(100g),채소류,나물,721
2026-06-10,sigeumchi,시금치,시금치(100g),채소류,나물,734
2026-06-10,sigeumchi,시금치,시금치(100g),채소류,나물,734
2026-06-10,sigeumchi,시금치,시금치(100g),채소류,나물,734
2026-06-10,sigeumchi,시금치,시금치(100g),채소류,나물,734
2026-06-10,sigeumchi,시금치,시금치(100g),채소류,나물,734
2026-06-10,sigeumchi,시금치,시금치(100g),채소류,나물,734
2026-06-10,sigeumchi,시금치,시금치(100g),채소류,나물,734
2026-06-11,sigeumchi,시금치,시금치(100g),채소류,나물,842
2026-06-11,sigeumchi,시금치,시금치(100g),채소류,나물,842
2026-06-11,sigeumchi,시금치,시금치(100g),채소류,나물,842
2026-06-11,sigeumchi,시금치,시금치(100g),채소류,나물,842
2026-06-11,sigeumchi,시금치,시금치(100g),채소류,나물,842
2026-06-11,sigeumchi,시금치,시금치(100g),채소류,나물,842
2026-06-11,sigeumchi,시금치,시금치(100g),채소류,나물,842
2026-06-12,sigeumchi,시금치,시금치(100g),채소류,나물,857
2026-06-12,sigeumchi,시금치,시금치(100g),채소류,나물,857
2026-06-12,sigeumchi,시금치,시금치(100g),채소류,나물,857
2026-06-12,sigeumchi,시금치,시금치(100g),채소류,나물,857
2026-06-12,sigeumchi,시금치,시금치(100g),채소류,나물,857
2026-06-12,sigeumchi,시금치,시금치(100g),채소류,나물,857
2026-06-12,sigeumchi,시금치,시금치(100g),채소류,나물,857
2026-06-15,sigeumchi,시금치,시금치(100g),채소류,나물,859
2026-06-15,sigeumchi,시금치,시금치(100g),채소류,나물,859
2026-06-15,sigeumchi,시금치,시금치(100g),채소류,나물,859
2026-06-15,sigeumchi,시금치,시금치(100g),채소류,나물,859
2026-06-15,sigeumchi,시금치,시금치(100g),채소류,나물,859
2026-06-15,sigeumchi,시금치,시금치(100g),채소류,나물,859
2026-06-15,sigeumchi,시금치,시금치(100g),채소류,나물,859
2026-06-16,sigeumchi,시금치,시금치(100g),채소류,나물,884
2026-06-16,sigeumchi,시금치,시금치(100g),채소류,나물,884
2026-06-16,sigeumchi,시금치,시금치(100g),채소류,나물,884
2026-06-16,sigeumchi,시금치,시금치(100g),채소류,나물,884
2026-06-16,sigeumchi,시금치,시금치(100g),채소류,나물,884
2026-06-16,sigeumchi,시금치,시금치(100g),채소류,나물,884
2026-06-16,sigeumchi,시금치,시금치(100g),채소류,나물,884
2026-06-17,sigeumchi,시금치,시금치(100g),채소류,나물,889
2026-06-17,sigeumchi,시금치,시금치(100g),채소류,나물,889
2026-06-17,sigeumchi,시금치,시금치(100g),채소류,나물,889
2026-06-17,sigeumchi,시금치,시금치(100g),채소류,나물,889
2026-06-17,sigeumchi,시금치,시금치(100g),채소류,나물,889
2026-06-17,sigeumchi,시금치,시금치(100g),채소류,나물,889
2026-06-17,sigeumchi,시금치,시금치(100g),채소류,나물,889
2026-06-18,sigeumchi,시금치,시금치(100g),채소류,나물,796
2026-06-18,sigeumchi,시금치,시금치(100g),채소류,나물,796
2026-06-18,sigeumchi,시금치,시금치(100g),채소류,나물,796
2026-06-18,sigeumchi,시금치,시금치(100g),채소류,나물,796
2026-06-18,sigeumchi,시금치,시금치(100g),채소류,나물,796
2026-06-18,sigeumchi,시금치,시금치(100g),채소류,나물,796
2026-06-18,sigeumchi,시금치,시금치(100g),채소류,나물,796
2026-06-19,sigeumchi,시금치,시금치(100g),채소류,나물,792
2026-06-19,sigeumchi,시금치,시금치(100g),채소류,나물,792
2026-06-19,sigeumchi,시금치,시금치(100g),채소류,나물,792
2026-06-19,sigeumchi,시금치,시금치(100g),채소류,나물,792
2026-06-19,sigeumchi,시금치,시금치(100g),채소류,나물,792
2026-06-19,sigeumchi,시금치,시금치(100g),채소류,나물,792
2026-06-19,sigeumchi,시금치,시금치(100g),채소류,나물,792
2026-06-22,sigeumchi,시금치,시금치(100g),채소류,나물,829
2026-06-22,sigeumchi,시금치,시금치(100g),채소류,나물,829
2026-06-22,sigeumchi,시금치,시금치(100g),채소류,나물,829
2026-06-22,sigeumchi,시금치,시금치(100g),채소류,나물,829
2026-06-22,sigeumchi,시금치,시금치(100g),채소류,나물,829
2026-06-22,sigeumchi,시금치,시금치(100g),채소류,나물,829
2026-06-22,sigeumchi,시금치,시금치(100g),채소류,나물,829
2026-06-23,sigeumchi,시금치,시금치(100g),채소류,나물,827
2026-06-23,sigeumchi,시금치,시금치(100g),채소류,나물,827
2026-06-23,sigeumchi,시금치,시금치(100g),채소류,나물,827
2026-06-23,sigeumchi,시금치,시금치(100g),채소류,나물,827
2026-06-23,sigeumchi,시금치,시금치(100g),채소류,나물,827
2026-06-23,sigeumchi,시금치,시금치(100g),채소류,나물,827
2026-06-23,sigeumchi,시금치,시금치(100g),채소류,나물,827
2026-06-24,sigeumchi,시금치,시금치(100g),채소류,나물,838
2026-06-24,sigeumchi,시금치,시금치(100g),채소류,나물,838
2026-06-24,sigeumchi,시금치,시금치(100g),채소류,나물,838
2026-06-24,sigeumchi,시금치,시금치(100g),채소류,나물,838
2026-06-24,sigeumchi,시금치,시금치(100g),채소류,나물,838
2026-06-24,sigeumchi,시금치,시금치(100g),채소류,나물,838
2026-06-24,sigeumchi,시금치,시금치(100g),채소류,나물,838
2026-06-25,sigeumchi,시금치,시금치(100g),채소류,나물,862
2026-06-25,sigeumchi,시금치,시금치(100g),채소류,나물,862
2026-06-25,sigeumchi,시금치,시금치(100g),채소류,나물,862
2026-06-25,sigeumchi,시금치,시금치(100g),채소류,나물,862
2026-06-25,sigeumchi,시금치,시금치(100g),채소류,나물,862
2026-06-25,sigeumchi,시금치,시금치(100g),채소류,나물,862
2026-06-25,sigeumchi,시금치,시금치(100g),채소류,나물,862
2026-06-26,sigeumchi,시금치,시금치(100g),채소류,나물,862
2026-06-26,sigeumchi,시금치,시금치(100g),채소류,나물,862
2026-06-26,sigeumchi,시금치,시금치(100g),채소류,나물,862
2026-06-26,sigeumchi,시금치,시금치(100g),채소류,나물,862
2026-06-26,sigeumchi,시금치,시금치(100g),채소류,나물,862
2026-06-26,sigeumchi,시금치,시금치(100g),채소류,나물,862
2026-06-26,sigeumchi,시금치,시금치(100g),채소류,나물,862
2026-06-29,sigeumchi,시금치,시금치(100g),채소류,나물,914
2026-06-29,sigeumchi,시금치,시금치(100g),채소류,나물,914
2026-06-29,sigeumchi,시금치,시금치(100g),채소류,나물,914
2026-06-29,sigeumchi,시금치,시금치(100g),채소류,나물,914
2026-06-29,sigeumchi,시금치,시금치(100g),채소류,나물,914
2026-06-29,sigeumchi,시금치,시금치(100g),채소류,나물,914
2026-06-29,sigeumchi,시금치,시금치(100g),채소류,나물,914
2026-06-30,sigeumchi,시금치,시금치(100g),채소류,나물,919
2026-06-30,sigeumchi,시금치,시금치(100g),채소류,나물,919
2026-06-30,sigeumchi,시금치,시금치(100g),채소류,나물,919
2026-06-30,sigeumchi,시금치,시금치(100g),채소류,나물,919
2026-06-30,sigeumchi,시금치,시금치(100g),채소류,나물,919
2026-06-30,sigeumchi,시금치,시금치(100g),채소류,나물,919
2026-06-30,sigeumchi,시금치,시금치(100g),채소류,나물,919
2026-07-01,sigeumchi,시금치,시금치(100g),채소류,나물,884
2026-07-01,sigeumchi,시금치,시금치(100g),채소류,나물,884
2026-07-01,sigeumchi,시금치,시금치(100g),채소류,나물,884
2026-07-01,sigeumchi,시금치,시금치(100g),채소류,나물,884
2026-07-01,sigeumchi,시금치,시금치(100g),채소류,나물,884
2026-07-01,sigeumchi,시금치,시금치(100g),채소류,나물,884
2026-07-01,sigeumchi,시금치,시금치(100g),채소류,나물,884
2026-07-02,sigeumchi,시금치,시금치(100g),채소류,나물,796
2026-07-02,sigeumchi,시금치,시금치(100g),채소류,나물,796
2026-07-02,sigeumchi,시금치,시금치(100g),채소류,나물,796
2026-07-02,sigeumchi,시금치,시금치(100g),채소류,나물,796
2026-07-02,sigeumchi,시금치,시금치(100g),채소류,나물,796
2026-07-02,sigeumchi,시금치,시금치(100g),채소류,나물,796
2026-07-02,sigeumchi,시금치,시금치(100g),채소류,나물,796
2026-07-03,sigeumchi,시금치,시금치(100g),채소류,나물,793
2026-07-03,sigeumchi,시금치,시금치(100g),채소류,나물,793
2026-07-03,sigeumchi,시금치,시금치(100g),채소류,나물,793
2026-07-03,sigeumchi,시금치,시금치(100g),채소류,나물,793
2026-07-03,sigeumchi,시금치,시금치(100g),채소류,나물,793
2026-07-03,sigeumchi,시금치,시금치(100g),채소류,나물,793
2026-07-03,sigeumchi,시금치,시금치(100g),채소류,나물,793
2026-07-06,sigeumchi,시금치,시금치(100g),채소류,나물,805
2026-07-06,sigeumchi,시금치,시금치(100g),채소류,나물,805
2026-07-06,sigeumchi,시금치,시금치(100g),채소류,나물,805
2026-07-06,sigeumchi,시금치,시금치(100g),채소류,나물,805
2026-07-06,sigeumchi,시금치,시금치(100g),채소류,나물,805
2026-07-06,sigeumchi,시금치,시금치(100g),채소류,나물,805
2026-07-06,sigeumchi,시금치,시금치(100g),채소류,나물,805
2026-07-07,sigeumchi,시금치,시금치(100g),채소류,나물,784
2026-07-07,sigeumchi,시금치,시금치(100g),채소류,나물,784
2026-07-07,sigeumchi,시금치,시금치(100g),채소류,나물,784
2026-07-07,sigeumchi,시금치,시금치(100g),채소류,나물,784
2026-07-07,sigeumchi,시금치,시금치(100g),채소류,나물,784
2026-07-07,sigeumchi,시금치,시금치(100g),채소류,나물,784
2026-07-07,sigeumchi,시금치,시금치(100g),채소류,나물,784
2026-07-08,sigeumchi,시금치,시금치(100g),채소류,나물,818
2026-07-08,sigeumchi,시금치,시금치(100g),채소류,나물,818
2026-07-08,sigeumchi,시금치,시금치(100g),채소류,나물,818
2026-07-08,sigeumchi,시금치,시금치(100g),채소류,나물,818
2026-07-08,sigeumchi,시금치,시금치(100g),채소류,나물,818
2026-07-08,sigeumchi,시금치,시금치(100g),채소류,나물,818
2026-07-08,sigeumchi,시금치,시금치(100g),채소류,나물,818
2026-07-09,sigeumchi,시금치,시금치(100g),채소류,나물,962
2026-07-09,sigeumchi,시금치,시금치(100g),채소류,나물,962
2026-07-09,sigeumchi,시금치,시금치(100g),채소류,나물,962
2026-07-09,sigeumchi,시금치,시금치(100g),채소류,나물,962
2026-07-09,sigeumchi,시금치,시금치(100g),채소류,나물,962
2026-07-09,sigeumchi,시금치,시금치(100g),채소류,나물,962
2026-07-09,sigeumchi,시금치,시금치(100g),채소류,나물,962
2026-07-10,sigeumchi,시금치,시금치(100g),채소류,나물,973
2026-07-10,sigeumchi,시금치,시금치(100g),채소류,나물,973
2026-07-10,sigeumchi,시금치,시금치(100g),채소류,나물,973
2026-07-10,sigeumchi,시금치,시금치(100g),채소류,나물,973
2026-07-10,sigeumchi,시금치,시금치(100g),채소류,나물,973
2026-07-10,sigeumchi,시금치,시금치(100g),채소류,나물,973
2026-07-10,sigeumchi,시금치,시금치(100g),채소류,나물,973
2026-07-13,sigeumchi,시금치,시금치(100g),채소류,나물,1018
2026-07-13,sigeumchi,시금치,시금치(100g),채소류,나물,1018
2026-07-13,sigeumchi,시금치,시금치(100g),채소류,나물,1018
2026-07-13,sigeumchi,시금치,시금치(100g),채소류,나물,1018
2026-07-13,sigeumchi,시금치,시금치(100g),채소류,나물,1018
2026-07-13,sigeumchi,시금치,시금치(100g),채소류,나물,1018
2026-07-13,sigeumchi,시금치,시금치(100g),채소류,나물,1018
2026-07-14,sigeumchi,시금치,시금치(100g),채소류,나물,1050
2026-07-14,sigeumchi,시금치,시금치(100g),채소류,나물,1050
2026-07-14,sigeumchi,시금치,시금치(100g),채소류,나물,1050
2026-07-14,sigeumchi,시금치,시금치(100g),채소류,나물,1050
2026-07-14,sigeumchi,시금치,시금치(100g),채소류,나물,1050
2026-07-14,sigeumchi,시금치,시금치(100g),채소류,나물,1050
2026-07-14,sigeumchi,시금치,시금치(100g),채소류,나물,1050
2026-07-15,sigeumchi,시금치,시금치(100g),채소류,나물,1165
2026-07-15,sigeumchi,시금치,시금치(100g),채소류,나물,1165
2026-07-15,sigeumchi,시금치,시금치(100g),채소류,나물,1165
2026-07-15,sigeumchi,시금치,시금치(100g),채소류,나물,1165
2026-07-15,sigeumchi,시금치,시금치(100g),채소류,나물,1165
2026-07-15,sigeumchi,시금치,시금치(100g),채소류,나물,1165
2026-07-15,sigeumchi,시금치,시금치(100g),채소류,나물,1165
2026-07-16,sigeumchi,시금치,시금치(100g),채소류,나물,1084
2026-07-16,sigeumchi,시금치,시금치(100g),채소류,나물,1084
2026-07-16,sigeumchi,시금치,시금치(100g),채소류,나물,1084
2026-07-16,sigeumchi,시금치,시금치(100g),채소류,나물,1084
2026-07-16,sigeumchi,시금치,시금치(100g),채소류,나물,1084
2026-07-16,sigeumchi,시금치,시금치(100g),채소류,나물,1084
2026-07-16,sigeumchi,시금치,시금치(100g),채소류,나물,1084
2026-07-20,sigeumchi,시금치,시금치(100g),채소류,나물,1125
2026-07-20,sigeumchi,시금치,시금치(100g),채소류,나물,1125
2026-07-20,sigeumchi,시금치,시금치(100g),채소류,나물,1125
2026-07-20,sigeumchi,시금치,시금치(100g),채소류,나물,1125
2026-07-20,sigeumchi,시금치,시금치(100g),채소류,나물,1125
2026-07-20,sigeumchi,시금치,시금치(100g),채소류,나물,1125
2026-07-20,sigeumchi,시금치,시금치(100g),채소류,나물,1125
2026-07-21,sigeumchi,시금치,시금치(100g),채소류,나물,1133
2026-07-21,sigeumchi,시금치,시금치(100g),채소류,나물,1133
2026-07-21,sigeumchi,시금치,시금치(100g),채소류,나물,1133
2026-07-21,sigeumchi,시금치,시금치(100g),채소류,나물,1133
2026-07-21,sigeumchi,시금치,시금치(100g),채소류,나물,1133
2026-07-21,sigeumchi,시금치,시금치(100g),채소류,나물,1133
2026-07-21,sigeumchi,시금치,시금치(100g),채소류,나물,1133
2026-07-22,sigeumchi,시금치,시금치(100g),채소류,나물,1153
2026-07-22,sigeumchi,시금치,시금치(100g),채소류,나물,1153
2026-07-22,sigeumchi,시금치,시금치(100g),채소류,나물,1153
2026-07-22,sigeumchi,시금치,시금치(100g),채소류,나물,1153
2026-07-22,sigeumchi,시금치,시금치(100g),채소류,나물,1153
2026-07-22,sigeumchi,시금치,시금치(100g),채소류,나물,1153
2026-07-22,sigeumchi,시금치,시금치(100g),채소류,나물,1153
2026-07-23,sigeumchi,시금치,시금치(100g),채소류,나물,1297
2026-07-23,sigeumchi,시금치,시금치(100g),채소류,나물,1297
2026-07-23,sigeumchi,시금치,시금치(100g),채소류,나물,1297
2026-07-23,sigeumchi,시금치,시금치(100g),채소류,나물,1297
2026-07-23,sigeumchi,시금치,시금치(100g),채소류,나물,1297
2026-07-23,sigeumchi,시금치,시금치(100g),채소류,나물,1297
2026-07-23,sigeumchi,시금치,시금치(100g),채소류,나물,1297
2026-07-24,sigeumchi,시금치,시금치(100g),채소류,나물,1294
2026-07-24,sigeumchi,시금치,시금치(100g),채소류,나물,1294
2026-07-24,sigeumchi,시금치,시금치(100g),채소류,나물,1294
2026-07-24,sigeumchi,시금치,시금치(100g),채소류,나물,1294
2026-07-24,sigeumchi,시금치,시금치(100g),채소류,나물,1294
2026-07-24,sigeumchi,시금치,시금치(100g),채소류,나물,1294
2026-07-24,sigeumchi,시금치,시금치(100g),채소류,나물,1294
2026-07-27,sigeumchi,시금치,시금치(100g),채소류,나물,1299
2026-07-27,sigeumchi,시금치,시금치(100g),채소류,나물,1299
2026-07-27,sigeumchi,시금치,시금치(100g),채소류,나물,1299
2026-07-27,sigeumchi,시금치,시금치(100g),채소류,나물,1299
2026-07-27,sigeumchi,시금치,시금치(100g),채소류,나물,1299
2026-07-27,sigeumchi,시금치,시금치(100g),채소류,나물,1299
2026-07-27,sigeumchi,시금치,시금치(100g),채소류,나물,1299
2026-07-28,sigeumchi,시금치,시금치(100g),채소류,나물,1315
2026-07-28,sigeumchi,시금치,시금치(100g),채소류,나물,1315
2026-07-28,sigeumchi,시금치,시금치(100g),채소류,나물,1315
2026-07-28,sigeumchi,시금치,시금치(100g),채소류,나물,1315
2026-07-28,sigeumchi,시금치,시금치(100g),채소류,나물,1315
2026-07-28,sigeumchi,시금치,시금치(100g),채소류,나물,1315
2026-07-28,sigeumchi,시금치,시금치(100g),채소류,나물,1315
2026-07-29,sigeumchi,시금치,시금치(100g),채소류,나물,1331
2026-07-29,sigeumchi,시금치,시금치(100g),채소류,나물,1331
2026-07-29,sigeumchi,시금치,시금치(100g),채소류,나물,1331
2026-07-29,sigeumchi,시금치,시금치(100g),채소류,나물,1331
2026-07-29,sigeumchi,시금치,시금치(100g),채소류,나물,1331
2026-07-29,sigeumchi,시금치,시금치(100g),채소류,나물,1331
2026-07-29,sigeumchi,시금치,시금치(100g),채소류,나물,1331
2026-07-30,sigeumchi,시금치,시금치(100g),채소류,나물,1613
2026-07-30,sigeumchi,시금치,시금치(100g),채소류,나물,1613
2026-07-30,sigeumchi,시금치,시금치(100g),채소류,나물,1613
2026-07-30,sigeumchi,시금치,시금치(100g),채소류,나물,1613
2026-07-30,sigeumchi,시금치,시금치(100g),채소류,나물,1613
2026-07-30,sigeumchi,시금치,시금치(100g),채소류,나물,1613
2026-07-30,sigeumchi,시금치,시금치(100g),채소류,나물,1613
2026-07-31,sigeumchi,시금치,시금치(100g),채소류,나물,1701
2026-07-31,sigeumchi,시금치,시금치(100g),채소류,나물,1701
2026-07-31,sigeumchi,시금치,시금치(100g),채소류,나물,1701
2026-07-31,sigeumchi,시금치,시금치(100g),채소류,나물,1701
2026-07-31,sigeumchi,시금치,시금치(100g),채소류,나물,1701
2026-07-31,sigeumchi,시금치,시금치(100g),채소류,나물,1701
2026-07-31,sigeumchi,시금치,시금치(100g),채소류,나물,1701
2026-08-03,sigeumchi,시금치,시금치(100g),채소류,나물,1718
2026-08-03,sigeumchi,시금치,시금치(100g),채소류,나물,1718
2026-08-03,sigeumchi,시금치,시금치(100g),채소류,나물,1718
2026-08-03,sigeumchi,시금치,시금치(100g),채소류,나물,1718
2026-08-03,sigeumchi,시금치,시금치(100g),채소류,나물,1718
2026-08-03,sigeumchi,시금치,시금치(100g),채소류,나물,1718
2026-08-03,sigeumchi,시금치,시금치(100g),채소류,나물,1718
2026-08-04,sigeumchi,시금치,시금치(100g),채소류,나물,1747
2026-08-04,sigeumchi,시금치,시금치(100g),채소류,나물,1747
2026-08-04,sigeumchi,시금치,시금치(100g),채소류,나물,1747
2026-08-04,sigeumchi,시금치,시금치(100g),채소류,나물,1747
2026-08-04,sigeumchi,시금치,시금치(100g),채소류,나물,1747
2026-08-04,sigeumchi,시금치,시금치(100g),채소류,나물,1747
2026-08-04,sigeumchi,시금치,시금치(100g),채소류,나물,1747
2026-08-05,sigeumchi,시금치,시금치(100g),채소류,나물,1796
2026-08-05,sigeumchi,시금치,시금치(100g),채소류,나물,1796
2026-08-05,sigeumchi,시금치,시금치(100g),채소류,나물,1796
2026-08-05,sigeumchi,시금치,시금치(100g),채소류,나물,1796
2026-08-05,sigeumchi,시금치,시금치(100g),채소류,나물,1796
2026-08-05,sigeumchi,시금치,시금치(100g),채소류,나물,1796
2026-08-05,sigeumchi,시금치,시금치(100g),채소류,나물,1796
2026-08-06,sigeumchi,시금치,시금치(100g),채소류,나물,1974
2026-08-06,sigeumchi,시금치,시금치(100g),채소류,나물,1974
2026-08-06,sigeumchi,시금치,시금치(100g),채소류,나물,1974
2026-08-06,sigeumchi,시금치,시금치(100g),채소류,나물,1974
2026-08-06,sigeumchi,시금치,시금치(100g),채소류,나물,1974
2026-08-06,sigeumchi,시금치,시금치(100g),채소류,나물,1974
2026-08-06,sigeumchi,시금치,시금치(100g),채소류,나물,1974
2026-08-07,sigeumchi,시금치,시금치(100g),채소류,나물,1978
2026-08-07,sigeumchi,시금치,시금치(100g),채소류,나물,1978
2026-08-07,sigeumchi,시금치,시금치(100g),채소류,나물,1978
2026-08-07,sigeumchi,시금치,시금치(100g),채소류,나물,1978
2026-08-07,sigeumchi,시금치,시금치(100g),채소류,나물,1978
2026-08-07,sigeumchi,시금치,시금치(100g),채소류,나물,1978
2026-08-07,sigeumchi,시금치,시금치(100g),채소류,나물,1978
2026-08-10,sigeumchi,시금치,시금치(100g),채소류,나물,2000
2026-08-10,sigeumchi,시금치,시금치(100g),채소류,나물,2000
2026-08-10,sigeumchi,시금치,시금치(100g),채소류,나물,2000
2026-08-10,sigeumchi,시금치,시금치(100g),채소류,나물,2000
2026-08-10,sigeumchi,시금치,시금치(100g),채소류,나물,2000
2026-08-10,sigeumchi,시금치,시금치(100g),채소류,나물,2000
2026-08-10,sigeumchi,시금치,시금치(100g),채소류,나물,2000
2026-08-11,sigeumchi,시금치,시금치(100g),채소류,나물,2016
2026-08-11,sigeumchi,시금치,시금치(100g),채소류,나물,2016
2026-08-11,sigeumchi,시금치,시금치(100g),채소류,나물,2016
2026-08-11,sigeumchi,시금치,시금치(100g),채소류,나물,2016
2026-08-11,sigeumchi,시금치,시금치(100g),채소류,나물,2016
2026-08-11,sigeumchi,시금치,시금치(100g),채소류,나물,2016
2026-08-11,sigeumchi,시금치,시금치(100g),채소류,나물,2016
2026-08-12,sigeumchi,시금치,시금치(100g),채소류,나물,2038
2026-08-12,sigeumchi,시금치,시금치(100g),채소류,나물,2038
2026-08-12,sigeumchi,시금치,시금치(100g),채소류,나물,2038
2026-08-12,sigeumchi,시금치,시금치(100g),채소류,나물,2038
2026-08-12,sigeumchi,시금치,시금치(100g),채소류,나물,2038
2026-08-12,sigeumchi,시금치,시금치(100g),채소류,나물,2038
2026-08-12,sigeumchi,시금치,시금치(100g),채소류,나물,2038
2026-08-13,sigeumchi,시금치,시금치(100g),채소류,나물,2030
2026-08-13,sigeumchi,시금치,시금치(100g),채소류,나물,2030
2026-08-13,sigeumchi,시금치,시금치(100g),채소류,나물,2030
2026-08-13,sigeumchi,시금치,시금치(100g),채소류,나물,2030
2026-08-13,sigeumchi,시금치,시금치(100g),채소류,나물,2030
2026-08-13,sigeumchi,시금치,시금치(100g),채소류,나물,2030
2026-08-13,sigeumchi,시금치,시금치(100g),채소류,나물,2030
2026-08-14,sigeumchi,시금치,시금치(100g),채소류,나물,2108
2026-08-14,sigeumchi,시금치,시금치(100g),채소류,나물,2108
2026-08-14,sigeumchi,시금치,시금치(100g),채소류,나물,2108
2026-08-14,sigeumchi,시금치,시금치(100g),채소류,나물,2108
2026-08-14,sigeumchi,시금치,시금치(100g),채소류,나물,2108
2026-08-14,sigeumchi,시금치,시금치(100g),채소류,나물,2108
2026-08-14,sigeumchi,시금치,시금치(100g),채소류,나물,2108
2026-08-18,sigeumchi,시금치,시금치(100g),채소류,나물,2141
2026-08-18,sigeumchi,시금치,시금치(100g),채소류,나물,2141
2026-08-18,sigeumchi,시금치,시금치(100g),채소류,나물,2141
2026-08-18,sigeumchi,시금치,시금치(100g),채소류,나물,2141
2026-08-18,sigeumchi,시금치,시금치(100g),채소류,나물,2141
2026-08-18,sigeumchi,시금치,시금치(100g),채소류,나물,2141
2026-08-18,sigeumchi,시금치,시금치(100g),채소류,나물,2141
2026-08-19,sigeumchi,시금치,시금치(100g),채소류,나물,2177
2026-08-19,sigeumchi,시금치,시금치(100g),채소류,나물,2177
2026-08-19,sigeumchi,시금치,시금치(100g),채소류,나물,2177
2026-08-19,sigeumchi,시금치,시금치(100g),채소류,나물,2177
2026-08-19,sigeumchi,시금치,시금치(100g),채소류,나물,2177
2026-08-19,sigeumchi,시금치,시금치(100g),채소류,나물,2177
2026-08-19,sigeumchi,시금치,시금치(100g),채소류,나물,2177
2026-08-20,sigeumchi,시금치,시금치(100g),채소류,나물,2121
2026-08-20,sigeumchi,시금치,시금치(100g),채소류,나물,2121
2026-08-20,sigeumchi,시금치,시금치(100g),채소류,나물,2121
2026-08-20,sigeumchi,시금치,시금치(100g),채소류,나물,2121
2026-08-20,sigeumchi,시금치,시금치(100g),채소류,나물,2121
2026-08-20,sigeumchi,시금치,시금치(100g),채소류,나물,2121
2026-08-20,sigeumchi,시금치,시금치(100g),채소류,나물,2121
2026-08-21,sigeumchi,시금치,시금치(100g),채소류,나물,2095
2026-08-21,sigeumchi,시금치,시금치(100g),채소류,나물,2095
2026-08-21,sigeumchi,시금치,시금치(100g),채소류,나물,2095
2026-08-21,sigeumchi,시금치,시금치(100g),채소류,나물,2095
2026-08-21,sigeumchi,시금치,시금치(100g),채소류,나물,2095
2026-08-21,sigeumchi,시금치,시금치(100g),채소류,나물,2095
2026-08-21,sigeumchi,시금치,시금치(100g),채소류,나물,2095
2026-08-24,sigeumchi,시금치,시금치(100g),채소류,나물,2118
2026-08-24,sigeumchi,시금치,시금치(100g),채소류,나물,2118
2026-08-24,sigeumchi,시금치,시금치(100g),채소류,나물,2118
2026-08-24,sigeumchi,시금치,시금치(100g),채소류,나물,2118
2026-08-24,sigeumchi,시금치,시금치(100g),채소류,나물,2118
2026-08-24,sigeumchi,시금치,시금치(100g),채소류,나물,2118
2026-08-24,sigeumchi,시금치,시금치(100g),채소류,나물,2118
2026-08-25,sigeumchi,시금치,시금치(100g),채소류,나물,2135
2026-08-25,sigeumchi,시금치,시금치(100g),채소류,나물,2135
2026-08-25,sigeumchi,시금치,시금치(100g),채소류,나물,2135
2026-08-25,sigeumchi,시금치,시금치(100g),채소류,나물,2135
2026-08-25,sigeumchi,시금치,시금치(100g),채소류,나물,2135
2026-08-25,sigeumchi,시금치,시금치(100g),채소류,나물,2135
2026-08-25,sigeumchi,시금치,시금치(100g),채소류,나물,2135
2026-08-26,sigeumchi,시금치,시금치(100g),채소류,나물,2141
2026-08-26,sigeumchi,시금치,시금치(100g),채소류,나물,2141
2026-08-26,sigeumchi,시금치,시금치(100g),채소류,나물,2141
2026-08-26,sigeumchi,시금치,시금치(100g),채소류,나물,2141
2026-08-26,sigeumchi,시금치,시금치(100g),채소류,나물,2141
2026-08-26,sigeumchi,시금치,시금치(100g),채소류,나물,2141
2026-08-26,sigeumchi,시금치,시금치(100g),채소류,나물,2141
2026-08-27,sigeumchi,시금치,시금치(100g),채소류,나물,2216
2026-08-27,sigeumchi,시금치,시금치(100g),채소류,나물,2216
2026-08-27,sigeumchi,시금치,시금치(100g),채소류,나물,2216
2026-08-27,sigeumchi,시금치,시금치(100g),채소류,나물,2216
2026-08-27,sigeumchi,시금치,시금치(100g),채소류,나물,2216
2026-08-27,sigeumchi,시금치,시금치(100g),채소류,나물,2216
2026-08-27,sigeumchi,시금치,시금치(100g),채소류,나물,2216
2026-08-28,sigeumchi,시금치,시금치(100g),채소류,나물,2195
2026-08-28,sigeumchi,시금치,시금치(100g),채소류,나물,2195
2026-08-28,sigeumchi,시금치,시금치(100g),채소류,나물,2195
2026-08-28,sigeumchi,시금치,시금치(100g),채소류,나물,2195
2026-08-28,sigeumchi,시금치,시금치(100g),채소류,나물,2195
2026-08-28,sigeumchi,시금치,시금치(100g),채소류,나물,2195
2026-08-28,sigeumchi,시금치,시금치(100g),채소류,나물,2195
2026-08-31,sigeumchi,시금치,시금치(100g),채소류,나물,2205
2026-08-31,sigeumchi,시금치,시금치(100g),채소류,나물,2205
2026-08-31,sigeumchi,시금치,시금치(100g),채소류,나물,2205
2026-08-31,sigeumchi,시금치,시금치(100g),채소류,나물,2205
2026-08-31,sigeumchi,시금치,시금치(100g),채소류,나물,2205
2026-08-31,sigeumchi,시금치,시금치(100g),채소류,나물,2205
2026-08-31,sigeumchi,시금치,시금치(100g),채소류,나물,2205
2026-09-01,sigeumchi,시금치,시금치(100g),채소류,나물,2175
2026-09-01,sigeumchi,시금치,시금치(100g),채소류,나물,2175
2026-09-01,sigeumchi,시금치,시금치(100g),채소류,나물,2175
2026-09-01,sigeumchi,시금치,시금치(100g),채소류,나물,2175
2026-09-01,sigeumchi,시금치,시금치(100g),채소류,나물,2175
2026-09-01,sigeumchi,시금치,시금치(100g),채소류,나물,2175
2026-09-01,sigeumchi,시금치,시금치(100g),채소류,나물,2175
2026-09-02,sigeumchi,시금치,시금치(100g),채소류,나물,2183
2026-09-02,sigeumchi,시금치,시금치(100g),채소류,나물,2183
2026-09-02,sigeumchi,시금치,시금치(100g),채소류,나물,2183
2026-09-02,sigeumchi,시금치,시금치(100g),채소류,나물,2183
2026-09-02,sigeumchi,시금치,시금치(100g),채소류,나물,2183
2026-09-02,sigeumchi,시금치,시금치(100g),채소류,나물,2183
2026-09-02,sigeumchi,시금치,시금치(100g),채소류,나물,2183
2026-09-03,sigeumchi,시금치,시금치(100g),채소류,나물,2445
2026-09-03,sigeumchi,시금치,시금치(100g),채소류,나물,2445
2026-09-03,sigeumchi,시금치,시금치(100g),채소류,나물,2445
2026-09-03,sigeumchi,시금치,시금치(100g),채소류,나물,2445
2026-09-03,sigeumchi,시금치,시금치(100g),채소류,나물,2445
2026-09-03,sigeumchi,시금치,시금치(100g),채소류,나물,2445
2026-09-03,sigeumchi,시금치,시금치(100g),채소류,나물,2445
2026-09-04,sigeumchi,시금치,시금치(100g),채소류,나물,2440
2026-09-04,sigeumchi,시금치,시금치(100g),채소류,나물,2440
2026-09-04,sigeumchi,시금치,시금치(100g),채소류,나물,2440
2026-09-04,sigeumchi,시금치,시금치(100g),채소류,나물,2440
2026-09-04,sigeumchi,시금치,시금치(100g),채소류,나물,2440
2026-09-04,sigeumchi,시금치,시금치(100g),채소류,나물,2440
2026-09-04,sigeumchi,시금치,시금치(100g),채소류,나물,2440
2026-09-07,sigeumchi,시금치,시금치(100g),채소류,나물,2395
2026-09-07,sigeumchi,시금치,시금치(100g),채소류,나물,2395
2026-09-07,sigeumchi,시금치,시금치(100g),채소류,나물,2395
2026-09-07,sigeumchi,시금치,시금치(100g),채소류,나물,2395
2026-09-07,sigeumchi,시금치,시금치(100g),채소류,나물,2395
2026-09-07,sigeumchi,시금치,시금치(100g),채소류,나물,2395
2026-09-07,sigeumchi,시금치,시금치(100g),채소류,나물,2395
2026-09-08,sigeumchi,시금치,시금치(100g),채소류,나물,2399
2026-09-08,sigeumchi,시금치,시금치(100g),채소류,나물,2399
2026-09-08,sigeumchi,시금치,시금치(100g),채소류,나물,2399
2026-09-08,sigeumchi,시금치,시금치(100g),채소류,나물,2399
2026-09-08,sigeumchi,시금치,시금치(100g),채소류,나물,2399
2026-09-08,sigeumchi,시금치,시금치(100g),채소류,나물,2399
2026-09-08,sigeumchi,시금치,시금치(100g),채소류,나물,2399
2026-09-09,sigeumchi,시금치,시금치(100g),채소류,나물,2404
2026-09-09,sigeumchi,시금치,시금치(100g),채소류,나물,2404
2026-09-09,sigeumchi,시금치,시금치(100g),채소류,나물,2404
2026-09-09,sigeumchi,시금치,시금치(100g),채소류,나물,2404
2026-09-09,sigeumchi,시금치,시금치(100g),채소류,나물,2404
2026-09-09,sigeumchi,시금치,시금치(100g),채소류,나물,2404
2026-09-09,sigeumchi,시금치,시금치(100g),채소류,나물,2404
2026-09-10,sigeumchi,시금치,시금치(100g),채소류,나물,2188
2026-09-10,sigeumchi,시금치,시금치(100g),채소류,나물,2188
2026-09-10,sigeumchi,시금치,시금치(100g),채소류,나물,2188
2026-09-10,sigeumchi,시금치,시금치(100g),채소류,나물,2188
2026-09-10,sigeumchi,시금치,시금치(100g),채소류,나물,2188
2026-09-10,sigeumchi,시금치,시금치(100g),채소류,나물,2188
2025-09-10,yangpa,양파,양파(1kg),채소류,양념·대조군,2270
2025-09-11,yangpa,양파,양파(1kg),채소류,양념·대조군,1877
2025-09-12,yangpa,양파,양파(1kg),채소류,양념·대조군,1913
2025-09-15,yangpa,양파,양파(1kg),채소류,양념·대조군,2115
2025-09-16,yangpa,양파,양파(1kg),채소류,양념·대조군,2116
2025-09-17,yangpa,양파,양파(1kg),채소류,양념·대조군,2118
2025-09-18,yangpa,양파,양파(1kg),채소류,양념·대조군,1975
2025-09-19,yangpa,양파,양파(1kg),채소류,양념·대조군,1977
2025-09-22,yangpa,양파,양파(1kg),채소류,양념·대조군,1922
2025-09-23,yangpa,양파,양파(1kg),채소류,양념·대조군,1900
2025-09-24,yangpa,양파,양파(1kg),채소류,양념·대조군,1915
2025-09-25,yangpa,양파,양파(1kg),채소류,양념·대조군,1724
2025-09-26,yangpa,양파,양파(1kg),채소류,양념·대조군,1730
2025-09-29,yangpa,양파,양파(1kg),채소류,양념·대조군,1854
2025-09-30,yangpa,양파,양파(1kg),채소류,양념·대조군,1850
2025-10-01,yangpa,양파,양파(1kg),채소류,양념·대조군,1845
2025-10-02,yangpa,양파,양파(1kg),채소류,양념·대조군,1846
2025-10-10,yangpa,양파,양파(1kg),채소류,양념·대조군,2091
2025-10-13,yangpa,양파,양파(1kg),채소류,양념·대조군,2171
2025-10-14,yangpa,양파,양파(1kg),채소류,양념·대조군,2263
2025-10-15,yangpa,양파,양파(1kg),채소류,양념·대조군,2333
2025-10-16,yangpa,양파,양파(1kg),채소류,양념·대조군,2366
2025-10-17,yangpa,양파,양파(1kg),채소류,양념·대조군,2345
2025-10-20,yangpa,양파,양파(1kg),채소류,양념·대조군,2355
2025-10-21,yangpa,양파,양파(1kg),채소류,양념·대조군,2355
2025-10-22,yangpa,양파,양파(1kg),채소류,양념·대조군,2350
2025-10-23,yangpa,양파,양파(1kg),채소류,양념·대조군,2194
2025-10-24,yangpa,양파,양파(1kg),채소류,양념·대조군,2155
2025-10-27,yangpa,양파,양파(1kg),채소류,양념·대조군,2277
2025-10-28,yangpa,양파,양파(1kg),채소류,양념·대조군,2262
2025-10-29,yangpa,양파,양파(1kg),채소류,양념·대조군,2278
2025-10-30,yangpa,양파,양파(1kg),채소류,양념·대조군,2069
2025-10-31,yangpa,양파,양파(1kg),채소류,양념·대조군,2040
2025-11-03,yangpa,양파,양파(1kg),채소류,양념·대조군,2066
2025-11-04,yangpa,양파,양파(1kg),채소류,양념·대조군,2082
2025-11-05,yangpa,양파,양파(1kg),채소류,양념·대조군,2082
2025-11-06,yangpa,양파,양파(1kg),채소류,양념·대조군,1935
2025-11-07,yangpa,양파,양파(1kg),채소류,양념·대조군,1934
2025-11-10,yangpa,양파,양파(1kg),채소류,양념·대조군,1951
2025-11-11,yangpa,양파,양파(1kg),채소류,양념·대조군,1947
2025-11-12,yangpa,양파,양파(1kg),채소류,양념·대조군,1950
2025-11-13,yangpa,양파,양파(1kg),채소류,양념·대조군,1916
2025-11-14,yangpa,양파,양파(1kg),채소류,양념·대조군,1929
2025-11-17,yangpa,양파,양파(1kg),채소류,양념·대조군,1922
2025-11-18,yangpa,양파,양파(1kg),채소류,양념·대조군,1949
2025-11-19,yangpa,양파,양파(1kg),채소류,양념·대조군,1946
2025-11-20,yangpa,양파,양파(1kg),채소류,양념·대조군,1806
2025-11-21,yangpa,양파,양파(1kg),채소류,양념·대조군,1804
2025-11-24,yangpa,양파,양파(1kg),채소류,양념·대조군,1800
2025-11-25,yangpa,양파,양파(1kg),채소류,양념·대조군,1788
2025-11-26,yangpa,양파,양파(1kg),채소류,양념·대조군,1790
2025-11-27,yangpa,양파,양파(1kg),채소류,양념·대조군,1905
2025-11-28,yangpa,양파,양파(1kg),채소류,양념·대조군,1881
2025-12-01,yangpa,양파,양파(1kg),채소류,양념·대조군,1887
2025-12-02,yangpa,양파,양파(1kg),채소류,양념·대조군,1948
2025-12-03,yangpa,양파,양파(1kg),채소류,양념·대조군,1959
2025-12-04,yangpa,양파,양파(1kg),채소류,양념·대조군,2115
2025-12-08,yangpa,양파,양파(1kg),채소류,양념·대조군,2130
2025-12-09,yangpa,양파,양파(1kg),채소류,양념·대조군,2187
2025-12-10,yangpa,양파,양파(1kg),채소류,양념·대조군,2200
2025-12-11,yangpa,양파,양파(1kg),채소류,양념·대조군,2253
2025-12-12,yangpa,양파,양파(1kg),채소류,양념·대조군,2259
2025-12-15,yangpa,양파,양파(1kg),채소류,양념·대조군,2252
2025-12-16,yangpa,양파,양파(1kg),채소류,양념·대조군,2265
2025-12-17,yangpa,양파,양파(1kg),채소류,양념·대조군,2246
2025-12-18,yangpa,양파,양파(1kg),채소류,양념·대조군,1839
2025-12-19,yangpa,양파,양파(1kg),채소류,양념·대조군,1843
2025-12-22,yangpa,양파,양파(1kg),채소류,양념·대조군,1838
2025-12-23,yangpa,양파,양파(1kg),채소류,양념·대조군,1826
2025-12-24,yangpa,양파,양파(1kg),채소류,양념·대조군,1893
2025-12-26,yangpa,양파,양파(1kg),채소류,양념·대조군,2022
2025-12-29,yangpa,양파,양파(1kg),채소류,양념·대조군,2019
2025-12-30,yangpa,양파,양파(1kg),채소류,양념·대조군,2033
2025-12-31,yangpa,양파,양파(1kg),채소류,양념·대조군,2144
2026-01-02,yangpa,양파,양파(1kg),채소류,양념·대조군,2389
2026-01-05,yangpa,양파,양파(1kg),채소류,양념·대조군,2220
2026-01-06,yangpa,양파,양파(1kg),채소류,양념·대조군,2359
2026-01-07,yangpa,양파,양파(1kg),채소류,양념·대조군,2351
2026-01-08,yangpa,양파,양파(1kg),채소류,양념·대조군,2296
2026-01-09,yangpa,양파,양파(1kg),채소류,양념·대조군,2228
2026-01-12,yangpa,양파,양파(1kg),채소류,양념·대조군,2323
2026-01-13,yangpa,양파,양파(1kg),채소류,양념·대조군,2369
2026-01-14,yangpa,양파,양파(1kg),채소류,양념·대조군,2381
2026-01-15,yangpa,양파,양파(1kg),채소류,양념·대조군,2372
2026-01-16,yangpa,양파,양파(1kg),채소류,양념·대조군,2382
2026-01-19,yangpa,양파,양파(1kg),채소류,양념·대조군,2388
2026-01-20,yangpa,양파,양파(1kg),채소류,양념·대조군,2387
2026-01-21,yangpa,양파,양파(1kg),채소류,양념·대조군,2423
2026-01-22,yangpa,양파,양파(1kg),채소류,양념·대조군,2422
2026-01-23,yangpa,양파,양파(1kg),채소류,양념·대조군,2392
2026-01-26,yangpa,양파,양파(1kg),채소류,양념·대조군,2353
2026-01-27,yangpa,양파,양파(1kg),채소류,양념·대조군,2357
2026-01-28,yangpa,양파,양파(1kg),채소류,양념·대조군,2350
2026-01-29,yangpa,양파,양파(1kg),채소류,양념·대조군,2298
2026-01-30,yangpa,양파,양파(1kg),채소류,양념·대조군,2287
2026-02-02,yangpa,양파,양파(1kg),채소류,양념·대조군,2348
2026-02-03,yangpa,양파,양파(1kg),채소류,양념·대조군,2343
2026-02-04,yangpa,양파,양파(1kg),채소류,양념·대조군,2341
2026-02-05,yangpa,양파,양파(1kg),채소류,양념·대조군,2103
2026-02-06,yangpa,양파,양파(1kg),채소류,양념·대조군,2099
2026-02-09,yangpa,양파,양파(1kg),채소류,양념·대조군,2124
2026-02-10,yangpa,양파,양파(1kg),채소류,양념·대조군,2149
2026-02-11,yangpa,양파,양파(1kg),채소류,양념·대조군,2145
2026-02-12,yangpa,양파,양파(1kg),채소류,양념·대조군,1977
2026-02-13,yangpa,양파,양파(1kg),채소류,양념·대조군,1981
2026-02-19,yangpa,양파,양파(1kg),채소류,양념·대조군,2376
2026-02-20,yangpa,양파,양파(1kg),채소류,양념·대조군,2376
2026-02-23,yangpa,양파,양파(1kg),채소류,양념·대조군,2304
2026-02-24,yangpa,양파,양파(1kg),채소류,양념·대조군,2300
2026-02-25,yangpa,양파,양파(1kg),채소류,양념·대조군,2292
2026-02-26,yangpa,양파,양파(1kg),채소류,양념·대조군,2317
2026-02-27,yangpa,양파,양파(1kg),채소류,양념·대조군,2312
2026-03-03,yangpa,양파,양파(1kg),채소류,양념·대조군,2395
2026-03-04,yangpa,양파,양파(1kg),채소류,양념·대조군,2373
2026-03-05,yangpa,양파,양파(1kg),채소류,양념·대조군,2303
2026-03-06,yangpa,양파,양파(1kg),채소류,양념·대조군,2239
2026-03-09,yangpa,양파,양파(1kg),채소류,양념·대조군,2394
2026-03-10,yangpa,양파,양파(1kg),채소류,양념·대조군,2410
2026-03-11,yangpa,양파,양파(1kg),채소류,양념·대조군,2389
2026-03-12,yangpa,양파,양파(1kg),채소류,양념·대조군,2215
2026-03-13,yangpa,양파,양파(1kg),채소류,양념·대조군,2210
2026-03-16,yangpa,양파,양파(1kg),채소류,양념·대조군,2178
2026-03-17,yangpa,양파,양파(1kg),채소류,양념·대조군,2188
2026-03-18,yangpa,양파,양파(1kg),채소류,양념·대조군,2195
2026-03-19,yangpa,양파,양파(1kg),채소류,양념·대조군,2029
2026-03-20,yangpa,양파,양파(1kg),채소류,양념·대조군,2020
2026-03-23,yangpa,양파,양파(1kg),채소류,양념·대조군,2007
2026-03-24,yangpa,양파,양파(1kg),채소류,양념·대조군,1999
2026-03-25,yangpa,양파,양파(1kg),채소류,양념·대조군,1994
2026-03-26,yangpa,양파,양파(1kg),채소류,양념·대조군,1903
2026-03-27,yangpa,양파,양파(1kg),채소류,양념·대조군,1885
2026-03-30,yangpa,양파,양파(1kg),채소류,양념·대조군,1880
2026-03-31,yangpa,양파,양파(1kg),채소류,양념·대조군,1875
2026-04-01,yangpa,양파,양파(1kg),채소류,양념·대조군,1841
2026-04-02,yangpa,양파,양파(1kg),채소류,양념·대조군,1882
2026-04-03,yangpa,양파,양파(1kg),채소류,양념·대조군,1873
2026-04-06,yangpa,양파,양파(1kg),채소류,양념·대조군,1920
2026-04-07,yangpa,양파,양파(1kg),채소류,양념·대조군,1891
2026-04-08,yangpa,양파,양파(1kg),채소류,양념·대조군,1864
2026-04-09,yangpa,양파,양파(1kg),채소류,양념·대조군,2075
2026-04-10,yangpa,양파,양파(1kg),채소류,양념·대조군,2002
2026-04-13,yangpa,양파,양파(1kg),채소류,양념·대조군,2013
2026-04-14,yangpa,양파,양파(1kg),채소류,양념·대조군,2013
2026-04-15,yangpa,양파,양파(1kg),채소류,양념·대조군,1994
2026-04-16,yangpa,양파,양파(1kg),채소류,양념·대조군,2028
2026-04-17,yangpa,양파,양파(1kg),채소류,양념·대조군,2053
2026-04-20,yangpa,양파,양파(1kg),채소류,양념·대조군,2152
2026-04-21,yangpa,양파,양파(1kg),채소류,양념·대조군,2121
2026-04-22,yangpa,양파,양파(1kg),채소류,양념·대조군,2090
2026-04-23,yangpa,양파,양파(1kg),채소류,양념·대조군,1957
2026-04-24,yangpa,양파,양파(1kg),채소류,양념·대조군,1954
2026-04-27,yangpa,양파,양파(1kg),채소류,양념·대조군,1956
2026-04-28,yangpa,양파,양파(1kg),채소류,양념·대조군,1954
2026-04-29,yangpa,양파,양파(1kg),채소류,양념·대조군,1955
2026-04-30,yangpa,양파,양파(1kg),채소류,양념·대조군,1839
2026-05-04,yangpa,양파,양파(1kg),채소류,양념·대조군,1826
2026-05-06,yangpa,양파,양파(1kg),채소류,양념·대조군,1948
2026-05-07,yangpa,양파,양파(1kg),채소류,양념·대조군,1900
2026-05-08,yangpa,양파,양파(1kg),채소류,양념·대조군,1886
2026-05-11,yangpa,양파,양파(1kg),채소류,양념·대조군,1860
2026-05-12,yangpa,양파,양파(1kg),채소류,양념·대조군,1853
2026-05-13,yangpa,양파,양파(1kg),채소류,양념·대조군,1844
2026-05-14,yangpa,양파,양파(1kg),채소류,양념·대조군,1895
2026-05-15,yangpa,양파,양파(1kg),채소류,양념·대조군,1874
2026-05-18,yangpa,양파,양파(1kg),채소류,양념·대조군,1880
2026-05-19,yangpa,양파,양파(1kg),채소류,양념·대조군,1893
2026-05-20,yangpa,양파,양파(1kg),채소류,양념·대조군,1881
2026-05-21,yangpa,양파,양파(1kg),채소류,양념·대조군,1838
2026-05-22,yangpa,양파,양파(1kg),채소류,양념·대조군,1822
2026-05-26,yangpa,양파,양파(1kg),채소류,양념·대조군,1821
2026-05-27,yangpa,양파,양파(1kg),채소류,양념·대조군,1833
2026-05-28,yangpa,양파,양파(1kg),채소류,양념·대조군,1799
2026-05-29,yangpa,양파,양파(1kg),채소류,양념·대조군,1814
2026-06-01,yangpa,양파,양파(1kg),채소류,양념·대조군,1831
2026-06-02,yangpa,양파,양파(1kg),채소류,양념·대조군,1822
2026-06-04,yangpa,양파,양파(1kg),채소류,양념·대조군,1758
2026-06-05,yangpa,양파,양파(1kg),채소류,양념·대조군,1724
2026-06-08,yangpa,양파,양파(1kg),채소류,양념·대조군,1749
2026-06-09,yangpa,양파,양파(1kg),채소류,양념·대조군,1788
2026-06-10,yangpa,양파,양파(1kg),채소류,양념·대조군,1826
2026-06-11,yangpa,양파,양파(1kg),채소류,양념·대조군,1830
2026-06-12,yangpa,양파,양파(1kg),채소류,양념·대조군,1842
2026-06-15,yangpa,양파,양파(1kg),채소류,양념·대조군,1844
2026-06-16,yangpa,양파,양파(1kg),채소류,양념·대조군,1854
2026-06-17,yangpa,양파,양파(1kg),채소류,양념·대조군,1854
2026-06-18,yangpa,양파,양파(1kg),채소류,양념·대조군,1876
2026-06-19,yangpa,양파,양파(1kg),채소류,양념·대조군,1830
2026-06-22,yangpa,양파,양파(1kg),채소류,양념·대조군,1820
2026-06-23,yangpa,양파,양파(1kg),채소류,양념·대조군,1823
2026-06-24,yangpa,양파,양파(1kg),채소류,양념·대조군,1837
2026-06-25,yangpa,양파,양파(1kg),채소류,양념·대조군,1778
2026-06-26,yangpa,양파,양파(1kg),채소류,양념·대조군,1778
2026-06-29,yangpa,양파,양파(1kg),채소류,양념·대조군,1818
2026-06-30,yangpa,양파,양파(1kg),채소류,양념·대조군,1814
2026-07-01,yangpa,양파,양파(1kg),채소류,양념·대조군,1830
2026-07-02,yangpa,양파,양파(1kg),채소류,양념·대조군,1724
2026-07-03,yangpa,양파,양파(1kg),채소류,양념·대조군,1742
2026-07-06,yangpa,양파,양파(1kg),채소류,양념·대조군,1743
2026-07-07,yangpa,양파,양파(1kg),채소류,양념·대조군,1683
2026-07-08,yangpa,양파,양파(1kg),채소류,양념·대조군,1676
2026-07-09,yangpa,양파,양파(1kg),채소류,양념·대조군,1633
2026-07-10,yangpa,양파,양파(1kg),채소류,양념·대조군,1618
2026-07-13,yangpa,양파,양파(1kg),채소류,양념·대조군,1622
2026-07-14,yangpa,양파,양파(1kg),채소류,양념·대조군,1647
2026-07-15,yangpa,양파,양파(1kg),채소류,양념·대조군,1658
2026-07-16,yangpa,양파,양파(1kg),채소류,양념·대조군,1555
2026-07-20,yangpa,양파,양파(1kg),채소류,양념·대조군,1537
2026-07-21,yangpa,양파,양파(1kg),채소류,양념·대조군,1544
2026-07-22,yangpa,양파,양파(1kg),채소류,양념·대조군,1603
2026-07-23,yangpa,양파,양파(1kg),채소류,양념·대조군,1713
2026-07-24,yangpa,양파,양파(1kg),채소류,양념·대조군,1720
2026-07-27,yangpa,양파,양파(1kg),채소류,양념·대조군,1735
2026-07-28,yangpa,양파,양파(1kg),채소류,양념·대조군,1821
2026-07-29,yangpa,양파,양파(1kg),채소류,양념·대조군,1830
2026-07-30,yangpa,양파,양파(1kg),채소류,양념·대조군,1876
2026-07-31,yangpa,양파,양파(1kg),채소류,양념·대조군,1874
2026-08-03,yangpa,양파,양파(1kg),채소류,양념·대조군,1913
2026-08-04,yangpa,양파,양파(1kg),채소류,양념·대조군,1907
2026-08-05,yangpa,양파,양파(1kg),채소류,양념·대조군,1874
2026-08-06,yangpa,양파,양파(1kg),채소류,양념·대조군,1816
2026-08-07,yangpa,양파,양파(1kg),채소류,양념·대조군,1797
2026-08-10,yangpa,양파,양파(1kg),채소류,양념·대조군,1783
2026-08-11,yangpa,양파,양파(1kg),채소류,양념·대조군,1766
2026-08-12,yangpa,양파,양파(1kg),채소류,양념·대조군,1767
2026-08-13,yangpa,양파,양파(1kg),채소류,양념·대조군,1819
2026-08-14,yangpa,양파,양파(1kg),채소류,양념·대조군,1961
2026-08-18,yangpa,양파,양파(1kg),채소류,양념·대조군,1983
2026-08-19,yangpa,양파,양파(1kg),채소류,양념·대조군,1989
2026-08-20,yangpa,양파,양파(1kg),채소류,양념·대조군,1995
2026-08-21,yangpa,양파,양파(1kg),채소류,양념·대조군,1993
2026-08-24,yangpa,양파,양파(1kg),채소류,양념·대조군,1974
2026-08-25,yangpa,양파,양파(1kg),채소류,양념·대조군,1980
2026-08-26,yangpa,양파,양파(1kg),채소류,양념·대조군,1983
2026-08-27,yangpa,양파,양파(1kg),채소류,양념·대조군,2005
2026-08-28,yangpa,양파,양파(1kg),채소류,양념·대조군,2006
2026-08-31,yangpa,양파,양파(1kg),채소류,양념·대조군,2015
2026-09-01,yangpa,양파,양파(1kg),채소류,양념·대조군,2025
2026-09-02,yangpa,양파,양파(1kg),채소류,양념·대조군,2031
2026-09-03,yangpa,양파,양파(1kg),채소류,양념·대조군,1718
2026-09-04,yangpa,양파,양파(1kg),채소류,양념·대조군,1711
2026-09-07,yangpa,양파,양파(1kg),채소류,양념·대조군,1800
2026-09-08,yangpa,양파,양파(1kg),채소류,양념·대조군,1851
2026-09-09,yangpa,양파,양파(1kg),채소류,양념·대조군,1869
